"Generated from:","https://data.demandlogic.co.uk/apps/assets/3bcbe89e-bbbf-11ef-a598-0242ac110002/?tab=operation","","","","","","","","","","","","","","","","","","",""
"Units:","°C","","","","","","","","","","","","","","","","","","",""
"Period frequency:","5-minutely","","","","","","","","","","","","","","","","","","",""
"From:","2026-04-26 15:21+01:00","","","","","","","","","","","","","","","","","","",""
"Until:","2026-04-27 15:21+01:00","","","","","","","","","","","","","","","","","","",""
"","https://data.demandlogic.co.uk/apps/assets/3bcd9874-bbbf-11ef-a598-0242ac110002/","https://data.demandlogic.co.uk/apps/assets/3bcd4d9c-bbbf-11ef-a598-0242ac110002/","https://data.demandlogic.co.uk/apps/assets/3bcd03fa-bbbf-11ef-a598-0242ac110002/","https://data.demandlogic.co.uk/apps/assets/3bca4da4-bbbf-11ef-a598-0242ac110002/","https://data.demandlogic.co.uk/apps/assets/3bcd9874-bbbf-11ef-a598-0242ac110002/","https://data.demandlogic.co.uk/apps/assets/3bcd4d9c-bbbf-11ef-a598-0242ac110002/","https://data.demandlogic.co.uk/apps/assets/3bcd03fa-bbbf-11ef-a598-0242ac110002/","https://data.demandlogic.co.uk/apps/assets/3bca4da4-bbbf-11ef-a598-0242ac110002/","https://data.demandlogic.co.uk/apps/assets/3bcd9874-bbbf-11ef-a598-0242ac110002/","https://data.demandlogic.co.uk/apps/assets/3bcd4d9c-bbbf-11ef-a598-0242ac110002/","https://data.demandlogic.co.uk/apps/assets/3bcd03fa-bbbf-11ef-a598-0242ac110002/","https://data.demandlogic.co.uk/apps/assets/3bca4da4-bbbf-11ef-a598-0242ac110002/","https://data.demandlogic.co.uk/apps/assets/3bcd9874-bbbf-11ef-a598-0242ac110002/","https://data.demandlogic.co.uk/apps/assets/3bcd4d9c-bbbf-11ef-a598-0242ac110002/","https://data.demandlogic.co.uk/apps/assets/3bcd03fa-bbbf-11ef-a598-0242ac110002/","https://data.demandlogic.co.uk/apps/assets/3bca4da4-bbbf-11ef-a598-0242ac110002/","https://data.demandlogic.co.uk/apps/assets/3bcd9874-bbbf-11ef-a598-0242ac110002/","https://data.demandlogic.co.uk/apps/assets/3bcd4d9c-bbbf-11ef-a598-0242ac110002/","https://data.demandlogic.co.uk/apps/assets/3bcd03fa-bbbf-11ef-a598-0242ac110002/","https://data.demandlogic.co.uk/apps/assets/3bca4da4-bbbf-11ef-a598-0242ac110002/"
"Period","AHU 2 Exhaust Control Temperature","AHU 2 Extract Control Temperature","AHU 2 Intake Control Temperature","AHU 2 Supply Control Temperature","AHU 2 Exhaust Cooling Setpoint","AHU 2 Extract Cooling Setpoint","AHU 2 Intake Cooling Setpoint","AHU 2 Supply Cooling Setpoint","AHU 2 Exhaust Entering Temperature","AHU 2 Extract Entering Temperature","AHU 2 Intake Entering Temperature","AHU 2 Supply Entering Temperature","AHU 2 Exhaust Heating Setpoint","AHU 2 Extract Heating Setpoint","AHU 2 Intake Heating Setpoint","AHU 2 Supply Heating Setpoint","AHU 2 Exhaust Leaving Temperature","AHU 2 Extract Leaving Temperature","AHU 2 Intake Leaving Temperature","AHU 2 Supply Leaving Temperature"
"2026-04-26 15:25","","","","21.837716948","","","","22","","22.63944423","20.597814501","","","","","20","","22.63944423","20.597814501","21.837716948"
"2026-04-26 15:30","","","","21.864595361","","","","22","","22.701273383","20.658435949","","","","","20","","22.701273383","20.658435949","21.864595361"
"2026-04-26 15:35","","","","21.899436544","","","","22","","22.75399548","20.716913687","","","","","20","","22.75399548","20.716913687","21.899436544"
"2026-04-26 15:40","","","","21.935997008","","","","22","","22.804751227","20.774928566","","","","","20","","22.804751227","20.774928566","21.935997008"
"2026-04-26 15:45","","","","21.972557473","","","","22","","22.855506974","20.832943444","","","","","20","","22.855506974","20.832943444","21.972557473"
"2026-04-26 15:50","","","","22.009117938","","","","22","","22.906262721","20.890958323","","","","","20","","22.906262721","20.890958323","22.009117938"
"2026-04-26 15:55","","","","22.045678403","","","","22","","22.957018467","20.948973201","","","","","20","","22.957018467","20.948973201","22.045678403"
"2026-04-26 16:00","","","","22.079402571","","","","22","","23.001313265","21.004993256","","","","","20","","23.001313265","21.004993256","22.079402571"
"2026-04-26 16:05","","","","22.090540118","","","","22","","22.994156811","21.045127685","","","","","20","","22.994156811","21.045127685","22.090540118"
"2026-04-26 16:10","","","","22.096802076","","","","22","","22.975893998","21.081833015","","","","","20","","22.975893998","21.081833015","22.096802076"
"2026-04-26 16:15","","","","22.103064035","","","","22","","22.957631185","21.118538345","","","","","20","","22.957631185","21.118538345","22.103064035"
"2026-04-26 16:20","","","","22.109325993","","","","22","","22.939368372","21.155243675","","","","","20","","22.939368372","21.155243675","22.109325993"
"2026-04-26 16:25","","","","22.115587951","","","","22","","22.921105559","21.191949005","","","","","20","","22.921105559","21.191949005","22.115587951"
"2026-04-26 16:30","","","","22.122238838","","","","22","","22.903500536","21.227748963","","","","","20","","22.903500536","21.227748963","22.122238838"
"2026-04-26 16:35","","","","22.133009096","","","","22","","22.892862556","21.253959579","","","","","20","","22.892862556","21.253959579","22.133009096"
"2026-04-26 16:40","","","","22.14488581","","","","22","","22.884095913","21.277594514","","","","","20","","22.884095913","21.277594514","22.14488581"
"2026-04-26 16:45","","","","22.156762525","","","","22","","22.875329269","21.301229449","","","","","20","","22.875329269","21.301229449","22.156762525"
"2026-04-26 16:50","","","","22.168639239","","","","22","","22.866562626","21.324864383","","","","","20","","22.866562626","21.324864383","22.168639239"
"2026-04-26 16:55","","","","22.180515954","","","","22","","22.857795983","21.348499318","","","","","20","","22.857795983","21.348499318","22.180515954"
"2026-04-26 17:00","","","","22.192416816","","","","22","","22.847974987","21.370761853","","","","","20","","22.847974987","21.370761853","22.192416816"
"2026-04-26 17:05","","","","22.204510077","","","","22","","22.829753384","21.382089733","","","","","20","","22.829753384","21.382089733","22.204510077"
"2026-04-26 17:10","","","","22.216644887","","","","22","","22.809717628","21.391056218","","","","","20","","22.809717628","21.391056218","22.216644887"
"2026-04-26 17:15","","","","22.228779697","","","","22","","22.789681872","21.400022703","","","","","20","","22.789681872","21.400022703","22.228779697"
"2026-04-26 17:20","","","","22.240914507","","","","22","","22.769646116","21.408989188","","","","","20","","22.769646116","21.408989188","22.240914507"
"2026-04-26 17:25","","","","22.253049318","","","","22","","22.74961036","21.417955672","","","","","20","","22.74961036","21.417955672","22.253049318"
"2026-04-26 17:30","","","","22.263869724","","","","22","","22.726652466","21.425685053","","","","","20","","22.726652466","21.425685053","22.263869724"
"2026-04-26 17:35","","","","22.264208864","","","","22","","22.680392984","21.423549566","","","","","20","","22.680392984","21.423549566","22.264208864"
"2026-04-26 17:40","","","","22.262282954","","","","22","","22.629097923","21.419282237","","","","","20","","22.629097923","21.419282237","22.262282954"
"2026-04-26 17:45","","","","22.260357045","","","","22","","22.577802863","21.415014907","","","","","20","","22.577802863","21.415014907","22.260357045"
"2026-04-26 17:50","","","","22.258431136","","","","22","","22.526507802","21.410747578","","","","","20","","22.526507802","21.410747578","22.258431136"
"2026-04-26 17:55","","","","22.256505226","","","","22","","22.475212741","21.406480248","","","","","20","","22.475212741","21.406480248","22.256505226"
"2026-04-26 18:00","","","","22.255471423","","","","22","","22.424005021","21.399087938","","","","","20","","22.424005021","21.399087938","22.255471423"
"2026-04-26 18:05","","","","22.26153931","","","","22","","22.373492582","21.366818933","","","","","20","","22.373492582","21.366818933","22.26153931"
"2026-04-26 18:10","","","","22.269139727","","","","22","","22.323130185","21.329181592","","","","","20","","22.323130185","21.329181592","22.269139727"
"2026-04-26 18:15","","","","22.276740143","","","","22","","22.272767787","21.291544251","","","","","20","","22.272767787","21.291544251","22.276740143"
"2026-04-26 18:20","","","","22.28434056","","","","22","","22.222405389","21.25390691","","","","","20","","22.222405389","21.25390691","22.28434056"
"2026-04-26 18:25","","","","22.291940977","","","","22","","22.172042992","21.216269569","","","","","20","","22.172042992","21.216269569","22.291940977"
"2026-04-26 18:30","","","","22.297705209","","","","22","","22.122706971","21.178681988","","","","","20","","22.122706971","21.178681988","22.297705209"
"2026-04-26 18:35","","","","22.284001412","","","","22","","22.084253044","21.141621992","","","","","20","","22.084253044","21.141621992","22.284001412"
"2026-04-26 18:40","","","","22.265064776","","","","22","","22.048724131","21.104703806","","","","","20","","22.048724131","21.104703806","22.265064776"
"2026-04-26 18:45","","","","22.24612814","","","","22","","22.013195218","21.06778562","","","","","20","","22.013195218","21.06778562","22.24612814"
"2026-04-26 18:50","","","","22.227191504","","","","22","","21.977666305","21.030867433","","","","","20","","21.977666305","21.030867433","22.227191504"
"2026-04-26 18:55","","","","22.208254869","","","","22","","21.942137392","20.993949247","","","","","20","","21.942137392","20.993949247","22.208254869"
"2026-04-26 19:00","","","","22.189303696","","","","22","","21.906619055","20.956305069","","","","","20","","21.906619055","20.956305069","22.189303696"
"2026-04-26 19:05","","","","22.170236804","","","","22","","21.871184904","20.912881992","","","","","20","","21.871184904","20.912881992","22.170236804"
"2026-04-26 19:10","","","","22.151144942","","","","22","","21.835768919","20.868211919","","","","","20","","21.835768919","20.868211919","22.151144942"
"2026-04-26 19:15","","","","22.132053081","","","","22","","21.800352934","20.823541846","","","","","20","","21.800352934","20.823541846","22.132053081"
"2026-04-26 19:20","","","","22.112961219","","","","22","","21.764936949","20.778871773","","","","","20","","21.764936949","20.778871773","22.112961219"
"2026-04-26 19:25","","","","22.093869358","","","","22","","21.729520964","20.7342017","","","","","20","","21.729520964","20.7342017","22.093869358"
"2026-04-26 19:30","","","","22.076212113","","","","22","","21.691587919","20.690194306","","","","","20","","21.691587919","20.690194306","22.076212113"
"2026-04-26 19:35","","","","22.069955175","","","","22","","21.633652838","20.65145295","","","","","20","","21.633652838","20.65145295","22.069955175"
"2026-04-26 19:40","","","","22.066154782","","","","22","","21.571407705","20.613846324","","","","","20","","21.571407705","20.613846324","22.066154782"
"2026-04-26 19:45","","","","22.06235439","","","","22","","21.509162573","20.576239697","","","","","20","","21.509162573","20.576239697","22.06235439"
"2026-04-26 19:50","","","","22.058553997","","","","22","","21.44691744","20.538633071","","","","","20","","21.44691744","20.538633071","22.058553997"
"2026-04-26 19:55","","","","22.054753605","","","","22","","21.384672307","20.501026445","","","","","20","","21.384672307","20.501026445","22.054753605"
"2026-04-26 20:00","","","","22.049369574","","","","22","","21.322534698","20.462492099","","","","","20","","21.322534698","20.462492099","22.049369574"
"2026-04-26 20:05","","","","22.031344814","","","","22","","21.261255351","20.416552622","","","","","20","","21.261255351","20.416552622","22.031344814"
"2026-04-26 20:10","","","","22.010586074","","","","22","","21.200161631","20.369011539","","","","","20","","21.200161631","20.369011539","22.010586074"
"2026-04-26 20:15","","","","21.989827334","","","","22","","21.139067911","20.321470455","","","","","20","","21.139067911","20.321470455","21.989827334"
"2026-04-26 20:20","","","","21.969068594","","","","22","","21.077974191","20.273929371","","","","","20","","21.077974191","20.273929371","21.969068594"
"2026-04-26 20:25","","","","21.948309854","","","","22","","21.016880471","20.226388288","","","","","20","","21.016880471","20.226388288","21.948309854"
"2026-04-26 20:30","","","","21.929984467","","","","22","","20.957156097","20.179604233","","","","","20","","20.957156097","20.179604233","21.929984467"
"2026-04-26 20:35","","","","21.937433047","","","","22","","20.91193578","20.140838591","","","","","20","","20.91193578","20.140838591","21.937433047"
"2026-04-26 20:40","","","","21.951804636","","","","22","","20.87061132","20.104226733","","","","","20","","20.87061132","20.104226733","21.951804636"
"2026-04-26 20:45","","","","21.966176225","","","","22","","20.82928686","20.067614875","","","","","20","","20.82928686","20.067614875","21.966176225"
"2026-04-26 20:50","","","","21.980547814","","","","22","","20.7879624","20.031003017","","","","","20","","20.7879624","20.031003017","21.980547814"
"2026-04-26 20:55","","","","21.994919403","","","","22","","20.74663794","19.994391159","","","","","20","","20.74663794","19.994391159","21.994919403"
"2026-04-26 21:00","","","","22.005705927","","","","22","","20.704997324","19.957519379","","","","","20","","20.704997324","19.957519379","22.005705927"
"2026-04-26 21:05","","","","21.987948138","","","","22","","20.66083947","19.918578099","","","","","20","","20.66083947","19.918578099","21.987948138"
"2026-04-26 21:10","","","","21.964029638","","","","22","","20.616138321","19.879190159","","","","","20","","20.616138321","19.879190159","21.964029638"
"2026-04-26 21:15","","","","21.940111138","","","","22","","20.571437172","19.839802219","","","","","20","","20.571437172","19.839802219","21.940111138"
"2026-04-26 21:20","","","","21.916192637","","","","22","","20.526736023","19.800414279","","","","","20","","20.526736023","19.800414279","21.916192637"
"2026-04-26 21:25","","","","21.892274137","","","","22","","20.482034874","19.761026339","","","","","20","","20.482034874","19.761026339","21.892274137"
"2026-04-26 21:30","","","","21.870972808","","","","22","","20.430934832","19.718533451","","","","","20","","20.430934832","19.718533451","21.870972808"
"2026-04-26 21:35","","","","21.870479218","","","","22","","20.328960607","19.651354782","","","","","20","","20.328960607","19.651354782","21.870479218"
"2026-04-26 21:40","","","","21.874471122","","","","22","","20.216019505","19.578854634","","","","","20","","20.216019505","19.578854634","21.874471122"
"2026-04-26 21:45","","","","21.878463026","","","","22","","20.103078404","19.506354486","","","","","20","","20.103078404","19.506354486","21.878463026"
"2026-04-26 21:50","","","","21.88245493","","","","22","","19.990137303","19.433854338","","","","","20","","19.990137303","19.433854338","21.88245493"
"2026-04-26 21:55","","","","21.886446834","","","","22","","19.877196202","19.361354191","","","","","20","","19.877196202","19.361354191","21.886446834"
"2026-04-26 22:00","","","","21.885939435","","","","22","","19.771341627","19.288388008","","","","","20","","19.771341627","19.288388008","21.885939435"
"2026-04-26 22:05","","","","21.849542176","","","","22","","19.722014568","19.211704378","","","","","20","","19.722014568","19.211704378","21.849542176"
"2026-04-26 22:10","","","","21.805386849","","","","22","","19.68490668","19.134217172","","","","","20","","19.68490668","19.134217172","21.805386849"
"2026-04-26 22:15","","","","21.761231522","","","","22","","19.647798792","19.056729967","","","","","20","","19.647798792","19.056729967","21.761231522"
"2026-04-26 22:20","","","","21.717076195","","","","22","","19.610690904","18.979242761","","","","","20","","19.610690904","18.979242761","21.717076195"
"2026-04-26 22:25","","","","21.672920867","","","","22","","19.573583016","18.901755556","","","","","20","","19.573583016","18.901755556","21.672920867"
"2026-04-26 22:30","","","","21.632292351","","","","22","","19.538851944","18.826655229","","","","","20","","19.538851944","18.826655229","21.632292351"
"2026-04-26 22:35","","","","21.628895457","","","","22","","19.529212301","18.776752553","","","","","20","","19.529212301","18.776752553","21.628895457"
"2026-04-26 22:40","","","","21.635475728","","","","22","","19.526296548","18.733602232","","","","","20","","19.526296548","18.733602232","21.635475728"
"2026-04-26 22:45","","","","21.642056","","","","22","","19.523380795","18.690451911","","","","","20","","19.523380795","18.690451911","21.642056"
"2026-04-26 22:50","","","","21.648636271","","","","22","","19.520465041","18.647301591","","","","","20","","19.520465041","18.647301591","21.648636271"
"2026-04-26 22:55","","","","21.655216542","","","","22","","19.517549288","18.60415127","","","","","20","","19.517549288","18.60415127","21.655216542"
"2026-04-26 23:00","","","","21.658101064","","","","22","","19.510254398","18.561096111","","","","","20","","19.510254398","18.561096111","21.658101064"
"2026-04-26 23:05","","","","21.631529491","","","","22","","19.468056628","18.518799421","","","","","20","","19.468056628","18.518799421","21.631529491"
"2026-04-26 23:10","","","","21.598594916","","","","22","","19.418319263","18.476666572","","","","","20","","19.418319263","18.476666572","21.598594916"
"2026-04-26 23:15","","","","21.56566034","","","","22","","19.368581898","18.434533723","","","","","20","","19.368581898","18.434533723","21.56566034"
"2026-04-26 23:20","","","","21.532725765","","","","22","","19.318844532","18.392400874","","","","","20","","19.318844532","18.392400874","21.532725765"
"2026-04-26 23:25","","","","21.49979119","","","","22","","19.269107167","18.350268025","","","","","20","","19.269107167","18.350268025","21.49979119"
"2026-04-26 23:30","","","","21.468316085","","","","22","","19.220615813","18.307031697","","","","","20","","19.220615813","18.307031697","21.468316085"
"2026-04-26 23:35","","","","21.448502682","","","","22","","19.182080545","18.25497816","","","","","20","","19.182080545","18.25497816","21.448502682"
"2026-04-26 23:40","","","","21.431213692","","","","22","","19.145700476","18.20101596","","","","","20","","19.145700476","18.20101596","21.431213692"
"2026-04-26 23:45","","","","21.413924702","","","","22","","19.109320407","18.147053759","","","","","20","","19.109320407","18.147053759","21.413924702"
"2026-04-26 23:50","","","","21.396635712","","","","22","","19.072940338","18.093091558","","","","","20","","19.072940338","18.093091558","21.396635712"
"2026-04-26 23:55","","","","21.379346722","","","","22","","19.036560269","18.039129358","","","","","20","","19.036560269","18.039129358","21.379346722"
"2026-04-27 00:00","","","","21.359450899","","","","22","","18.99582647","17.982830325","","","","","20","","18.99582647","17.982830325","21.359450899"
"2026-04-27 00:05","","","","21.318811747","","","","22","","18.920448766","17.90793644","","","","","20","","18.920448766","17.90793644","21.318811747"
"2026-04-27 00:10","","","","21.273697779","","","","22","","18.837597571","17.829031214","","","","","20","","18.837597571","17.829031214","21.273697779"
"2026-04-27 00:15","","","","21.228583811","","","","22","","18.754746376","17.750125988","","","","","20","","18.754746376","17.750125988","21.228583811"
"2026-04-27 00:20","","","","21.183469843","","","","22","","18.671895181","17.671220762","","","","","20","","18.671895181","17.671220762","21.183469843"
"2026-04-27 00:25","","","","21.138355875","","","","22","","18.589043986","17.592315537","","","","","20","","18.589043986","17.592315537","21.138355875"
"2026-04-27 00:30","","","","21.094347737","","","","22","","18.511999824","17.51448421","","","","","20","","18.511999824","17.51448421","21.094347737"
"2026-04-27 00:35","","","","21.062039567","","","","22","","18.496395589","17.44801501","","","","","20","","18.496395589","17.44801501","21.062039567"
"2026-04-27 00:40","","","","21.032871621","","","","22","","18.497281578","17.384595359","","","","","20","","18.497281578","17.384595359","21.032871621"
"2026-04-27 00:45","","","","21.003703674","","","","22","","18.498167567","17.321175708","","","","","20","","18.498167567","17.321175708","21.003703674"
"2026-04-27 00:50","","","","20.974535728","","","","22","","18.499053556","17.257756057","","","","","20","","18.499053556","17.257756057","20.974535728"
"2026-04-27 00:55","","","","20.945367781","","","","22","","18.499939545","17.194336406","","","","","20","","18.499939545","17.194336406","20.945367781"
"2026-04-27 01:00","","","","20.914017825","","","","22","","18.496518237","17.130964842","","","","","20","","18.496518237","17.130964842","20.914017825"
"2026-04-27 01:05","","","","20.865305237","","","","22","","18.458823018","17.067975918","","","","","20","","18.458823018","17.067975918","20.865305237"
"2026-04-27 01:10","","","","20.812847173","","","","22","","18.413734216","17.005069538","","","","","20","","18.413734216","17.005069538","20.812847173"
"2026-04-27 01:15","","","","20.76038911","","","","22","","18.368645413","16.942163158","","","","","20","","18.368645413","16.942163158","20.76038911"
"2026-04-27 01:20","","","","20.707931046","","","","22","","18.323556611","16.879256778","","","","","20","","18.323556611","16.879256778","20.707931046"
"2026-04-27 01:25","","","","20.655472982","","","","22","","18.278467808","16.816350398","","","","","20","","18.278467808","16.816350398","20.655472982"
"2026-04-27 01:30","","","","20.613070239","","","","22","","18.236510779","16.756445484","","","","","20","","18.236510779","16.756445484","20.613070239"
"2026-04-27 01:35","","","","20.650707869","","","","22","","18.219482676","16.720432252","","","","","20","","18.219482676","16.720432252","20.650707869"
"2026-04-27 01:40","","","","20.705616967","","","","22","","18.207833846","16.689574472","","","","","20","","18.207833846","16.689574472","20.705616967"
"2026-04-27 01:45","","","","20.760526064","","","","22","","18.196185017","16.658716693","","","","","20","","18.196185017","16.658716693","20.760526064"
"2026-04-27 01:50","","","","20.815435162","","","","22","","18.184536188","16.627858914","","","","","20","","18.184536188","16.627858914","20.815435162"
"2026-04-27 01:55","","","","20.870344259","","","","22","","18.172887359","16.597001134","","","","","20","","18.172887359","16.597001134","20.870344259"
"2026-04-27 02:00","","","","20.911263929","","","","22","","18.159472191","16.563788376","","","","","20","","18.159472191","16.563788376","20.911263929"
"2026-04-27 02:05","","","","20.84058834","","","","22","","18.131966741","16.511789684","","","","","20","","18.131966741","16.511789684","20.84058834"
"2026-04-27 02:10","","","","20.745789064","","","","22","","18.101415377","16.455730012","","","","","20","","18.101415377","16.455730012","20.745789064"
"2026-04-27 02:15","","","","20.650989788","","","","22","","18.070864013","16.399670341","","","","","20","","18.070864013","16.399670341","20.650989788"
"2026-04-27 02:20","","","","20.556190512","","","","22","","18.040312648","16.343610669","","","","","20","","18.040312648","16.343610669","20.556190512"
"2026-04-27 02:25","","","","20.461391236","","","","22","","18.009761284","16.287550998","","","","","20","","18.009761284","16.287550998","20.461391236"
"2026-04-27 02:30","","","","20.373225863","","","","22","","17.978834357","16.232867048","","","","","20","","17.978834357","16.232867048","20.373225863"
"2026-04-27 02:35","","","","20.355325353","","","","22","","17.943929547","16.192754447","","","","","20","","17.943929547","16.192754447","20.355325353"
"2026-04-27 02:40","","","","20.35629809","","","","22","","17.907956272","16.156555731","","","","","20","","17.907956272","16.156555731","20.35629809"
"2026-04-27 02:45","","","","20.357270826","","","","22","","17.871982997","16.120357015","","","","","20","","17.871982997","16.120357015","20.357270826"
"2026-04-27 02:50","","","","20.358243563","","","","22","","17.836009722","16.084158299","","","","","20","","17.836009722","16.084158299","20.358243563"
"2026-04-27 02:55","","","","20.3592163","","","","22","","17.800036448","16.047959583","","","","","20","","17.800036448","16.047959583","20.3592163"
"2026-04-27 03:00","","","","20.355545611","","","","22","","17.758312496","16.008194856","","","","","20","","17.758312496","16.008194856","20.355545611"
"2026-04-27 03:05","","","","20.314934576","","","","22","","17.670839558","15.940061054","","","","","20","","17.670839558","15.940061054","20.314934576"
"2026-04-27 03:10","","","","20.26635623","","","","22","","17.573499456","15.865808596","","","","","20","","17.573499456","15.865808596","20.26635623"
"2026-04-27 03:15","","","","20.217777883","","","","22","","17.476159355","15.791556139","","","","","20","","17.476159355","15.791556139","20.217777883"
"2026-04-27 03:20","","","","20.169199536","","","","22","","17.378819253","15.717303681","","","","","20","","17.378819253","15.717303681","20.169199536"
"2026-04-27 03:25","","","","20.12062119","","","","22","","17.281479152","15.643051223","","","","","20","","17.281479152","15.643051223","20.12062119"
"2026-04-27 03:30","","","","20.080618492","","","","22","","17.199420753","15.573606064","","","","","20","","17.199420753","15.573606064","20.080618492"
"2026-04-27 03:35","","","","20.108990271","","","","22","","17.239204844","15.542489955","","","","","20","","17.239204844","15.542489955","20.108990271"
"2026-04-27 03:40","","","","20.152136442","","","","22","","17.305316723","15.519656008","","","","","20","","17.305316723","15.519656008","20.152136442"
"2026-04-27 03:45","","","","20.195282613","","","","22","","17.371428602","15.496822061","","","","","20","","17.371428602","15.496822061","20.195282613"
"2026-04-27 03:50","","","","20.238428784","","","","22","","17.43754048","15.473988114","","","","","20","","17.43754048","15.473988114","20.238428784"
"2026-04-27 03:55","","","","20.281574955","","","","22","","17.503652359","15.451154166","","","","","20","","17.503652359","15.451154166","20.281574955"
"2026-04-27 04:00","","","","20.317317256","","","","22","","17.568365554","15.42899773","","","","","20","","17.568365554","15.42899773","20.317317256"
"2026-04-27 04:05","","","","20.293959524","","","","22","","17.621914015","15.4122494","","","","","20","","17.621914015","15.4122494","20.293959524"
"2026-04-27 04:10","","","","20.257819121","","","","22","","17.673047669","15.396670783","","","","","20","","17.673047669","15.396670783","20.257819121"
"2026-04-27 04:15","","","","20.221678718","","","","22","","17.724181323","15.381092165","","","","","20","","17.724181323","15.381092165","20.221678718"
"2026-04-27 04:20","","","","20.185538314","","","","22","","17.775314977","15.365513548","","","","","20","","17.775314977","15.365513548","20.185538314"
"2026-04-27 04:25","","","","20.149397911","","","","22","","17.826448632","15.34993493","","","","","20","","17.826448632","15.34993493","20.149397911"
"2026-04-27 04:30","","","","20.114359998","","","","22","","17.872094435","15.333764218","","","","","20","","17.872094435","15.333764218","20.114359998"
"2026-04-27 04:35","","","","20.091036866","","","","22","","17.859427714","15.311302054","","","","","20","","17.859427714","15.311302054","20.091036866"
"2026-04-27 04:40","","","","20.070867428","","","","22","","17.831062887","15.287146191","","","","","20","","17.831062887","15.287146191","20.070867428"
"2026-04-27 04:45","","","","20.050697991","","","","22","","17.80269806","15.262990328","","","","","20","","17.80269806","15.262990328","20.050697991"
"2026-04-27 04:50","","","","20.030528553","","","","22","","17.774333233","15.238834465","","","","","20","","17.774333233","15.238834465","20.030528553"
"2026-04-27 04:55","","","","20.010359116","","","","22","","17.745968406","15.214678602","","","","","20","","17.745968406","15.214678602","20.010359116"
"2026-04-27 05:00","","","","19.990878391","","","","22","","17.720451499","15.191522951","","","","","20","","17.720451499","15.191522951","19.990878391"
"2026-04-27 05:05","","","","19.976900243","","","","22","","17.717688497","15.176358652","","","","","20","","17.717688497","15.176358652","19.976900243"
"2026-04-27 05:10","","","","19.964113152","","","","22","","17.719850676","15.162924116","","","","","20","","17.719850676","15.162924116","19.964113152"
"2026-04-27 05:15","","","","19.951326061","","","","22","","17.722012855","15.149489579","","","","","20","","17.722012855","15.149489579","19.951326061"
"2026-04-27 05:20","","","","19.938538971","","","","22","","17.724175034","15.136055043","","","","","20","","17.724175034","15.136055043","19.938538971"
"2026-04-27 05:25","","","","19.92575188","","","","22","","17.726337213","15.122620506","","","","","20","","17.726337213","15.122620506","19.92575188"
"2026-04-27 05:30","","","","19.917244513","","","","22","","17.727377226","15.108904915","","","","","20","","17.727377226","15.108904915","19.917244513"
"2026-04-27 05:35","","","","19.942846663","","","","22","","17.719473547","15.092949307","","","","","20","","17.719473547","15.092949307","19.942846663"
"2026-04-27 05:40","","","","19.975816848","","","","22","","17.70963793","15.076509831","","","","","20","","17.70963793","15.076509831","19.975816848"
"2026-04-27 05:45","","","","20.008787033","","","","22","","17.699802313","15.060070354","","","","","20","","17.699802313","15.060070354","20.008787033"
"2026-04-27 05:50","","","","20.041757218","","","","22","","17.689966696","15.043630878","","","","","20","","17.689966696","15.043630878","20.041757218"
"2026-04-27 05:55","","","","20.074727403","","","","22","","17.68013108","15.027191402","","","","","20","","17.68013108","15.027191402","20.074727403"
"2026-04-27 06:00","","","","20.095046672","","","","22","","17.734411957","14.942638246","","","","","20","","17.734411957","14.942638246","20.095046672"
"2026-04-27 06:05","","","","20.01446608","","","","22","","18.300066472","14.314831117","","","","","20","","18.300066472","14.314831117","20.01446608"
"2026-04-27 06:10","","","","19.912077071","","","","22","","18.976248889","13.569605496","","","","","20","","18.976248889","13.569605496","19.912077071"
"2026-04-27 06:15","","","","19.809688061","","","","22","","19.652431305","12.824379876","","","","","20","","19.652431305","12.824379876","19.809688061"
"2026-04-27 06:20","","","","19.707299052","","","","22","","20.328613721","12.079154256","","","","","20","","20.328613721","12.079154256","19.707299052"
"2026-04-27 06:25","","","","19.604910043","","","","22","","21.004796137","11.333928635","","","","","20","","21.004796137","11.333928635","19.604910043"
"2026-04-27 06:30","","","","19.526397648","","","","22","","21.64025259","10.642555961","","","","","20","","21.64025259","10.642555961","19.526397648"
"2026-04-27 06:35","","","","19.700649899","","","","22","","21.844572383","10.521285921","","","","","20","","21.844572383","10.521285921","19.700649899"
"2026-04-27 06:40","","","","19.942770321","","","","22","","21.933130509","10.553090389","","","","","20","","21.933130509","10.553090389","19.942770321"
"2026-04-27 06:45","","","","20.184890743","","","","22","","22.021688634","10.584894857","","","","","20","","22.021688634","10.584894857","20.184890743"
"2026-04-27 06:50","","","","20.427011166","","","","22","","22.110246759","10.616699325","","","","","20","","22.110246759","10.616699325","20.427011166"
"2026-04-27 06:55","","","","20.669131588","","","","22","","22.198804884","10.648503793","","","","","20","","22.198804884","10.648503793","20.669131588"
"2026-04-27 07:00","","","","20.885441466","","","","22","","22.278369304","10.677293781","","","","","20","","22.278369304","10.677293781","20.885441466"
"2026-04-27 07:05","","","","20.896034524","","","","22","","22.286251527","10.682057565","","","","","20","","22.286251527","10.682057565","20.896034524"
"2026-04-27 07:10","","","","20.862189361","","","","22","","22.278649216","10.681631294","","","","","20","","22.278649216","10.681631294","20.862189361"
"2026-04-27 07:15","","","","20.828344198","","","","22","","22.271046904","10.681205023","","","","","20","","22.271046904","10.681205023","20.828344198"
"2026-04-27 07:20","","","","20.794499035","","","","22","","22.263444593","10.680778752","","","","","20","","22.263444593","10.680778752","20.794499035"
"2026-04-27 07:25","","","","20.760653873","","","","22","","22.255842281","10.680352481","","","","","20","","22.255842281","10.680352481","20.760653873"
"2026-04-27 07:30","","","","20.727722321","","","","22","","22.247706755","10.68109301","","","","","20","","22.247706755","10.68109301","20.727722321"
"2026-04-27 07:35","","","","20.702082211","","","","22","","22.2353157","10.691145656","","","","","20","","22.2353157","10.691145656","20.702082211"
"2026-04-27 07:40","","","","20.678018924","","","","22","","22.222004358","10.70321211","","","","","20","","22.222004358","10.70321211","20.678018924"
"2026-04-27 07:45","","","","20.653955637","","","","22","","22.208693017","10.715278563","","","","","20","","22.208693017","10.715278563","20.653955637"
"2026-04-27 07:50","","","","20.62989235","","","","22","","22.195381675","10.727345016","","","","","20","","22.195381675","10.727345016","20.62989235"
"2026-04-27 07:55","","","","20.605829063","","","","22","","22.182070333","10.73941147","","","","","20","","22.182070333","10.73941147","20.605829063"
"2026-04-27 08:00","","","","20.595596642","","","","22","","22.174172424","10.76391004","","","","","20","","22.174172424","10.76391004","20.595596642"
"2026-04-27 08:05","","","","20.695686435","","","","22","","22.20945489","10.887573679","","","","","20","","22.20945489","10.887573679","20.695686435"
"2026-04-27 08:10","","","","20.819623248","","","","22","","22.254071136","11.03267263","","","","","20","","22.254071136","11.03267263","20.819623248"
"2026-04-27 08:15","","","","20.94356006","","","","22","","22.298687381","11.177771582","","","","","20","","22.298687381","11.177771582","20.94356006"
"2026-04-27 08:20","","","","21.067496873","","","","22","","22.343303626","11.322870534","","","","","20","","22.343303626","11.322870534","21.067496873"
"2026-04-27 08:25","","","","21.191433685","","","","22","","22.387919872","11.467969486","","","","","20","","22.387919872","11.467969486","21.191433685"
"2026-04-27 08:30","","","","21.30087265","","","","22","","22.431779932","11.614384447","","","","","20","","22.431779932","11.614384447","21.30087265"
"2026-04-27 08:35","","","","21.256848685","","","","22","","22.467635605","11.774729662","","","","","20","","22.467635605","11.774729662","21.256848685"
"2026-04-27 08:40","","","","21.171622311","","","","22","","22.501342224","11.938814933","","","","","20","","22.501342224","11.938814933","21.171622311"
"2026-04-27 08:45","","","","21.086395938","","","","22","","22.535048843","12.102900204","","","","","20","","22.535048843","12.102900204","21.086395938"
"2026-04-27 08:50","","","","21.001169564","","","","22","","22.568755462","12.266985475","","","","","20","","22.568755462","12.266985475","21.001169564"
"2026-04-27 08:55","","","","20.91594319","","","","22","","22.602462081","12.431070746","","","","","20","","22.602462081","12.431070746","20.91594319"
"2026-04-27 09:00","","","","20.84528518","","","","22","","22.636189121","12.597735709","","","","","20","","22.636189121","12.597735709","20.84528518"
"2026-04-27 09:05","","","","20.890668669","","","","22","","22.670078813","12.784948711","","","","","20","","22.670078813","12.784948711","20.890668669"
"2026-04-27 09:10","","","","20.96110603","","","","22","","22.704003624","12.976598126","","","","","20","","22.704003624","12.976598126","20.96110603"
"2026-04-27 09:15","","","","21.031543392","","","","22","","22.737928434","13.168247541","","","","","20","","22.737928434","13.168247541","21.031543392"
"2026-04-27 09:20","","","","21.101980754","","","","22","","22.771853244","13.359896956","","","","","20","","22.771853244","13.359896956","21.101980754"
"2026-04-27 09:25","","","","21.172418116","","","","22","","22.805778054","13.55154637","","","","","20","","22.805778054","13.55154637","21.172418116"
"2026-04-27 09:30","","","","21.234903829","","","","22","","22.837932483","13.734324473","","","","","20","","22.837932483","13.734324473","21.234903829"
"2026-04-27 09:35","","","","21.233913207","","","","22","","22.855954327","13.84628476","","","","","20","","22.855954327","13.84628476","21.233913207"
"2026-04-27 09:40","","","","21.21919269","","","","22","","22.870919301","13.942927194","","","","","20","","22.870919301","13.942927194","21.21919269"
"2026-04-27 09:45","","","","21.204472173","","","","22","","22.885884275","14.039569628","","","","","20","","22.885884275","14.039569628","21.204472173"
"2026-04-27 09:50","","","","21.189751656","","","","22","","22.90084925","14.136212062","","","","","20","","22.90084925","14.136212062","21.189751656"
"2026-04-27 09:55","","","","21.175031138","","","","22","","22.915814224","14.232854496","","","","","20","","22.915814224","14.232854496","21.175031138"
"2026-04-27 10:00","","","","21.158583174","","","","22","","22.929952129","14.330438118","","","","","20","","22.929952129","14.330438118","21.158583174"
"2026-04-27 10:05","","","","21.128343315","","","","22","","22.937486739","14.435536155","","","","","20","","22.937486739","14.435536155","21.128343315"
"2026-04-27 10:10","","","","21.095119909","","","","22","","22.943592883","14.542259756","","","","","20","","22.943592883","14.542259756","21.095119909"
"2026-04-27 10:15","","","","21.061896503","","","","22","","22.949699028","14.648983357","","","","","20","","22.949699028","14.648983357","21.061896503"
"2026-04-27 10:20","","","","21.028673097","","","","22","","22.955805172","14.755706958","","","","","20","","22.955805172","14.755706958","21.028673097"
"2026-04-27 10:25","","","","20.995449692","","","","22","","22.961911317","14.86243056","","","","","20","","22.961911317","14.86243056","20.995449692"
"2026-04-27 10:30","","","","20.966055118","","","","22","","22.968513292","14.96910467","","","","","20","","22.968513292","14.96910467","20.966055118"
"2026-04-27 10:35","","","","20.977210624","","","","22","","22.98036648","15.075254635","","","","","20","","22.98036648","15.075254635","20.977210624"
"2026-04-27 10:40","","","","20.999257173","","","","22","","22.993630051","15.181263824","","","","","20","","22.993630051","15.181263824","20.999257173"
"2026-04-27 10:45","","","","21.021303721","","","","22","","23.006893622","15.287273012","","","","","20","","23.006893622","15.287273012","21.021303721"
"2026-04-27 10:50","","","","21.04335027","","","","22","","23.020157193","15.393282201","","","","","20","","23.020157193","15.393282201","21.04335027"
"2026-04-27 10:55","","","","21.065396819","","","","22","","23.033420764","15.49929139","","","","","20","","23.033420764","15.49929139","21.065396819"
"2026-04-27 11:00","","","","21.082762282","","","","22","","23.045853729","15.589923496","","","","","20","","23.045853729","15.589923496","21.082762282"
"2026-04-27 11:05","","","","21.062756855","","","","22","","23.051655651","15.557794493","","","","","20","","23.051655651","15.557794493","21.062756855"
"2026-04-27 11:10","","","","21.034667628","","","","22","","23.056023193","15.499110695","","","","","20","","23.056023193","15.499110695","21.034667628"
"2026-04-27 11:15","","","","21.006578401","","","","22","","23.060390735","15.440426896","","","","","20","","23.060390735","15.440426896","21.006578401"
"2026-04-27 11:20","","","","20.978489173","","","","22","","23.064758277","15.381743098","","","","","20","","23.064758277","15.381743098","20.978489173"
"2026-04-27 11:25","","","","20.950399946","","","","22","","23.069125819","15.323059299","","","","","20","","23.069125819","15.323059299","20.950399946"
"2026-04-27 11:30","","","","20.928901521","","","","22","","23.073643498","15.277539","","","","","20","","23.073643498","15.277539","20.928901521"
"2026-04-27 11:35","","","","20.959907855","","","","22","","23.079357223","15.336883991","","","","","20","","23.079357223","15.336883991","20.959907855"
"2026-04-27 11:40","","","","21.00225146","","","","22","","23.08532921","15.418872381","","","","","20","","23.08532921","15.418872381","21.00225146"
"2026-04-27 11:45","","","","21.044595065","","","","22","","23.091301196","15.50086077","","","","","20","","23.091301196","15.50086077","21.044595065"
"2026-04-27 11:50","","","","21.08693867","","","","22","","23.097273182","15.58284916","","","","","20","","23.097273182","15.58284916","21.08693867"
"2026-04-27 11:55","","","","21.129282275","","","","22","","23.103245169","15.66483755","","","","","20","","23.103245169","15.66483755","21.129282275"
"2026-04-27 12:00","","","","21.164757768","","","","22","","23.107699432","15.73532768","","","","","20","","23.107699432","15.73532768","21.164757768"
"2026-04-27 12:05","","","","21.145304871","","","","22","","23.100015557","15.713859373","","","","","20","","23.100015557","15.713859373","21.145304871"
"2026-04-27 12:10","","","","21.113952648","","","","22","","23.089702156","15.672469792","","","","","20","","23.089702156","15.672469792","21.113952648"
"2026-04-27 12:15","","","","21.082600425","","","","22","","23.079388755","15.631080212","","","","","20","","23.079388755","15.631080212","21.082600425"
"2026-04-27 12:20","","","","21.051248202","","","","22","","23.069075354","15.589690632","","","","","20","","23.069075354","15.589690632","21.051248202"
"2026-04-27 12:25","","","","21.019895979","","","","22","","23.058761953","15.548301051","","","","","20","","23.058761953","15.548301051","21.019895979"
"2026-04-27 12:30","","","","20.988411183","","","","22","","23.048792051","15.503798722","","","","","20","","23.048792051","15.503798722","20.988411183"
"2026-04-27 12:35","","","","20.95552094","","","","22","","23.042463707","15.426296992","","","","","20","","23.042463707","15.426296992","20.95552094"
"2026-04-27 12:40","","","","20.922252951","","","","22","","23.037114112","15.339925934","","","","","20","","23.037114112","15.339925934","20.922252951"
"2026-04-27 12:45","","","","20.888984963","","","","22","","23.031764518","15.253554875","","","","","20","","23.031764518","15.253554875","20.888984963"
"2026-04-27 12:50","","","","20.855716974","","","","22","","23.026414924","15.167183817","","","","","20","","23.026414924","15.167183817","20.855716974"
"2026-04-27 12:55","","","","20.822448985","","","","22","","23.02106533","15.080812758","","","","","20","","23.02106533","15.080812758","20.822448985"
"2026-04-27 13:00","","","","20.793143287","","","","22","","23.017862611","15.002012008","","","","","20","","23.017862611","15.002012008","20.793143287"
"2026-04-27 13:05","","","","20.795480854","","","","22","","23.031805056","14.983668519","","","","","20","","23.031805056","14.983668519","20.795480854"
"2026-04-27 13:10","","","","20.804665207","","","","22","","23.049457271","14.978406422","","","","","20","","23.049457271","14.978406422","20.804665207"
"2026-04-27 13:15","","","","20.813849559","","","","22","","23.067109487","14.973144325","","","","","20","","23.067109487","14.973144325","20.813849559"
"2026-04-27 13:20","","","","20.823033912","","","","22","","23.084761703","14.967882228","","","","","20","","23.084761703","14.967882228","20.823033912"
"2026-04-27 13:25","","","","20.832218264","","","","22","","23.102413919","14.962620131","","","","","20","","23.102413919","14.962620131","20.832218264"
"2026-04-27 13:30","","","","20.847814376","","","","22","","23.120325528","14.970632098","","","","","20","","23.120325528","14.970632098","20.847814376"
"2026-04-27 13:35","","","","20.914687628","","","","22","","23.140311599","15.084801537","","","","","20","","23.140311599","15.084801537","20.914687628"
"2026-04-27 13:40","","","","20.992668949","","","","22","","23.160747057","15.221967666","","","","","20","","23.160747057","15.221967666","20.992668949"
"2026-04-27 13:45","","","","21.070650271","","","","22","","23.181182515","15.359133795","","","","","20","","23.181182515","15.359133795","21.070650271"
"2026-04-27 13:50","","","","21.148631592","","","","22","","23.201617973","15.496299924","","","","","20","","23.201617973","15.496299924","21.148631592"
"2026-04-27 13:55","","","","21.226612914","","","","22","","23.222053431","15.633466054","","","","","20","","23.222053431","15.633466054","21.226612914"
"2026-04-27 14:00","","","","21.290417203","","","","22","","23.240243544","15.744678344","","","","","20","","23.240243544","15.744678344","21.290417203"
"2026-04-27 14:05","","","","21.241236856","","","","22","","23.240539252","15.649050096","","","","","20","","23.240539252","15.649050096","21.241236856"
"2026-04-27 14:10","","","","21.167651776","","","","22","","23.236969761","15.508744197","","","","","20","","23.236969761","15.508744197","21.167651776"
"2026-04-27 14:15","","","","21.094066695","","","","22","","23.23340027","15.368438297","","","","","20","","23.23340027","15.368438297","21.094066695"
"2026-04-27 14:20","","","","21.020481615","","","","22","","23.229830778","15.228132398","","","","","20","","23.229830778","15.228132398","21.020481615"
"2026-04-27 14:25","","","","20.946896535","","","","22","","23.226261287","15.087826499","","","","","20","","23.226261287","15.087826499","20.946896535"
"2026-04-27 14:30","","","","20.879962999","","","","22","","23.222636647","14.952820953","","","","","20","","23.222636647","14.952820953","20.879962999"
"2026-04-27 14:35","","","","20.883760473","","","","22","","23.218425566","14.874178165","","","","","20","","23.218425566","14.874178165","20.883760473"
"2026-04-27 14:40","","","","20.906609283","","","","22","","23.214056528","14.810716636","","","","","20","","23.214056528","14.810716636","20.906609283"
"2026-04-27 14:45","","","","20.929458093","","","","22","","23.20968749","14.747255107","","","","","20","","23.20968749","14.747255107","20.929458093"
"2026-04-27 14:50","","","","20.952306902","","","","22","","23.205318452","14.683793578","","","","","20","","23.205318452","14.683793578","20.952306902"
"2026-04-27 14:55","","","","20.975155712","","","","22","","23.200949414","14.62033205","","","","","20","","23.200949414","14.62033205","20.975155712"
"2026-04-27 15:00","","","","","","","","","","","","","","","","","","","",""
"2026-04-27 15:05","","","","","","","","","","","","","","","","","","","",""
"2026-04-27 15:10","","","","","","","","","","","","","","","","","","","",""
"2026-04-27 15:15","","","","","","","","","","","","","","","","","","","",""
"2026-04-27 15:20","","","","","","","","","","","","","","","","","","","",""