date,year,dow,week,fan_kWh,asset
Mon Dec 09 2024 00:00:00 GMT+0000,2024,Mon,50,52.810982217,AHU_2
Mon Dec 16 2024 00:00:00 GMT+0000,2024,Mon,51,53.6472366012,AHU_2
Mon Dec 23 2024 00:00:00 GMT+0000,2024,Mon,52,62.4910504269,AHU_2
Mon Dec 30 2024 00:00:00 GMT+0000,2024,Mon,53,55.4348153724,AHU_2
Tue Dec 10 2024 00:00:00 GMT+0000,2024,Tue,50,53.3210295331,AHU_2
Tue Dec 17 2024 00:00:00 GMT+0000,2024,Tue,51,55.0509379606,AHU_2
Tue Dec 24 2024 00:00:00 GMT+0000,2024,Tue,52,54.8165438256,AHU_2
Tue Dec 31 2024 00:00:00 GMT+0000,2024,Tue,53,53.1849211646,AHU_2
Wed Dec 11 2024 00:00:00 GMT+0000,2024,Wed,50,60.156884064500005,AHU_2
Wed Dec 18 2024 00:00:00 GMT+0000,2024,Wed,51,57.9852639921,AHU_2
Wed Dec 25 2024 00:00:00 GMT+0000,2024,Wed,52,52.3998503229,AHU_2
Thu Dec 05 2024 00:00:00 GMT+0000,2024,Thu,49,54.8639965801,AHU_2
Thu Dec 12 2024 00:00:00 GMT+0000,2024,Thu,50,52.1611380937,AHU_2
Thu Dec 19 2024 00:00:00 GMT+0000,2024,Thu,51,52.6012566398,AHU_2
Thu Dec 26 2024 00:00:00 GMT+0000,2024,Thu,52,51.311835568,AHU_2
Fri Dec 06 2024 00:00:00 GMT+0000,2024,Fri,49,50.4442754896,AHU_2
Fri Dec 13 2024 00:00:00 GMT+0000,2024,Fri,50,51.019702666200004,AHU_2
Fri Dec 20 2024 00:00:00 GMT+0000,2024,Fri,51,53.1953513658,AHU_2
Fri Dec 27 2024 00:00:00 GMT+0000,2024,Fri,52,51.0585136352,AHU_2
Sat Dec 07 2024 00:00:00 GMT+0000,2024,Sat,49,0,AHU_2
Sat Dec 14 2024 00:00:00 GMT+0000,2024,Sat,50,18.7203121507,AHU_2
Sat Dec 21 2024 00:00:00 GMT+0000,2024,Sat,51,0,AHU_2
Sat Dec 28 2024 00:00:00 GMT+0000,2024,Sat,52,0,AHU_2
Sun Dec 08 2024 00:00:00 GMT+0000,2024,Sun,49,13.105704080599999,AHU_2
Sun Dec 15 2024 00:00:00 GMT+0000,2024,Sun,50,0,AHU_2
Sun Dec 22 2024 00:00:00 GMT+0000,2024,Sun,51,39.510600226,AHU_2
Sun Dec 29 2024 00:00:00 GMT+0000,2024,Sun,52,0,AHU_2
Mon Jan 06 2025 00:00:00 GMT+0000,2025,Mon,2,89.0694369612,AHU_2
Mon Jan 13 2025 00:00:00 GMT+0000,2025,Mon,3,68.0568912306,AHU_2
Mon Jan 20 2025 00:00:00 GMT+0000,2025,Mon,4,67.292905158,AHU_2
Mon Jan 27 2025 00:00:00 GMT+0000,2025,Mon,5,56.7506312778,AHU_2
Mon Feb 03 2025 00:00:00 GMT+0000,2025,Mon,6,56.996232920699995,AHU_2
Mon Feb 10 2025 00:00:00 GMT+0000,2025,Mon,7,70.47390444,AHU_2
Mon Feb 17 2025 00:00:00 GMT+0000,2025,Mon,8,67.7460135954,AHU_2
Mon Feb 24 2025 00:00:00 GMT+0000,2025,Mon,9,58.0548217445,AHU_2
Mon Mar 03 2025 00:00:00 GMT+0000,2025,Mon,10,64.9533053808,AHU_2
Mon Mar 10 2025 00:00:00 GMT+0000,2025,Mon,11,56.863473325200005,AHU_2
Mon Mar 17 2025 00:00:00 GMT+0000,2025,Mon,12,58.714024252200005,AHU_2
Mon Mar 24 2025 00:00:00 GMT+0000,2025,Mon,13,66.4830622568,AHU_2
Mon Mar 31 2025 00:00:00 GMT+0100,2025,Mon,14,59.215004536,AHU_2
Mon Apr 07 2025 00:00:00 GMT+0100,2025,Mon,15,56.570285305700004,AHU_2
Mon Apr 14 2025 00:00:00 GMT+0100,2025,Mon,16,58.944493516,AHU_2
Mon Apr 21 2025 00:00:00 GMT+0100,2025,Mon,17,51.9795468352,AHU_2
Mon Apr 28 2025 00:00:00 GMT+0100,2025,Mon,18,54.7013133846,AHU_2
Mon May 05 2025 00:00:00 GMT+0100,2025,Mon,19,50.801665020200005,AHU_2
Mon May 12 2025 00:00:00 GMT+0100,2025,Mon,20,62.4475406845,AHU_2
Mon May 19 2025 00:00:00 GMT+0100,2025,Mon,21,58.6773771665,AHU_2
Mon May 26 2025 00:00:00 GMT+0100,2025,Mon,22,59.046461160199996,AHU_2
Mon Jun 02 2025 00:00:00 GMT+0100,2025,Mon,23,66.9122545711,AHU_2
Mon Jun 09 2025 00:00:00 GMT+0100,2025,Mon,24,66.094744097,AHU_2
Mon Jun 16 2025 00:00:00 GMT+0100,2025,Mon,25,73.7073665162,AHU_2
Mon Jun 23 2025 00:00:00 GMT+0100,2025,Mon,26,68.34808032539999,AHU_2
Mon Jun 30 2025 00:00:00 GMT+0100,2025,Mon,27,122.8396089173,AHU_2
Mon Jul 07 2025 00:00:00 GMT+0100,2025,Mon,28,118.0198241004,AHU_2
Mon Jul 14 2025 00:00:00 GMT+0100,2025,Mon,29,120.1893635947,AHU_2
Mon Jul 21 2025 00:00:00 GMT+0100,2025,Mon,30,72.1002898063,AHU_2
Mon Jul 28 2025 00:00:00 GMT+0100,2025,Mon,31,70.8944367359,AHU_2
Mon Aug 04 2025 00:00:00 GMT+0100,2025,Mon,32,67.0670520322,AHU_2
Mon Aug 11 2025 00:00:00 GMT+0100,2025,Mon,33,80.0315509852,AHU_2
Mon Aug 18 2025 00:00:00 GMT+0100,2025,Mon,34,71.6896916556,AHU_2
Mon Aug 25 2025 00:00:00 GMT+0100,2025,Mon,35,62.352640546,AHU_2
Mon Sep 01 2025 00:00:00 GMT+0100,2025,Mon,36,71.91990998989999,AHU_2
Mon Sep 08 2025 00:00:00 GMT+0100,2025,Mon,37,64.2095331143,AHU_2
Mon Sep 15 2025 00:00:00 GMT+0100,2025,Mon,38,79.6742017199,AHU_2
Mon Sep 22 2025 00:00:00 GMT+0100,2025,Mon,39,64.4512233487,AHU_2
Mon Sep 29 2025 00:00:00 GMT+0100,2025,Mon,40,60.9438035631,AHU_2
Mon Oct 06 2025 00:00:00 GMT+0100,2025,Mon,41,63.282759325399994,AHU_2
Mon Oct 13 2025 00:00:00 GMT+0100,2025,Mon,42,63.6121930669,AHU_2
Mon Oct 20 2025 00:00:00 GMT+0100,2025,Mon,43,65.8095345814,AHU_2
Mon Oct 27 2025 00:00:00 GMT+0000,2025,Mon,44,63.8539003433,AHU_2
Mon Nov 03 2025 00:00:00 GMT+0000,2025,Mon,45,66.2123143309,AHU_2
Mon Nov 10 2025 00:00:00 GMT+0000,2025,Mon,46,64.0928005354,AHU_2
Mon Nov 17 2025 00:00:00 GMT+0000,2025,Mon,47,52.5556689903,AHU_2
Mon Nov 24 2025 00:00:00 GMT+0000,2025,Mon,48,70.4522410281,AHU_2
Mon Dec 01 2025 00:00:00 GMT+0000,2025,Mon,49,90.7923956865,AHU_2
Mon Dec 08 2025 00:00:00 GMT+0000,2025,Mon,50,72.0851179828,AHU_2
Mon Dec 15 2025 00:00:00 GMT+0000,2025,Mon,51,75.8093731599,AHU_2
Mon Dec 22 2025 00:00:00 GMT+0000,2025,Mon,52,74.9427953722,AHU_2
Mon Dec 29 2025 00:00:00 GMT+0000,2025,Mon,53,68.8723992675,AHU_2
Tue Jan 07 2025 00:00:00 GMT+0000,2025,Tue,2,90.2300949505,AHU_2
Tue Jan 14 2025 00:00:00 GMT+0000,2025,Tue,3,60.4951240674,AHU_2
Tue Jan 21 2025 00:00:00 GMT+0000,2025,Tue,4,58.4820554815,AHU_2
Tue Jan 28 2025 00:00:00 GMT+0000,2025,Tue,5,57.8758890369,AHU_2
Tue Feb 04 2025 00:00:00 GMT+0000,2025,Tue,6,57.245665379200005,AHU_2
Tue Feb 11 2025 00:00:00 GMT+0000,2025,Tue,7,54.642260491,AHU_2
Tue Feb 18 2025 00:00:00 GMT+0000,2025,Tue,8,69.55406160429999,AHU_2
Tue Feb 25 2025 00:00:00 GMT+0000,2025,Tue,9,56.8485842204,AHU_2
Tue Mar 04 2025 00:00:00 GMT+0000,2025,Tue,10,63.3447255103,AHU_2
Tue Mar 11 2025 00:00:00 GMT+0000,2025,Tue,11,55.3290924569,AHU_2
Tue Mar 18 2025 00:00:00 GMT+0000,2025,Tue,12,52.4819802218,AHU_2
Tue Mar 25 2025 00:00:00 GMT+0000,2025,Tue,13,60.4379776913,AHU_2
Tue Apr 01 2025 00:00:00 GMT+0100,2025,Tue,14,63.607188543199996,AHU_2
Tue Apr 08 2025 00:00:00 GMT+0100,2025,Tue,15,56.6548415509,AHU_2
Tue Apr 15 2025 00:00:00 GMT+0100,2025,Tue,16,58.7288735062,AHU_2
Tue Apr 22 2025 00:00:00 GMT+0100,2025,Tue,17,52.9108129798,AHU_2
Tue Apr 29 2025 00:00:00 GMT+0100,2025,Tue,18,60.4949856202,AHU_2
Tue May 06 2025 00:00:00 GMT+0100,2025,Tue,19,58.089065317199996,AHU_2
Tue May 13 2025 00:00:00 GMT+0100,2025,Tue,20,65.2402362839,AHU_2
Tue May 20 2025 00:00:00 GMT+0100,2025,Tue,21,60.2681328889,AHU_2
Tue May 27 2025 00:00:00 GMT+0100,2025,Tue,22,66.3342509376,AHU_2
Tue Jun 03 2025 00:00:00 GMT+0100,2025,Tue,23,71.78799493220001,AHU_2
Tue Jun 10 2025 00:00:00 GMT+0100,2025,Tue,24,66.739640159,AHU_2
Tue Jun 17 2025 00:00:00 GMT+0100,2025,Tue,25,65.5424231573,AHU_2
Tue Jun 24 2025 00:00:00 GMT+0100,2025,Tue,26,61.9213960974,AHU_2
Tue Jul 01 2025 00:00:00 GMT+0100,2025,Tue,27,116.4850468369,AHU_2
Tue Jul 08 2025 00:00:00 GMT+0100,2025,Tue,28,119.1421977754,AHU_2
Tue Jul 15 2025 00:00:00 GMT+0100,2025,Tue,29,117.57045053089999,AHU_2
Tue Jul 22 2025 00:00:00 GMT+0100,2025,Tue,30,72.1243965936,AHU_2
Tue Jul 29 2025 00:00:00 GMT+0100,2025,Tue,31,56.6884005911,AHU_2
Tue Aug 05 2025 00:00:00 GMT+0100,2025,Tue,32,60.310256142499995,AHU_2
Tue Aug 12 2025 00:00:00 GMT+0100,2025,Tue,33,69.4584446846,AHU_2
Tue Aug 19 2025 00:00:00 GMT+0100,2025,Tue,34,71.590646317,AHU_2
Tue Aug 26 2025 00:00:00 GMT+0100,2025,Tue,35,72.0960140954,AHU_2
Tue Sep 02 2025 00:00:00 GMT+0100,2025,Tue,36,75.201416704,AHU_2
Tue Sep 09 2025 00:00:00 GMT+0100,2025,Tue,37,67.25015409459999,AHU_2
Tue Sep 16 2025 00:00:00 GMT+0100,2025,Tue,38,84.5249841816,AHU_2
Tue Sep 23 2025 00:00:00 GMT+0100,2025,Tue,39,62.8141668933,AHU_2
Tue Sep 30 2025 00:00:00 GMT+0100,2025,Tue,40,58.0026911041,AHU_2
Tue Oct 07 2025 00:00:00 GMT+0100,2025,Tue,41,59.0600114172,AHU_2
Tue Oct 14 2025 00:00:00 GMT+0100,2025,Tue,42,57.2603742573,AHU_2
Tue Oct 21 2025 00:00:00 GMT+0100,2025,Tue,43,62.469311267,AHU_2
Tue Oct 28 2025 00:00:00 GMT+0000,2025,Tue,44,63.570618788000004,AHU_2
Tue Nov 04 2025 00:00:00 GMT+0000,2025,Tue,45,64.5156521541,AHU_2
Tue Nov 11 2025 00:00:00 GMT+0000,2025,Tue,46,62.914234997899996,AHU_2
Tue Nov 18 2025 00:00:00 GMT+0000,2025,Tue,47,55.509231125199996,AHU_2
Tue Nov 25 2025 00:00:00 GMT+0000,2025,Tue,48,59.666573334,AHU_2
Tue Dec 02 2025 00:00:00 GMT+0000,2025,Tue,49,59.556974057800005,AHU_2
Tue Dec 09 2025 00:00:00 GMT+0000,2025,Tue,50,64.470485134,AHU_2
Tue Dec 16 2025 00:00:00 GMT+0000,2025,Tue,51,63.2947268364,AHU_2
Tue Dec 23 2025 00:00:00 GMT+0000,2025,Tue,52,61.3776338359,AHU_2
Tue Dec 30 2025 00:00:00 GMT+0000,2025,Tue,53,57.233976212900004,AHU_2
Wed Jan 01 2025 00:00:00 GMT+0000,2025,Wed,1,55.919434221,AHU_2
Wed Jan 08 2025 00:00:00 GMT+0000,2025,Wed,2,91.7446094818,AHU_2
Wed Jan 15 2025 00:00:00 GMT+0000,2025,Wed,3,55.549269403,AHU_2
Wed Jan 22 2025 00:00:00 GMT+0000,2025,Wed,4,65.8156240858,AHU_2
Wed Jan 29 2025 00:00:00 GMT+0000,2025,Wed,5,54.1297192228,AHU_2
Wed Feb 05 2025 00:00:00 GMT+0000,2025,Wed,6,57.503291145000006,AHU_2
Wed Feb 12 2025 00:00:00 GMT+0000,2025,Wed,7,56.8126681277,AHU_2
Wed Feb 19 2025 00:00:00 GMT+0000,2025,Wed,8,64.78744166199999,AHU_2
Wed Feb 26 2025 00:00:00 GMT+0000,2025,Wed,9,58.443210285999996,AHU_2
Wed Mar 05 2025 00:00:00 GMT+0000,2025,Wed,10,61.4164557039,AHU_2
Wed Mar 12 2025 00:00:00 GMT+0000,2025,Wed,11,51.1509300704,AHU_2
Wed Mar 19 2025 00:00:00 GMT+0000,2025,Wed,12,56.8730856889,AHU_2
Wed Mar 26 2025 00:00:00 GMT+0000,2025,Wed,13,57.7255777527,AHU_2
Wed Apr 02 2025 00:00:00 GMT+0100,2025,Wed,14,59.9414277721,AHU_2
Wed Apr 09 2025 00:00:00 GMT+0100,2025,Wed,15,56.0570902362,AHU_2
Wed Apr 16 2025 00:00:00 GMT+0100,2025,Wed,16,58.5621934861,AHU_2
Wed Apr 23 2025 00:00:00 GMT+0100,2025,Wed,17,58.0310794465,AHU_2
Wed Apr 30 2025 00:00:00 GMT+0100,2025,Wed,18,61.040760568500005,AHU_2
Wed May 07 2025 00:00:00 GMT+0100,2025,Wed,19,58.2130708778,AHU_2
Wed May 14 2025 00:00:00 GMT+0100,2025,Wed,20,55.661054434700006,AHU_2
Wed May 21 2025 00:00:00 GMT+0100,2025,Wed,21,63.3413255184,AHU_2
Wed May 28 2025 00:00:00 GMT+0100,2025,Wed,22,67.1300333686,AHU_2
Wed Jun 04 2025 00:00:00 GMT+0100,2025,Wed,23,65.8819829122,AHU_2
Wed Jun 11 2025 00:00:00 GMT+0100,2025,Wed,24,67.46816215000001,AHU_2
Wed Jun 18 2025 00:00:00 GMT+0100,2025,Wed,25,60.274748476499994,AHU_2
Wed Jun 25 2025 00:00:00 GMT+0100,2025,Wed,26,89.7063221512,AHU_2
Wed Jul 02 2025 00:00:00 GMT+0100,2025,Wed,27,116.1822609801,AHU_2
Wed Jul 09 2025 00:00:00 GMT+0100,2025,Wed,28,119.9335325441,AHU_2
Wed Jul 16 2025 00:00:00 GMT+0100,2025,Wed,29,95.437590831,AHU_2
Wed Jul 23 2025 00:00:00 GMT+0100,2025,Wed,30,69.0561272028,AHU_2
Wed Jul 30 2025 00:00:00 GMT+0100,2025,Wed,31,67.0741555894,AHU_2
Wed Aug 06 2025 00:00:00 GMT+0100,2025,Wed,32,61.256768653099996,AHU_2
Wed Aug 13 2025 00:00:00 GMT+0100,2025,Wed,33,70.6270283985,AHU_2
Wed Aug 20 2025 00:00:00 GMT+0100,2025,Wed,34,64.3591866556,AHU_2
Wed Aug 27 2025 00:00:00 GMT+0100,2025,Wed,35,69.1127236392,AHU_2
Wed Sep 03 2025 00:00:00 GMT+0100,2025,Wed,36,72.9391448226,AHU_2
Wed Sep 10 2025 00:00:00 GMT+0100,2025,Wed,37,77.3187388163,AHU_2
Wed Sep 17 2025 00:00:00 GMT+0100,2025,Wed,38,69.8180748912,AHU_2
Wed Sep 24 2025 00:00:00 GMT+0100,2025,Wed,39,59.0192888907,AHU_2
Wed Oct 01 2025 00:00:00 GMT+0100,2025,Wed,40,57.9545765735,AHU_2
Wed Oct 08 2025 00:00:00 GMT+0100,2025,Wed,41,66.5207530933,AHU_2
Wed Oct 15 2025 00:00:00 GMT+0100,2025,Wed,42,57.6011937297,AHU_2
Wed Oct 22 2025 00:00:00 GMT+0100,2025,Wed,43,61.0664109235,AHU_2
Wed Oct 29 2025 00:00:00 GMT+0000,2025,Wed,44,63.8357439822,AHU_2
Wed Nov 05 2025 00:00:00 GMT+0000,2025,Wed,45,64.9784076915,AHU_2
Wed Nov 12 2025 00:00:00 GMT+0000,2025,Wed,46,60.5243166163,AHU_2
Wed Nov 19 2025 00:00:00 GMT+0000,2025,Wed,47,60.4341015417,AHU_2
Wed Nov 26 2025 00:00:00 GMT+0000,2025,Wed,48,112.87073300259999,AHU_2
Wed Dec 03 2025 00:00:00 GMT+0000,2025,Wed,49,84.3862529048,AHU_2
Wed Dec 10 2025 00:00:00 GMT+0000,2025,Wed,50,62.308968257000004,AHU_2
Wed Dec 17 2025 00:00:00 GMT+0000,2025,Wed,51,92.9712373509,AHU_2
Wed Dec 24 2025 00:00:00 GMT+0000,2025,Wed,52,54.933723298400004,AHU_2
Wed Dec 31 2025 00:00:00 GMT+0000,2025,Wed,53,79.7008596797,AHU_2
Thu Jan 02 2025 00:00:00 GMT+0000,2025,Thu,1,80.4892303142,AHU_2
Thu Jan 09 2025 00:00:00 GMT+0000,2025,Thu,2,99.4277934674,AHU_2
Thu Jan 16 2025 00:00:00 GMT+0000,2025,Thu,3,56.7221558624,AHU_2
Thu Jan 23 2025 00:00:00 GMT+0000,2025,Thu,4,58.0154354412,AHU_2
Thu Jan 30 2025 00:00:00 GMT+0000,2025,Thu,5,64.2036580267,AHU_2
Thu Feb 06 2025 00:00:00 GMT+0000,2025,Thu,6,54.675446174499996,AHU_2
Thu Feb 13 2025 00:00:00 GMT+0000,2025,Thu,7,52.923355918,AHU_2
Thu Feb 20 2025 00:00:00 GMT+0000,2025,Thu,8,61.8286137871,AHU_2
Thu Feb 27 2025 00:00:00 GMT+0000,2025,Thu,9,52.7881887476,AHU_2
Thu Mar 06 2025 00:00:00 GMT+0000,2025,Thu,10,56.607751314,AHU_2
Thu Mar 13 2025 00:00:00 GMT+0000,2025,Thu,11,49.6321691491,AHU_2
Thu Mar 20 2025 00:00:00 GMT+0000,2025,Thu,12,52.9541350294,AHU_2
Thu Mar 27 2025 00:00:00 GMT+0000,2025,Thu,13,61.5453291852,AHU_2
Thu Apr 03 2025 00:00:00 GMT+0100,2025,Thu,14,56.281381922899996,AHU_2
Thu Apr 10 2025 00:00:00 GMT+0100,2025,Thu,15,56.7800426725,AHU_2
Thu Apr 17 2025 00:00:00 GMT+0100,2025,Thu,16,55.726105098000005,AHU_2
Thu Apr 24 2025 00:00:00 GMT+0100,2025,Thu,17,57.6118752976,AHU_2
Thu May 01 2025 00:00:00 GMT+0100,2025,Thu,18,61.7266435338,AHU_2
Thu May 08 2025 00:00:00 GMT+0100,2025,Thu,19,57.4234378141,AHU_2
Thu May 15 2025 00:00:00 GMT+0100,2025,Thu,20,64.0240594049,AHU_2
Thu May 22 2025 00:00:00 GMT+0100,2025,Thu,21,66.2984989906,AHU_2
Thu May 29 2025 00:00:00 GMT+0100,2025,Thu,22,68.3425262203,AHU_2
Thu Jun 05 2025 00:00:00 GMT+0100,2025,Thu,23,71.9950414457,AHU_2
Thu Jun 12 2025 00:00:00 GMT+0100,2025,Thu,24,63.2284056127,AHU_2
Thu Jun 19 2025 00:00:00 GMT+0100,2025,Thu,25,63.5194587911,AHU_2
Thu Jun 26 2025 00:00:00 GMT+0100,2025,Thu,26,121.8560672677,AHU_2
Thu Jul 03 2025 00:00:00 GMT+0100,2025,Thu,27,116.56354457180001,AHU_2
Thu Jul 10 2025 00:00:00 GMT+0100,2025,Thu,28,120.8320293618,AHU_2
Thu Jul 17 2025 00:00:00 GMT+0100,2025,Thu,29,72.4623420594,AHU_2
Thu Jul 24 2025 00:00:00 GMT+0100,2025,Thu,30,67.3261222456,AHU_2
Thu Jul 31 2025 00:00:00 GMT+0100,2025,Thu,31,58.9097892036,AHU_2
Thu Aug 07 2025 00:00:00 GMT+0100,2025,Thu,32,74.9556784001,AHU_2
Thu Aug 14 2025 00:00:00 GMT+0100,2025,Thu,33,70.0620711634,AHU_2
Thu Aug 21 2025 00:00:00 GMT+0100,2025,Thu,34,62.7114804575,AHU_2
Thu Aug 28 2025 00:00:00 GMT+0100,2025,Thu,35,69.6769416022,AHU_2
Thu Sep 04 2025 00:00:00 GMT+0100,2025,Thu,36,68.6665362868,AHU_2
Thu Sep 11 2025 00:00:00 GMT+0100,2025,Thu,37,76.3040444884,AHU_2
Thu Sep 18 2025 00:00:00 GMT+0100,2025,Thu,38,63.4945123456,AHU_2
Thu Sep 25 2025 00:00:00 GMT+0100,2025,Thu,39,55.3268131397,AHU_2
Thu Oct 02 2025 00:00:00 GMT+0100,2025,Thu,40,58.6274479967,AHU_2
Thu Oct 09 2025 00:00:00 GMT+0100,2025,Thu,41,70.3290521255,AHU_2
Thu Oct 16 2025 00:00:00 GMT+0100,2025,Thu,42,57.8075383576,AHU_2
Thu Oct 23 2025 00:00:00 GMT+0100,2025,Thu,43,60.453695851700004,AHU_2
Thu Oct 30 2025 00:00:00 GMT+0000,2025,Thu,44,61.5164086757,AHU_2
Thu Nov 06 2025 00:00:00 GMT+0000,2025,Thu,45,64.5202727804,AHU_2
Thu Nov 13 2025 00:00:00 GMT+0000,2025,Thu,46,49.3906955571,AHU_2
Thu Nov 20 2025 00:00:00 GMT+0000,2025,Thu,47,76.6647983174,AHU_2
Thu Nov 27 2025 00:00:00 GMT+0000,2025,Thu,48,77.6308186324,AHU_2
Thu Dec 04 2025 00:00:00 GMT+0000,2025,Thu,49,113.76124632349999,AHU_2
Thu Dec 11 2025 00:00:00 GMT+0000,2025,Thu,50,62.036898543599996,AHU_2
Thu Dec 18 2025 00:00:00 GMT+0000,2025,Thu,51,72.0703531284,AHU_2
Thu Dec 25 2025 00:00:00 GMT+0000,2025,Thu,52,54.8306054543,AHU_2
Fri Jan 03 2025 00:00:00 GMT+0000,2025,Fri,1,81.7439523161,AHU_2
Fri Jan 10 2025 00:00:00 GMT+0000,2025,Fri,2,82.548698704,AHU_2
Fri Jan 17 2025 00:00:00 GMT+0000,2025,Fri,3,55.365053372700004,AHU_2
Fri Jan 24 2025 00:00:00 GMT+0000,2025,Fri,4,63.6992579367,AHU_2
Fri Jan 31 2025 00:00:00 GMT+0000,2025,Fri,5,51.249853803899995,AHU_2
Fri Feb 07 2025 00:00:00 GMT+0000,2025,Fri,6,50.3088067705,AHU_2
Fri Feb 14 2025 00:00:00 GMT+0000,2025,Fri,7,54.1494276985,AHU_2
Fri Feb 21 2025 00:00:00 GMT+0000,2025,Fri,8,63.5663656185,AHU_2
Fri Feb 28 2025 00:00:00 GMT+0000,2025,Fri,9,52.8044035505,AHU_2
Fri Mar 07 2025 00:00:00 GMT+0000,2025,Fri,10,54.9741536772,AHU_2
Fri Mar 14 2025 00:00:00 GMT+0000,2025,Fri,11,44.551490241699994,AHU_2
Fri Mar 21 2025 00:00:00 GMT+0000,2025,Fri,12,54.8970658741,AHU_2
Fri Mar 28 2025 00:00:00 GMT+0000,2025,Fri,13,55.197791906700004,AHU_2
Fri Apr 04 2025 00:00:00 GMT+0100,2025,Fri,14,51.1987623957,AHU_2
Fri Apr 11 2025 00:00:00 GMT+0100,2025,Fri,15,50.4760122875,AHU_2
Fri Apr 18 2025 00:00:00 GMT+0100,2025,Fri,16,50.4722539713,AHU_2
Fri Apr 25 2025 00:00:00 GMT+0100,2025,Fri,17,54.241244036400005,AHU_2
Fri May 02 2025 00:00:00 GMT+0100,2025,Fri,18,50.635108055399996,AHU_2
Fri May 09 2025 00:00:00 GMT+0100,2025,Fri,19,56.9316915857,AHU_2
Fri May 16 2025 00:00:00 GMT+0100,2025,Fri,20,53.1643833375,AHU_2
Fri May 23 2025 00:00:00 GMT+0100,2025,Fri,21,60.6794442933,AHU_2
Fri May 30 2025 00:00:00 GMT+0100,2025,Fri,22,58.233714015000004,AHU_2
Fri Jun 06 2025 00:00:00 GMT+0100,2025,Fri,23,65.6356504888,AHU_2
Fri Jun 13 2025 00:00:00 GMT+0100,2025,Fri,24,75.9663586243,AHU_2
Fri Jun 20 2025 00:00:00 GMT+0100,2025,Fri,25,67.1451471076,AHU_2
Fri Jun 27 2025 00:00:00 GMT+0100,2025,Fri,26,116.74678800769999,AHU_2
Fri Jul 04 2025 00:00:00 GMT+0100,2025,Fri,27,115.66844769810001,AHU_2
Fri Jul 11 2025 00:00:00 GMT+0100,2025,Fri,28,116.3436997301,AHU_2
Fri Jul 18 2025 00:00:00 GMT+0100,2025,Fri,29,71.0650869024,AHU_2
Fri Jul 25 2025 00:00:00 GMT+0100,2025,Fri,30,71.201600929,AHU_2
Fri Aug 01 2025 00:00:00 GMT+0100,2025,Fri,31,57.71788820330001,AHU_2
Fri Aug 08 2025 00:00:00 GMT+0100,2025,Fri,32,72.102338543,AHU_2
Fri Aug 15 2025 00:00:00 GMT+0100,2025,Fri,33,65.9495092184,AHU_2
Fri Aug 22 2025 00:00:00 GMT+0100,2025,Fri,34,63.8807077201,AHU_2
Fri Aug 29 2025 00:00:00 GMT+0100,2025,Fri,35,75.2339100084,AHU_2
Fri Sep 05 2025 00:00:00 GMT+0100,2025,Fri,36,67.22096559869999,AHU_2
Fri Sep 12 2025 00:00:00 GMT+0100,2025,Fri,37,90.1416935819,AHU_2
Fri Sep 19 2025 00:00:00 GMT+0100,2025,Fri,38,62.02245652880001,AHU_2
Fri Sep 26 2025 00:00:00 GMT+0100,2025,Fri,39,57.4374869888,AHU_2
Fri Oct 03 2025 00:00:00 GMT+0100,2025,Fri,40,59.6627958905,AHU_2
Fri Oct 10 2025 00:00:00 GMT+0100,2025,Fri,41,61.662122519899995,AHU_2
Fri Oct 17 2025 00:00:00 GMT+0100,2025,Fri,42,57.7600389093,AHU_2
Fri Oct 24 2025 00:00:00 GMT+0100,2025,Fri,43,57.260551078199995,AHU_2
Fri Oct 31 2025 00:00:00 GMT+0000,2025,Fri,44,61.17171600739999,AHU_2
Fri Nov 07 2025 00:00:00 GMT+0000,2025,Fri,45,64.2433954529,AHU_2
Fri Nov 14 2025 00:00:00 GMT+0000,2025,Fri,46,48.4344580115,AHU_2
Fri Nov 21 2025 00:00:00 GMT+0000,2025,Fri,47,63.4069676304,AHU_2
Fri Nov 28 2025 00:00:00 GMT+0000,2025,Fri,48,56.691969398699996,AHU_2
Fri Dec 05 2025 00:00:00 GMT+0000,2025,Fri,49,113.5045864641,AHU_2
Fri Dec 12 2025 00:00:00 GMT+0000,2025,Fri,50,61.8274962319,AHU_2
Fri Dec 19 2025 00:00:00 GMT+0000,2025,Fri,51,64.0608225117,AHU_2
Fri Dec 26 2025 00:00:00 GMT+0000,2025,Fri,52,55.1219987418,AHU_2
Sat Jan 04 2025 00:00:00 GMT+0000,2025,Sat,1,50.1058193278,AHU_2
Sat Jan 11 2025 00:00:00 GMT+0000,2025,Sat,2,65.8756350459,AHU_2
Sat Jan 18 2025 00:00:00 GMT+0000,2025,Sat,3,6.9001115734,AHU_2
Sat Jan 25 2025 00:00:00 GMT+0000,2025,Sat,4,19.621851572300002,AHU_2
Sat Feb 01 2025 00:00:00 GMT+0000,2025,Sat,5,2.9998518365,AHU_2
Sat Feb 08 2025 00:00:00 GMT+0000,2025,Sat,6,0,AHU_2
Sat Feb 15 2025 00:00:00 GMT+0000,2025,Sat,7,32.3636761459,AHU_2
Sat Feb 22 2025 00:00:00 GMT+0000,2025,Sat,8,0,AHU_2
Sat Mar 01 2025 00:00:00 GMT+0000,2025,Sat,9,0,AHU_2
Sat Mar 08 2025 00:00:00 GMT+0000,2025,Sat,10,0,AHU_2
Sat Mar 15 2025 00:00:00 GMT+0000,2025,Sat,11,8.2563384205,AHU_2
Sat Mar 22 2025 00:00:00 GMT+0000,2025,Sat,12,0,AHU_2
Sat Mar 29 2025 00:00:00 GMT+0000,2025,Sat,13,0,AHU_2
Sat Apr 05 2025 00:00:00 GMT+0100,2025,Sat,14,0,AHU_2
Sat Apr 12 2025 00:00:00 GMT+0100,2025,Sat,15,0,AHU_2
Sat Apr 19 2025 00:00:00 GMT+0100,2025,Sat,16,0,AHU_2
Sat Apr 26 2025 00:00:00 GMT+0100,2025,Sat,17,0,AHU_2
Sat May 03 2025 00:00:00 GMT+0100,2025,Sat,18,0,AHU_2
Sat May 10 2025 00:00:00 GMT+0100,2025,Sat,19,0,AHU_2
Sat May 17 2025 00:00:00 GMT+0100,2025,Sat,20,0,AHU_2
Sat May 24 2025 00:00:00 GMT+0100,2025,Sat,21,0,AHU_2
Sat May 31 2025 00:00:00 GMT+0100,2025,Sat,22,0,AHU_2
Sat Jun 07 2025 00:00:00 GMT+0100,2025,Sat,23,0,AHU_2
Sat Jun 14 2025 00:00:00 GMT+0100,2025,Sat,24,0,AHU_2
Sat Jun 21 2025 00:00:00 GMT+0100,2025,Sat,25,0,AHU_2
Sat Jun 28 2025 00:00:00 GMT+0100,2025,Sat,26,116.853422869,AHU_2
Sat Jul 05 2025 00:00:00 GMT+0100,2025,Sat,27,110.157599074,AHU_2
Sat Jul 12 2025 00:00:00 GMT+0100,2025,Sat,28,108.4285749131,AHU_2
Sat Jul 19 2025 00:00:00 GMT+0100,2025,Sat,29,8.8561102806,AHU_2
Sat Jul 26 2025 00:00:00 GMT+0100,2025,Sat,30,0,AHU_2
Sat Aug 02 2025 00:00:00 GMT+0100,2025,Sat,31,0,AHU_2
Sat Aug 09 2025 00:00:00 GMT+0100,2025,Sat,32,0,AHU_2
Sat Aug 16 2025 00:00:00 GMT+0100,2025,Sat,33,0,AHU_2
Sat Aug 23 2025 00:00:00 GMT+0100,2025,Sat,34,0,AHU_2
Sat Aug 30 2025 00:00:00 GMT+0100,2025,Sat,35,0,AHU_2
Sat Sep 06 2025 00:00:00 GMT+0100,2025,Sat,36,0,AHU_2
Sat Sep 13 2025 00:00:00 GMT+0100,2025,Sat,37,0,AHU_2
Sat Sep 20 2025 00:00:00 GMT+0100,2025,Sat,38,0,AHU_2
Sat Sep 27 2025 00:00:00 GMT+0100,2025,Sat,39,0,AHU_2
Sat Oct 04 2025 00:00:00 GMT+0100,2025,Sat,40,10.393046952999999,AHU_2
Sat Oct 11 2025 00:00:00 GMT+0100,2025,Sat,41,0,AHU_2
Sat Oct 18 2025 00:00:00 GMT+0100,2025,Sat,42,0,AHU_2
Sat Oct 25 2025 00:00:00 GMT+0100,2025,Sat,43,0,AHU_2
Sat Nov 01 2025 00:00:00 GMT+0000,2025,Sat,44,0,AHU_2
Sat Nov 08 2025 00:00:00 GMT+0000,2025,Sat,45,0,AHU_2
Sat Nov 15 2025 00:00:00 GMT+0000,2025,Sat,46,0,AHU_2
Sat Nov 22 2025 00:00:00 GMT+0000,2025,Sat,47,5.7810155794,AHU_2
Sat Nov 29 2025 00:00:00 GMT+0000,2025,Sat,48,0,AHU_2
Sat Dec 06 2025 00:00:00 GMT+0000,2025,Sat,49,69.9239440349,AHU_2
Sat Dec 13 2025 00:00:00 GMT+0000,2025,Sat,50,0,AHU_2
Sat Dec 20 2025 00:00:00 GMT+0000,2025,Sat,51,0,AHU_2
Sat Dec 27 2025 00:00:00 GMT+0000,2025,Sat,52,0,AHU_2
Sun Jan 05 2025 00:00:00 GMT+0000,2025,Sun,1,63.5734143834,AHU_2
Sun Jan 12 2025 00:00:00 GMT+0000,2025,Sun,2,64.5216354044,AHU_2
Sun Jan 19 2025 00:00:00 GMT+0000,2025,Sun,3,70.4176147436,AHU_2
Sun Jan 26 2025 00:00:00 GMT+0000,2025,Sun,4,51.312610508700004,AHU_2
Sun Feb 02 2025 00:00:00 GMT+0000,2025,Sun,5,21.080638719699998,AHU_2
Sun Feb 09 2025 00:00:00 GMT+0000,2025,Sun,6,24.5655239516,AHU_2
Sun Feb 16 2025 00:00:00 GMT+0000,2025,Sun,7,32.5165931718,AHU_2
Sun Feb 23 2025 00:00:00 GMT+0000,2025,Sun,8,9.8602027774,AHU_2
Sun Mar 02 2025 00:00:00 GMT+0000,2025,Sun,9,3.4265905253,AHU_2
Sun Mar 09 2025 00:00:00 GMT+0000,2025,Sun,10,9.861541666,AHU_2
Sun Mar 16 2025 00:00:00 GMT+0000,2025,Sun,11,11.397428837,AHU_2
Sun Mar 23 2025 00:00:00 GMT+0000,2025,Sun,12,46.388516584499996,AHU_2
Sun Mar 30 2025 00:00:00 GMT+0000,2025,Sun,13,46.928893305,AHU_2
Sun Apr 06 2025 00:00:00 GMT+0100,2025,Sun,14,39.709429077500005,AHU_2
Sun Apr 13 2025 00:00:00 GMT+0100,2025,Sun,15,0,AHU_2
Sun Apr 20 2025 00:00:00 GMT+0100,2025,Sun,16,0,AHU_2
Sun Apr 27 2025 00:00:00 GMT+0100,2025,Sun,17,0,AHU_2
Sun May 04 2025 00:00:00 GMT+0100,2025,Sun,18,0,AHU_2
Sun May 11 2025 00:00:00 GMT+0100,2025,Sun,19,0,AHU_2
Sun May 18 2025 00:00:00 GMT+0100,2025,Sun,20,0,AHU_2
Sun May 25 2025 00:00:00 GMT+0100,2025,Sun,21,0,AHU_2
Sun Jun 01 2025 00:00:00 GMT+0100,2025,Sun,22,0,AHU_2
Sun Jun 08 2025 00:00:00 GMT+0100,2025,Sun,23,0,AHU_2
Sun Jun 15 2025 00:00:00 GMT+0100,2025,Sun,24,0,AHU_2
Sun Jun 22 2025 00:00:00 GMT+0100,2025,Sun,25,0,AHU_2
Sun Jun 29 2025 00:00:00 GMT+0100,2025,Sun,26,106.6380160173,AHU_2
Sun Jul 06 2025 00:00:00 GMT+0100,2025,Sun,27,108.2160202651,AHU_2
Sun Jul 13 2025 00:00:00 GMT+0100,2025,Sun,28,109.3417247498,AHU_2
Sun Jul 20 2025 00:00:00 GMT+0100,2025,Sun,29,0,AHU_2
Sun Jul 27 2025 00:00:00 GMT+0100,2025,Sun,30,0,AHU_2
Sun Aug 03 2025 00:00:00 GMT+0100,2025,Sun,31,0,AHU_2
Sun Aug 10 2025 00:00:00 GMT+0100,2025,Sun,32,0,AHU_2
Sun Aug 17 2025 00:00:00 GMT+0100,2025,Sun,33,0,AHU_2
Sun Aug 24 2025 00:00:00 GMT+0100,2025,Sun,34,0,AHU_2
Sun Aug 31 2025 00:00:00 GMT+0100,2025,Sun,35,0,AHU_2
Sun Sep 07 2025 00:00:00 GMT+0100,2025,Sun,36,0,AHU_2
Sun Sep 14 2025 00:00:00 GMT+0100,2025,Sun,37,0,AHU_2
Sun Sep 21 2025 00:00:00 GMT+0100,2025,Sun,38,0,AHU_2
Sun Sep 28 2025 00:00:00 GMT+0100,2025,Sun,39,0,AHU_2
Sun Oct 05 2025 00:00:00 GMT+0100,2025,Sun,40,0,AHU_2
Sun Oct 12 2025 00:00:00 GMT+0100,2025,Sun,41,0,AHU_2
Sun Oct 19 2025 00:00:00 GMT+0100,2025,Sun,42,0,AHU_2
Sun Oct 26 2025 00:00:00 GMT+0100,2025,Sun,43,0,AHU_2
Sun Nov 02 2025 00:00:00 GMT+0000,2025,Sun,44,0,AHU_2
Sun Nov 09 2025 00:00:00 GMT+0000,2025,Sun,45,0,AHU_2
Sun Nov 16 2025 00:00:00 GMT+0000,2025,Sun,46,0,AHU_2
Sun Nov 23 2025 00:00:00 GMT+0000,2025,Sun,47,37.1285339211,AHU_2
Sun Nov 30 2025 00:00:00 GMT+0000,2025,Sun,48,76.8965109765,AHU_2
Sun Dec 07 2025 00:00:00 GMT+0000,2025,Sun,49,0,AHU_2
Sun Dec 14 2025 00:00:00 GMT+0000,2025,Sun,50,17.4422445037,AHU_2
Sun Dec 21 2025 00:00:00 GMT+0000,2025,Sun,51,56.801465828800005,AHU_2
Sun Dec 28 2025 00:00:00 GMT+0000,2025,Sun,52,0,AHU_2
Mon Jan 05 2026 00:00:00 GMT+0000,2026,Mon,2,146.115351468,AHU_2
Mon Jan 12 2026 00:00:00 GMT+0000,2026,Mon,3,124.08445381940001,AHU_2
Mon Jan 19 2026 00:00:00 GMT+0000,2026,Mon,4,121.8178662078,AHU_2
Mon Jan 26 2026 00:00:00 GMT+0000,2026,Mon,5,158.1633340754,AHU_2
Mon Feb 02 2026 00:00:00 GMT+0000,2026,Mon,6,176.0335195534,AHU_2
Mon Feb 09 2026 00:00:00 GMT+0000,2026,Mon,7,100.3485386975,AHU_2
Mon Feb 16 2026 00:00:00 GMT+0000,2026,Mon,8,65.0703956634,AHU_2
Mon Feb 23 2026 00:00:00 GMT+0000,2026,Mon,9,51.9411248129,AHU_2
Mon Mar 02 2026 00:00:00 GMT+0000,2026,Mon,10,39.2497726424,AHU_2
Mon Mar 09 2026 00:00:00 GMT+0000,2026,Mon,11,132.0544900606,AHU_2
Mon Mar 16 2026 00:00:00 GMT+0000,2026,Mon,12,170.9983237134,AHU_2
Mon Mar 23 2026 00:00:00 GMT+0000,2026,Mon,13,124.3695058928,AHU_2
Mon Mar 30 2026 00:00:00 GMT+0100,2026,Mon,14,74.0983604953,AHU_2
Mon Apr 06 2026 00:00:00 GMT+0100,2026,Mon,15,63.806384338,AHU_2
Mon Apr 13 2026 00:00:00 GMT+0100,2026,Mon,16,71.0154470322,AHU_2
Mon Apr 20 2026 00:00:00 GMT+0100,2026,Mon,17,69.5902141491,AHU_2
Tue Jan 06 2026 00:00:00 GMT+0000,2026,Tue,2,143.6395108313,AHU_2
Tue Jan 13 2026 00:00:00 GMT+0000,2026,Tue,3,73.6409542124,AHU_2
Tue Jan 20 2026 00:00:00 GMT+0000,2026,Tue,4,79.0506625596,AHU_2
Tue Jan 27 2026 00:00:00 GMT+0000,2026,Tue,5,156.2085334958,AHU_2
Tue Feb 03 2026 00:00:00 GMT+0000,2026,Tue,6,174.36088820679998,AHU_2
Tue Feb 10 2026 00:00:00 GMT+0000,2026,Tue,7,94.5362577464,AHU_2
Tue Feb 17 2026 00:00:00 GMT+0000,2026,Tue,8,62.7511893863,AHU_2
Tue Feb 24 2026 00:00:00 GMT+0000,2026,Tue,9,50.0951271756,AHU_2
Tue Mar 03 2026 00:00:00 GMT+0000,2026,Tue,10,37.2992993596,AHU_2
Tue Mar 10 2026 00:00:00 GMT+0000,2026,Tue,11,130.4405298254,AHU_2
Tue Mar 17 2026 00:00:00 GMT+0000,2026,Tue,12,156.6451010814,AHU_2
Tue Mar 24 2026 00:00:00 GMT+0000,2026,Tue,13,120.6920516658,AHU_2
Tue Mar 31 2026 00:00:00 GMT+0100,2026,Tue,14,70.9389363102,AHU_2
Tue Apr 07 2026 00:00:00 GMT+0100,2026,Tue,15,73.2765581327,AHU_2
Tue Apr 14 2026 00:00:00 GMT+0100,2026,Tue,16,68.5195855917,AHU_2
Wed Jan 07 2026 00:00:00 GMT+0000,2026,Wed,2,142.12321730579998,AHU_2
Wed Jan 14 2026 00:00:00 GMT+0000,2026,Wed,3,104.4081991545,AHU_2
Wed Jan 21 2026 00:00:00 GMT+0000,2026,Wed,4,85.6301975521,AHU_2
Wed Jan 28 2026 00:00:00 GMT+0000,2026,Wed,5,159.8643446478,AHU_2
Wed Feb 04 2026 00:00:00 GMT+0000,2026,Wed,6,181.9287446668,AHU_2
Wed Feb 11 2026 00:00:00 GMT+0000,2026,Wed,7,100.8456950165,AHU_2
Wed Feb 18 2026 00:00:00 GMT+0000,2026,Wed,8,60.3144843087,AHU_2
Wed Feb 25 2026 00:00:00 GMT+0000,2026,Wed,9,61.4735966035,AHU_2
Wed Mar 04 2026 00:00:00 GMT+0000,2026,Wed,10,65.6985047845,AHU_2
Wed Mar 11 2026 00:00:00 GMT+0000,2026,Wed,11,127.6530056578,AHU_2
Wed Mar 18 2026 00:00:00 GMT+0000,2026,Wed,12,116.37929130539999,AHU_2
Wed Mar 25 2026 00:00:00 GMT+0000,2026,Wed,13,91.29998958249999,AHU_2
Wed Apr 01 2026 00:00:00 GMT+0100,2026,Wed,14,72.2541413087,AHU_2
Wed Apr 08 2026 00:00:00 GMT+0100,2026,Wed,15,69.3748145929,AHU_2
Wed Apr 15 2026 00:00:00 GMT+0100,2026,Wed,16,69.0499374863,AHU_2
Thu Jan 01 2026 00:00:00 GMT+0000,2026,Thu,1,81.2153837753,AHU_2
Thu Jan 08 2026 00:00:00 GMT+0000,2026,Thu,2,145.040398617,AHU_2
Thu Jan 15 2026 00:00:00 GMT+0000,2026,Thu,3,142.7370073663,AHU_2
Thu Jan 22 2026 00:00:00 GMT+0000,2026,Thu,4,113.0771511483,AHU_2
Thu Jan 29 2026 00:00:00 GMT+0000,2026,Thu,5,159.1230895722,AHU_2
Thu Feb 05 2026 00:00:00 GMT+0000,2026,Thu,6,191.439894638,AHU_2
Thu Feb 12 2026 00:00:00 GMT+0000,2026,Thu,7,107.9975401413,AHU_2
Thu Feb 19 2026 00:00:00 GMT+0000,2026,Thu,8,57.9090088307,AHU_2
Thu Feb 26 2026 00:00:00 GMT+0000,2026,Thu,9,37.254166670800004,AHU_2
Thu Mar 05 2026 00:00:00 GMT+0000,2026,Thu,10,130.5390139375,AHU_2
Thu Mar 12 2026 00:00:00 GMT+0000,2026,Thu,11,122.56969942949999,AHU_2
Thu Mar 19 2026 00:00:00 GMT+0000,2026,Thu,12,117.59570014100001,AHU_2
Thu Mar 26 2026 00:00:00 GMT+0000,2026,Thu,13,66.5405162997,AHU_2
Thu Apr 02 2026 00:00:00 GMT+0100,2026,Thu,14,71.3173406997,AHU_2
Thu Apr 09 2026 00:00:00 GMT+0100,2026,Thu,15,71.447352678,AHU_2
Thu Apr 16 2026 00:00:00 GMT+0100,2026,Thu,16,69.1019925919,AHU_2
Fri Jan 02 2026 00:00:00 GMT+0000,2026,Fri,1,137.5210688622,AHU_2
Fri Jan 09 2026 00:00:00 GMT+0000,2026,Fri,2,129.55097810270001,AHU_2
Fri Jan 16 2026 00:00:00 GMT+0000,2026,Fri,3,143.26645825999998,AHU_2
Fri Jan 23 2026 00:00:00 GMT+0000,2026,Fri,4,151.6560741063,AHU_2
Fri Jan 30 2026 00:00:00 GMT+0000,2026,Fri,5,165.4493010937,AHU_2
Fri Feb 06 2026 00:00:00 GMT+0000,2026,Fri,6,200.0395728347,AHU_2
Fri Feb 13 2026 00:00:00 GMT+0000,2026,Fri,7,60.4374008109,AHU_2
Fri Feb 20 2026 00:00:00 GMT+0000,2026,Fri,8,49.085652105,AHU_2
Fri Feb 27 2026 00:00:00 GMT+0000,2026,Fri,9,37.053553495,AHU_2
Fri Mar 06 2026 00:00:00 GMT+0000,2026,Fri,10,126.7525476532,AHU_2
Fri Mar 13 2026 00:00:00 GMT+0000,2026,Fri,11,114.87361169830001,AHU_2
Fri Mar 20 2026 00:00:00 GMT+0000,2026,Fri,12,119.9573865259,AHU_2
Fri Mar 27 2026 00:00:00 GMT+0000,2026,Fri,13,66.429092003,AHU_2
Fri Apr 03 2026 00:00:00 GMT+0100,2026,Fri,14,61.8442647637,AHU_2
Fri Apr 10 2026 00:00:00 GMT+0100,2026,Fri,15,65.231827482,AHU_2
Fri Apr 17 2026 00:00:00 GMT+0100,2026,Fri,16,66.952257714,AHU_2
Sat Jan 03 2026 00:00:00 GMT+0000,2026,Sat,1,148.90653405519998,AHU_2
Sat Jan 10 2026 00:00:00 GMT+0000,2026,Sat,2,126.81222007960001,AHU_2
Sat Jan 17 2026 00:00:00 GMT+0000,2026,Sat,3,127.9561979793,AHU_2
Sat Jan 24 2026 00:00:00 GMT+0000,2026,Sat,4,136.5497879561,AHU_2
Sat Jan 31 2026 00:00:00 GMT+0000,2026,Sat,5,150.938284042,AHU_2
Sat Feb 07 2026 00:00:00 GMT+0000,2026,Sat,6,109.2355821568,AHU_2
Sat Feb 14 2026 00:00:00 GMT+0000,2026,Sat,7,53.5028222315,AHU_2
Sat Feb 21 2026 00:00:00 GMT+0000,2026,Sat,8,0,AHU_2
Sat Feb 28 2026 00:00:00 GMT+0000,2026,Sat,9,0,AHU_2
Sat Mar 07 2026 00:00:00 GMT+0000,2026,Sat,10,99.55975107980001,AHU_2
Sat Mar 14 2026 00:00:00 GMT+0000,2026,Sat,11,104.25991481240001,AHU_2
Sat Mar 21 2026 00:00:00 GMT+0000,2026,Sat,12,107.0258892758,AHU_2
Sat Mar 28 2026 00:00:00 GMT+0000,2026,Sat,13,0,AHU_2
Sat Apr 04 2026 00:00:00 GMT+0100,2026,Sat,14,0,AHU_2
Sat Apr 11 2026 00:00:00 GMT+0100,2026,Sat,15,0,AHU_2
Sat Apr 18 2026 00:00:00 GMT+0100,2026,Sat,16,0,AHU_2
Sun Jan 04 2026 00:00:00 GMT+0000,2026,Sun,1,143.5438524202,AHU_2
Sun Jan 11 2026 00:00:00 GMT+0000,2026,Sun,2,137.88919065849998,AHU_2
Sun Jan 18 2026 00:00:00 GMT+0000,2026,Sun,3,128.2541064765,AHU_2
Sun Jan 25 2026 00:00:00 GMT+0000,2026,Sun,4,137.6435631386,AHU_2
Sun Feb 01 2026 00:00:00 GMT+0000,2026,Sun,5,148.63511595350002,AHU_2
Sun Feb 08 2026 00:00:00 GMT+0000,2026,Sun,6,0,AHU_2
Sun Feb 15 2026 00:00:00 GMT+0000,2026,Sun,7,55.7721386259,AHU_2
Sun Feb 22 2026 00:00:00 GMT+0000,2026,Sun,8,0,AHU_2
Sun Mar 01 2026 00:00:00 GMT+0000,2026,Sun,9,0,AHU_2
Sun Mar 08 2026 00:00:00 GMT+0000,2026,Sun,10,100.9968128029,AHU_2
Sun Mar 15 2026 00:00:00 GMT+0000,2026,Sun,11,104.10673529179999,AHU_2
Sun Mar 22 2026 00:00:00 GMT+0000,2026,Sun,12,110.92830796530001,AHU_2
Sun Mar 29 2026 00:00:00 GMT+0000,2026,Sun,13,0,AHU_2
Sun Apr 05 2026 00:00:00 GMT+0100,2026,Sun,14,0,AHU_2
Sun Apr 12 2026 00:00:00 GMT+0100,2026,Sun,15,0,AHU_2
Sun Apr 19 2026 00:00:00 GMT+0100,2026,Sun,16,0,AHU_2
