date,year,dow,week,heating_kWh,asset
Mon Dec 09 2024 00:00:00 GMT+0000,2024,Mon,50,2.203121561,AHU_1
Mon Dec 16 2024 00:00:00 GMT+0000,2024,Mon,51,0.9860629932,AHU_1
Mon Dec 23 2024 00:00:00 GMT+0000,2024,Mon,52,2.8613693104,AHU_1
Mon Dec 30 2024 00:00:00 GMT+0000,2024,Mon,53,1.1147095888,AHU_1
Tue Dec 10 2024 00:00:00 GMT+0000,2024,Tue,50,2.2088610571,AHU_1
Tue Dec 17 2024 00:00:00 GMT+0000,2024,Tue,51,1.6266392472,AHU_1
Tue Dec 24 2024 00:00:00 GMT+0000,2024,Tue,52,0,AHU_1
Tue Dec 31 2024 00:00:00 GMT+0000,2024,Tue,53,1.7968569031,AHU_1
Wed Dec 11 2024 00:00:00 GMT+0000,2024,Wed,50,2.367510397,AHU_1
Wed Dec 18 2024 00:00:00 GMT+0000,2024,Wed,51,0.2352694943,AHU_1
Wed Dec 25 2024 00:00:00 GMT+0000,2024,Wed,52,0.8374961332,AHU_1
Thu Dec 05 2024 00:00:00 GMT+0000,2024,Thu,49,0.1660517467,AHU_1
Thu Dec 12 2024 00:00:00 GMT+0000,2024,Thu,50,2.3746921344,AHU_1
Thu Dec 19 2024 00:00:00 GMT+0000,2024,Thu,51,2.4470400023,AHU_1
Thu Dec 26 2024 00:00:00 GMT+0000,2024,Thu,52,1.3465752991,AHU_1
Fri Dec 06 2024 00:00:00 GMT+0000,2024,Fri,49,2.132866038,AHU_1
Fri Dec 13 2024 00:00:00 GMT+0000,2024,Fri,50,2.2801002409,AHU_1
Fri Dec 20 2024 00:00:00 GMT+0000,2024,Fri,51,1.9068447823,AHU_1
Fri Dec 27 2024 00:00:00 GMT+0000,2024,Fri,52,2.3368269893,AHU_1
Sat Dec 07 2024 00:00:00 GMT+0000,2024,Sat,49,0,AHU_1
Sat Dec 14 2024 00:00:00 GMT+0000,2024,Sat,50,0,AHU_1
Sat Dec 21 2024 00:00:00 GMT+0000,2024,Sat,51,0,AHU_1
Sat Dec 28 2024 00:00:00 GMT+0000,2024,Sat,52,0,AHU_1
Sun Dec 08 2024 00:00:00 GMT+0000,2024,Sun,49,0,AHU_1
Sun Dec 15 2024 00:00:00 GMT+0000,2024,Sun,50,0,AHU_1
Sun Dec 22 2024 00:00:00 GMT+0000,2024,Sun,51,0,AHU_1
Sun Dec 29 2024 00:00:00 GMT+0000,2024,Sun,52,0,AHU_1
Mon Jan 06 2025 00:00:00 GMT+0000,2025,Mon,2,3.1263923604,AHU_1
Mon Jan 13 2025 00:00:00 GMT+0000,2025,Mon,3,2.2082504385,AHU_1
Mon Jan 20 2025 00:00:00 GMT+0000,2025,Mon,4,2.5464664979,AHU_1
Mon Jan 27 2025 00:00:00 GMT+0000,2025,Mon,5,2.3948651364,AHU_1
Mon Feb 03 2025 00:00:00 GMT+0000,2025,Mon,6,1.6098061492,AHU_1
Mon Feb 10 2025 00:00:00 GMT+0000,2025,Mon,7,2.7706040034,AHU_1
Mon Feb 17 2025 00:00:00 GMT+0000,2025,Mon,8,2.7891506923,AHU_1
Mon Feb 24 2025 00:00:00 GMT+0000,2025,Mon,9,0.317192802,AHU_1
Mon Mar 03 2025 00:00:00 GMT+0000,2025,Mon,10,0.5097865906,AHU_1
Mon Mar 10 2025 00:00:00 GMT+0000,2025,Mon,11,1.9552030309,AHU_1
Mon Mar 17 2025 00:00:00 GMT+0000,2025,Mon,12,2.5586044084,AHU_1
Mon Mar 24 2025 00:00:00 GMT+0000,2025,Mon,13,0.974633567,AHU_1
Mon Mar 31 2025 00:00:00 GMT+0100,2025,Mon,14,0.9841778428,AHU_1
Mon Apr 07 2025 00:00:00 GMT+0100,2025,Mon,15,1.2225280306,AHU_1
Mon Apr 14 2025 00:00:00 GMT+0100,2025,Mon,16,0.7619151192,AHU_1
Mon Apr 21 2025 00:00:00 GMT+0100,2025,Mon,17,1.0638749611,AHU_1
Mon Apr 28 2025 00:00:00 GMT+0100,2025,Mon,18,0,AHU_1
Mon May 05 2025 00:00:00 GMT+0100,2025,Mon,19,1.5752998031,AHU_1
Mon May 12 2025 00:00:00 GMT+0100,2025,Mon,20,0,AHU_1
Mon May 19 2025 00:00:00 GMT+0100,2025,Mon,21,0.1825439455,AHU_1
Mon May 26 2025 00:00:00 GMT+0100,2025,Mon,22,0,AHU_1
Mon Jun 02 2025 00:00:00 GMT+0100,2025,Mon,23,0,AHU_1
Mon Jun 09 2025 00:00:00 GMT+0100,2025,Mon,24,0,AHU_1
Mon Jun 16 2025 00:00:00 GMT+0100,2025,Mon,25,0,AHU_1
Mon Jun 23 2025 00:00:00 GMT+0100,2025,Mon,26,0,AHU_1
Mon Jun 30 2025 00:00:00 GMT+0100,2025,Mon,27,0,AHU_1
Mon Jul 07 2025 00:00:00 GMT+0100,2025,Mon,28,0,AHU_1
Mon Jul 14 2025 00:00:00 GMT+0100,2025,Mon,29,0,AHU_1
Mon Jul 21 2025 00:00:00 GMT+0100,2025,Mon,30,0,AHU_1
Mon Jul 28 2025 00:00:00 GMT+0100,2025,Mon,31,0,AHU_1
Mon Aug 04 2025 00:00:00 GMT+0100,2025,Mon,32,0,AHU_1
Mon Aug 11 2025 00:00:00 GMT+0100,2025,Mon,33,0,AHU_1
Mon Aug 18 2025 00:00:00 GMT+0100,2025,Mon,34,0,AHU_1
Mon Aug 25 2025 00:00:00 GMT+0100,2025,Mon,35,0,AHU_1
Mon Sep 01 2025 00:00:00 GMT+0100,2025,Mon,36,0,AHU_1
Mon Sep 08 2025 00:00:00 GMT+0100,2025,Mon,37,0,AHU_1
Mon Sep 15 2025 00:00:00 GMT+0100,2025,Mon,38,0,AHU_1
Mon Sep 22 2025 00:00:00 GMT+0100,2025,Mon,39,0.8452214049,AHU_1
Mon Sep 29 2025 00:00:00 GMT+0100,2025,Mon,40,0.3122810951,AHU_1
Mon Oct 06 2025 00:00:00 GMT+0100,2025,Mon,41,0,AHU_1
Mon Oct 13 2025 00:00:00 GMT+0100,2025,Mon,42,0,AHU_1
Mon Oct 20 2025 00:00:00 GMT+0100,2025,Mon,43,0,AHU_1
Mon Oct 27 2025 00:00:00 GMT+0000,2025,Mon,44,1.5897454087,AHU_1
Mon Nov 03 2025 00:00:00 GMT+0000,2025,Mon,45,0,AHU_1
Mon Nov 10 2025 00:00:00 GMT+0000,2025,Mon,46,0.1249724653,AHU_1
Mon Nov 17 2025 00:00:00 GMT+0000,2025,Mon,47,2.1355162816,AHU_1
Mon Nov 24 2025 00:00:00 GMT+0000,2025,Mon,48,1.3591905606,AHU_1
Mon Dec 01 2025 00:00:00 GMT+0000,2025,Mon,49,0.6952531765,AHU_1
Mon Dec 08 2025 00:00:00 GMT+0000,2025,Mon,50,0.2309960977,AHU_1
Mon Dec 15 2025 00:00:00 GMT+0000,2025,Mon,51,1.5893898062,AHU_1
Mon Dec 22 2025 00:00:00 GMT+0000,2025,Mon,52,1.5441904372,AHU_1
Mon Dec 29 2025 00:00:00 GMT+0000,2025,Mon,53,2.8355212755,AHU_1
Tue Jan 07 2025 00:00:00 GMT+0000,2025,Tue,2,3.3123960752,AHU_1
Tue Jan 14 2025 00:00:00 GMT+0000,2025,Tue,3,0.6039443332,AHU_1
Tue Jan 21 2025 00:00:00 GMT+0000,2025,Tue,4,2.0953405126,AHU_1
Tue Jan 28 2025 00:00:00 GMT+0000,2025,Tue,5,2.1321771463,AHU_1
Tue Feb 04 2025 00:00:00 GMT+0000,2025,Tue,6,0.8127796599,AHU_1
Tue Feb 11 2025 00:00:00 GMT+0000,2025,Tue,7,2.5633753889,AHU_1
Tue Feb 18 2025 00:00:00 GMT+0000,2025,Tue,8,2.6798639415,AHU_1
Tue Feb 25 2025 00:00:00 GMT+0000,2025,Tue,9,1.1613128849,AHU_1
Tue Mar 04 2025 00:00:00 GMT+0000,2025,Tue,10,0.7118995675,AHU_1
Tue Mar 11 2025 00:00:00 GMT+0000,2025,Tue,11,2.4245570567,AHU_1
Tue Mar 18 2025 00:00:00 GMT+0000,2025,Tue,12,2.3800036454,AHU_1
Tue Mar 25 2025 00:00:00 GMT+0000,2025,Tue,13,0.3186017331,AHU_1
Tue Apr 01 2025 00:00:00 GMT+0100,2025,Tue,14,0.6879430662,AHU_1
Tue Apr 08 2025 00:00:00 GMT+0100,2025,Tue,15,1.1218782327,AHU_1
Tue Apr 15 2025 00:00:00 GMT+0100,2025,Tue,16,0.4494168414,AHU_1
Tue Apr 22 2025 00:00:00 GMT+0100,2025,Tue,17,0.6075225903,AHU_1
Tue Apr 29 2025 00:00:00 GMT+0100,2025,Tue,18,0.2075096779,AHU_1
Tue May 06 2025 00:00:00 GMT+0100,2025,Tue,19,0.6825361995,AHU_1
Tue May 13 2025 00:00:00 GMT+0100,2025,Tue,20,0,AHU_1
Tue May 20 2025 00:00:00 GMT+0100,2025,Tue,21,0.3953207734,AHU_1
Tue May 27 2025 00:00:00 GMT+0100,2025,Tue,22,0,AHU_1
Tue Jun 03 2025 00:00:00 GMT+0100,2025,Tue,23,0,AHU_1
Tue Jun 10 2025 00:00:00 GMT+0100,2025,Tue,24,0,AHU_1
Tue Jun 17 2025 00:00:00 GMT+0100,2025,Tue,25,0,AHU_1
Tue Jun 24 2025 00:00:00 GMT+0100,2025,Tue,26,0,AHU_1
Tue Jul 01 2025 00:00:00 GMT+0100,2025,Tue,27,0,AHU_1
Tue Jul 08 2025 00:00:00 GMT+0100,2025,Tue,28,0.3092687967,AHU_1
Tue Jul 15 2025 00:00:00 GMT+0100,2025,Tue,29,0,AHU_1
Tue Jul 22 2025 00:00:00 GMT+0100,2025,Tue,30,0,AHU_1
Tue Jul 29 2025 00:00:00 GMT+0100,2025,Tue,31,0,AHU_1
Tue Aug 05 2025 00:00:00 GMT+0100,2025,Tue,32,0,AHU_1
Tue Aug 12 2025 00:00:00 GMT+0100,2025,Tue,33,0,AHU_1
Tue Aug 19 2025 00:00:00 GMT+0100,2025,Tue,34,0,AHU_1
Tue Aug 26 2025 00:00:00 GMT+0100,2025,Tue,35,0,AHU_1
Tue Sep 02 2025 00:00:00 GMT+0100,2025,Tue,36,0,AHU_1
Tue Sep 09 2025 00:00:00 GMT+0100,2025,Tue,37,0,AHU_1
Tue Sep 16 2025 00:00:00 GMT+0100,2025,Tue,38,0,AHU_1
Tue Sep 23 2025 00:00:00 GMT+0100,2025,Tue,39,0.4084080551,AHU_1
Tue Sep 30 2025 00:00:00 GMT+0100,2025,Tue,40,0,AHU_1
Tue Oct 07 2025 00:00:00 GMT+0100,2025,Tue,41,0,AHU_1
Tue Oct 14 2025 00:00:00 GMT+0100,2025,Tue,42,0,AHU_1
Tue Oct 21 2025 00:00:00 GMT+0100,2025,Tue,43,0,AHU_1
Tue Oct 28 2025 00:00:00 GMT+0000,2025,Tue,44,0,AHU_1
Tue Nov 04 2025 00:00:00 GMT+0000,2025,Tue,45,0,AHU_1
Tue Nov 11 2025 00:00:00 GMT+0000,2025,Tue,46,0.8620900425,AHU_1
Tue Nov 18 2025 00:00:00 GMT+0000,2025,Tue,47,2.4031185438,AHU_1
Tue Nov 25 2025 00:00:00 GMT+0000,2025,Tue,48,1.9366467049,AHU_1
Tue Dec 02 2025 00:00:00 GMT+0000,2025,Tue,49,0.4279305668,AHU_1
Tue Dec 09 2025 00:00:00 GMT+0000,2025,Tue,50,0,AHU_1
Tue Dec 16 2025 00:00:00 GMT+0000,2025,Tue,51,2.2308053198,AHU_1
Tue Dec 23 2025 00:00:00 GMT+0000,2025,Tue,52,1.5064627883,AHU_1
Tue Dec 30 2025 00:00:00 GMT+0000,2025,Tue,53,2.4332626948,AHU_1
Wed Jan 01 2025 00:00:00 GMT+0000,2025,Wed,1,2.7265692483,AHU_1
Wed Jan 08 2025 00:00:00 GMT+0000,2025,Wed,2,3.2102678653,AHU_1
Wed Jan 15 2025 00:00:00 GMT+0000,2025,Wed,3,0.5247466017,AHU_1
Wed Jan 22 2025 00:00:00 GMT+0000,2025,Wed,4,2.3408661801,AHU_1
Wed Jan 29 2025 00:00:00 GMT+0000,2025,Wed,5,2.1979555543,AHU_1
Wed Feb 05 2025 00:00:00 GMT+0000,2025,Wed,6,2.0374577397,AHU_1
Wed Feb 12 2025 00:00:00 GMT+0000,2025,Wed,7,2.6240816013,AHU_1
Wed Feb 19 2025 00:00:00 GMT+0000,2025,Wed,8,2.6172610148,AHU_1
Wed Feb 26 2025 00:00:00 GMT+0000,2025,Wed,9,2.0841762201,AHU_1
Wed Mar 05 2025 00:00:00 GMT+0000,2025,Wed,10,0.6977560037,AHU_1
Wed Mar 12 2025 00:00:00 GMT+0000,2025,Wed,11,2.5624273423,AHU_1
Wed Mar 19 2025 00:00:00 GMT+0000,2025,Wed,12,1.6044284534,AHU_1
Wed Mar 26 2025 00:00:00 GMT+0000,2025,Wed,13,0.7131772286,AHU_1
Wed Apr 02 2025 00:00:00 GMT+0100,2025,Wed,14,1.0232594992,AHU_1
Wed Apr 09 2025 00:00:00 GMT+0100,2025,Wed,15,1.9892264962,AHU_1
Wed Apr 16 2025 00:00:00 GMT+0100,2025,Wed,16,1.3716983925,AHU_1
Wed Apr 23 2025 00:00:00 GMT+0100,2025,Wed,17,0.6911960947,AHU_1
Wed Apr 30 2025 00:00:00 GMT+0100,2025,Wed,18,0,AHU_1
Wed May 07 2025 00:00:00 GMT+0100,2025,Wed,19,0.421702618,AHU_1
Wed May 14 2025 00:00:00 GMT+0100,2025,Wed,20,0,AHU_1
Wed May 21 2025 00:00:00 GMT+0100,2025,Wed,21,0.2195734899,AHU_1
Wed May 28 2025 00:00:00 GMT+0100,2025,Wed,22,0,AHU_1
Wed Jun 04 2025 00:00:00 GMT+0100,2025,Wed,23,0,AHU_1
Wed Jun 11 2025 00:00:00 GMT+0100,2025,Wed,24,0,AHU_1
Wed Jun 18 2025 00:00:00 GMT+0100,2025,Wed,25,0,AHU_1
Wed Jun 25 2025 00:00:00 GMT+0100,2025,Wed,26,0,AHU_1
Wed Jul 02 2025 00:00:00 GMT+0100,2025,Wed,27,0,AHU_1
Wed Jul 09 2025 00:00:00 GMT+0100,2025,Wed,28,0,AHU_1
Wed Jul 16 2025 00:00:00 GMT+0100,2025,Wed,29,0,AHU_1
Wed Jul 23 2025 00:00:00 GMT+0100,2025,Wed,30,0,AHU_1
Wed Jul 30 2025 00:00:00 GMT+0100,2025,Wed,31,0,AHU_1
Wed Aug 06 2025 00:00:00 GMT+0100,2025,Wed,32,0,AHU_1
Wed Aug 13 2025 00:00:00 GMT+0100,2025,Wed,33,0,AHU_1
Wed Aug 20 2025 00:00:00 GMT+0100,2025,Wed,34,0,AHU_1
Wed Aug 27 2025 00:00:00 GMT+0100,2025,Wed,35,0,AHU_1
Wed Sep 03 2025 00:00:00 GMT+0100,2025,Wed,36,0,AHU_1
Wed Sep 10 2025 00:00:00 GMT+0100,2025,Wed,37,0,AHU_1
Wed Sep 17 2025 00:00:00 GMT+0100,2025,Wed,38,0,AHU_1
Wed Sep 24 2025 00:00:00 GMT+0100,2025,Wed,39,0.1980228741,AHU_1
Wed Oct 01 2025 00:00:00 GMT+0100,2025,Wed,40,0,AHU_1
Wed Oct 08 2025 00:00:00 GMT+0100,2025,Wed,41,0,AHU_1
Wed Oct 15 2025 00:00:00 GMT+0100,2025,Wed,42,0,AHU_1
Wed Oct 22 2025 00:00:00 GMT+0100,2025,Wed,43,0.4193427676,AHU_1
Wed Oct 29 2025 00:00:00 GMT+0000,2025,Wed,44,0.4997269949,AHU_1
Wed Nov 05 2025 00:00:00 GMT+0000,2025,Wed,45,0,AHU_1
Wed Nov 12 2025 00:00:00 GMT+0000,2025,Wed,46,0,AHU_1
Wed Nov 19 2025 00:00:00 GMT+0000,2025,Wed,47,2.798880161,AHU_1
Wed Nov 26 2025 00:00:00 GMT+0000,2025,Wed,48,3.2082790368,AHU_1
Wed Dec 03 2025 00:00:00 GMT+0000,2025,Wed,49,3.217854018,AHU_1
Wed Dec 10 2025 00:00:00 GMT+0000,2025,Wed,50,0.0076160599,AHU_1
Wed Dec 17 2025 00:00:00 GMT+0000,2025,Wed,51,1.4705353836,AHU_1
Wed Dec 24 2025 00:00:00 GMT+0000,2025,Wed,52,1.527990179,AHU_1
Wed Dec 31 2025 00:00:00 GMT+0000,2025,Wed,53,2.7423129402,AHU_1
Thu Jan 02 2025 00:00:00 GMT+0000,2025,Thu,1,3.2266382855,AHU_1
Thu Jan 09 2025 00:00:00 GMT+0000,2025,Thu,2,3.371580685,AHU_1
Thu Jan 16 2025 00:00:00 GMT+0000,2025,Thu,3,0.7083766484,AHU_1
Thu Jan 23 2025 00:00:00 GMT+0000,2025,Thu,4,2.372087725,AHU_1
Thu Jan 30 2025 00:00:00 GMT+0000,2025,Thu,5,2.416108714,AHU_1
Thu Feb 06 2025 00:00:00 GMT+0000,2025,Thu,6,1.5765078024,AHU_1
Thu Feb 13 2025 00:00:00 GMT+0000,2025,Thu,7,2.5263094395,AHU_1
Thu Feb 20 2025 00:00:00 GMT+0000,2025,Thu,8,0.4634307275,AHU_1
Thu Feb 27 2025 00:00:00 GMT+0000,2025,Thu,9,1.9557343658,AHU_1
Thu Mar 06 2025 00:00:00 GMT+0000,2025,Thu,10,0.4074492141,AHU_1
Thu Mar 13 2025 00:00:00 GMT+0000,2025,Thu,11,2.7577505449,AHU_1
Thu Mar 20 2025 00:00:00 GMT+0000,2025,Thu,12,1.012066469,AHU_1
Thu Mar 27 2025 00:00:00 GMT+0000,2025,Thu,13,0.1360152033,AHU_1
Thu Apr 03 2025 00:00:00 GMT+0100,2025,Thu,14,0.9738378733,AHU_1
Thu Apr 10 2025 00:00:00 GMT+0100,2025,Thu,15,1.0454651067,AHU_1
Thu Apr 17 2025 00:00:00 GMT+0100,2025,Thu,16,0.8172635847,AHU_1
Thu Apr 24 2025 00:00:00 GMT+0100,2025,Thu,17,0.8607093946,AHU_1
Thu May 01 2025 00:00:00 GMT+0100,2025,Thu,18,0,AHU_1
Thu May 08 2025 00:00:00 GMT+0100,2025,Thu,19,0.8926869137,AHU_1
Thu May 15 2025 00:00:00 GMT+0100,2025,Thu,20,0.1736407248,AHU_1
Thu May 22 2025 00:00:00 GMT+0100,2025,Thu,21,0.3041694212,AHU_1
Thu May 29 2025 00:00:00 GMT+0100,2025,Thu,22,0,AHU_1
Thu Jun 05 2025 00:00:00 GMT+0100,2025,Thu,23,0,AHU_1
Thu Jun 12 2025 00:00:00 GMT+0100,2025,Thu,24,0,AHU_1
Thu Jun 19 2025 00:00:00 GMT+0100,2025,Thu,25,0,AHU_1
Thu Jun 26 2025 00:00:00 GMT+0100,2025,Thu,26,0,AHU_1
Thu Jul 03 2025 00:00:00 GMT+0100,2025,Thu,27,0.4732762528,AHU_1
Thu Jul 10 2025 00:00:00 GMT+0100,2025,Thu,28,0,AHU_1
Thu Jul 17 2025 00:00:00 GMT+0100,2025,Thu,29,0,AHU_1
Thu Jul 24 2025 00:00:00 GMT+0100,2025,Thu,30,0,AHU_1
Thu Jul 31 2025 00:00:00 GMT+0100,2025,Thu,31,0,AHU_1
Thu Aug 07 2025 00:00:00 GMT+0100,2025,Thu,32,0,AHU_1
Thu Aug 14 2025 00:00:00 GMT+0100,2025,Thu,33,0,AHU_1
Thu Aug 21 2025 00:00:00 GMT+0100,2025,Thu,34,0,AHU_1
Thu Aug 28 2025 00:00:00 GMT+0100,2025,Thu,35,0,AHU_1
Thu Sep 04 2025 00:00:00 GMT+0100,2025,Thu,36,0,AHU_1
Thu Sep 11 2025 00:00:00 GMT+0100,2025,Thu,37,0,AHU_1
Thu Sep 18 2025 00:00:00 GMT+0100,2025,Thu,38,0,AHU_1
Thu Sep 25 2025 00:00:00 GMT+0100,2025,Thu,39,0.4094346432,AHU_1
Thu Oct 02 2025 00:00:00 GMT+0100,2025,Thu,40,0,AHU_1
Thu Oct 09 2025 00:00:00 GMT+0100,2025,Thu,41,0,AHU_1
Thu Oct 16 2025 00:00:00 GMT+0100,2025,Thu,42,0,AHU_1
Thu Oct 23 2025 00:00:00 GMT+0100,2025,Thu,43,0.8474167839,AHU_1
Thu Oct 30 2025 00:00:00 GMT+0000,2025,Thu,44,0.9819601048,AHU_1
Thu Nov 06 2025 00:00:00 GMT+0000,2025,Thu,45,0,AHU_1
Thu Nov 13 2025 00:00:00 GMT+0000,2025,Thu,46,0.6298834242,AHU_1
Thu Nov 20 2025 00:00:00 GMT+0000,2025,Thu,47,2.8492357249,AHU_1
Thu Nov 27 2025 00:00:00 GMT+0000,2025,Thu,48,0,AHU_1
Thu Dec 04 2025 00:00:00 GMT+0000,2025,Thu,49,3.1464105365,AHU_1
Thu Dec 11 2025 00:00:00 GMT+0000,2025,Thu,50,0,AHU_1
Thu Dec 18 2025 00:00:00 GMT+0000,2025,Thu,51,0.0666862311,AHU_1
Thu Dec 25 2025 00:00:00 GMT+0000,2025,Thu,52,2.041372387,AHU_1
Fri Jan 03 2025 00:00:00 GMT+0000,2025,Fri,1,2.9931536378,AHU_1
Fri Jan 10 2025 00:00:00 GMT+0000,2025,Fri,2,3.3796873839,AHU_1
Fri Jan 17 2025 00:00:00 GMT+0000,2025,Fri,3,0.5994903799,AHU_1
Fri Jan 24 2025 00:00:00 GMT+0000,2025,Fri,4,1.7719544312,AHU_1
Fri Jan 31 2025 00:00:00 GMT+0000,2025,Fri,5,2.2865815505,AHU_1
Fri Feb 07 2025 00:00:00 GMT+0000,2025,Fri,6,2.2859113065,AHU_1
Fri Feb 14 2025 00:00:00 GMT+0000,2025,Fri,7,2.5450574922,AHU_1
Fri Feb 21 2025 00:00:00 GMT+0000,2025,Fri,8,0.1604576097,AHU_1
Fri Feb 28 2025 00:00:00 GMT+0000,2025,Fri,9,1.1552235027,AHU_1
Fri Mar 07 2025 00:00:00 GMT+0000,2025,Fri,10,0,AHU_1
Fri Mar 14 2025 00:00:00 GMT+0000,2025,Fri,11,2.6059984468,AHU_1
Fri Mar 21 2025 00:00:00 GMT+0000,2025,Fri,12,0.8890353762,AHU_1
Fri Mar 28 2025 00:00:00 GMT+0000,2025,Fri,13,1.6635121775,AHU_1
Fri Apr 04 2025 00:00:00 GMT+0100,2025,Fri,14,0.9823330855,AHU_1
Fri Apr 11 2025 00:00:00 GMT+0100,2025,Fri,15,0.3067952373,AHU_1
Fri Apr 18 2025 00:00:00 GMT+0100,2025,Fri,16,0.8400110412,AHU_1
Fri Apr 25 2025 00:00:00 GMT+0100,2025,Fri,17,0.6158578293,AHU_1
Fri May 02 2025 00:00:00 GMT+0100,2025,Fri,18,0.1609725739,AHU_1
Fri May 09 2025 00:00:00 GMT+0100,2025,Fri,19,0.4741510473,AHU_1
Fri May 16 2025 00:00:00 GMT+0100,2025,Fri,20,0.2462748737,AHU_1
Fri May 23 2025 00:00:00 GMT+0100,2025,Fri,21,0.2589250512,AHU_1
Fri May 30 2025 00:00:00 GMT+0100,2025,Fri,22,0,AHU_1
Fri Jun 06 2025 00:00:00 GMT+0100,2025,Fri,23,0.0141590456,AHU_1
Fri Jun 13 2025 00:00:00 GMT+0100,2025,Fri,24,0,AHU_1
Fri Jun 20 2025 00:00:00 GMT+0100,2025,Fri,25,0,AHU_1
Fri Jun 27 2025 00:00:00 GMT+0100,2025,Fri,26,0.1249991232,AHU_1
Fri Jul 04 2025 00:00:00 GMT+0100,2025,Fri,27,0,AHU_1
Fri Jul 11 2025 00:00:00 GMT+0100,2025,Fri,28,0,AHU_1
Fri Jul 18 2025 00:00:00 GMT+0100,2025,Fri,29,0,AHU_1
Fri Jul 25 2025 00:00:00 GMT+0100,2025,Fri,30,0,AHU_1
Fri Aug 01 2025 00:00:00 GMT+0100,2025,Fri,31,0,AHU_1
Fri Aug 08 2025 00:00:00 GMT+0100,2025,Fri,32,0,AHU_1
Fri Aug 15 2025 00:00:00 GMT+0100,2025,Fri,33,0,AHU_1
Fri Aug 22 2025 00:00:00 GMT+0100,2025,Fri,34,0,AHU_1
Fri Aug 29 2025 00:00:00 GMT+0100,2025,Fri,35,0,AHU_1
Fri Sep 05 2025 00:00:00 GMT+0100,2025,Fri,36,0,AHU_1
Fri Sep 12 2025 00:00:00 GMT+0100,2025,Fri,37,0,AHU_1
Fri Sep 19 2025 00:00:00 GMT+0100,2025,Fri,38,0,AHU_1
Fri Sep 26 2025 00:00:00 GMT+0100,2025,Fri,39,0,AHU_1
Fri Oct 03 2025 00:00:00 GMT+0100,2025,Fri,40,0,AHU_1
Fri Oct 10 2025 00:00:00 GMT+0100,2025,Fri,41,0,AHU_1
Fri Oct 17 2025 00:00:00 GMT+0100,2025,Fri,42,0,AHU_1
Fri Oct 24 2025 00:00:00 GMT+0100,2025,Fri,43,1.4506835855,AHU_1
Fri Oct 31 2025 00:00:00 GMT+0000,2025,Fri,44,0,AHU_1
Fri Nov 07 2025 00:00:00 GMT+0000,2025,Fri,45,0,AHU_1
Fri Nov 14 2025 00:00:00 GMT+0000,2025,Fri,46,1.0657307011,AHU_1
Fri Nov 21 2025 00:00:00 GMT+0000,2025,Fri,47,2.6419308329,AHU_1
Fri Nov 28 2025 00:00:00 GMT+0000,2025,Fri,48,0.0659990889,AHU_1
Fri Dec 05 2025 00:00:00 GMT+0000,2025,Fri,49,2.8786512813,AHU_1
Fri Dec 12 2025 00:00:00 GMT+0000,2025,Fri,50,1.3456960093,AHU_1
Fri Dec 19 2025 00:00:00 GMT+0000,2025,Fri,51,0.9761990044,AHU_1
Fri Dec 26 2025 00:00:00 GMT+0000,2025,Fri,52,1.8213094681,AHU_1
Sat Jan 04 2025 00:00:00 GMT+0000,2025,Sat,1,0,AHU_1
Sat Jan 11 2025 00:00:00 GMT+0000,2025,Sat,2,0.4951905723,AHU_1
Sat Jan 18 2025 00:00:00 GMT+0000,2025,Sat,3,0,AHU_1
Sat Jan 25 2025 00:00:00 GMT+0000,2025,Sat,4,0,AHU_1
Sat Feb 01 2025 00:00:00 GMT+0000,2025,Sat,5,0,AHU_1
Sat Feb 08 2025 00:00:00 GMT+0000,2025,Sat,6,0,AHU_1
Sat Feb 15 2025 00:00:00 GMT+0000,2025,Sat,7,0,AHU_1
Sat Feb 22 2025 00:00:00 GMT+0000,2025,Sat,8,0,AHU_1
Sat Mar 01 2025 00:00:00 GMT+0000,2025,Sat,9,0,AHU_1
Sat Mar 08 2025 00:00:00 GMT+0000,2025,Sat,10,0,AHU_1
Sat Mar 15 2025 00:00:00 GMT+0000,2025,Sat,11,0,AHU_1
Sat Mar 22 2025 00:00:00 GMT+0000,2025,Sat,12,0,AHU_1
Sat Mar 29 2025 00:00:00 GMT+0000,2025,Sat,13,0,AHU_1
Sat Apr 05 2025 00:00:00 GMT+0100,2025,Sat,14,0,AHU_1
Sat Apr 12 2025 00:00:00 GMT+0100,2025,Sat,15,0,AHU_1
Sat Apr 19 2025 00:00:00 GMT+0100,2025,Sat,16,0,AHU_1
Sat Apr 26 2025 00:00:00 GMT+0100,2025,Sat,17,0,AHU_1
Sat May 03 2025 00:00:00 GMT+0100,2025,Sat,18,0,AHU_1
Sat May 10 2025 00:00:00 GMT+0100,2025,Sat,19,0,AHU_1
Sat May 17 2025 00:00:00 GMT+0100,2025,Sat,20,0,AHU_1
Sat May 24 2025 00:00:00 GMT+0100,2025,Sat,21,0,AHU_1
Sat May 31 2025 00:00:00 GMT+0100,2025,Sat,22,0,AHU_1
Sat Jun 07 2025 00:00:00 GMT+0100,2025,Sat,23,0,AHU_1
Sat Jun 14 2025 00:00:00 GMT+0100,2025,Sat,24,0,AHU_1
Sat Jun 21 2025 00:00:00 GMT+0100,2025,Sat,25,0,AHU_1
Sat Jun 28 2025 00:00:00 GMT+0100,2025,Sat,26,0,AHU_1
Sat Jul 05 2025 00:00:00 GMT+0100,2025,Sat,27,0,AHU_1
Sat Jul 12 2025 00:00:00 GMT+0100,2025,Sat,28,0,AHU_1
Sat Jul 19 2025 00:00:00 GMT+0100,2025,Sat,29,0,AHU_1
Sat Jul 26 2025 00:00:00 GMT+0100,2025,Sat,30,0,AHU_1
Sat Aug 02 2025 00:00:00 GMT+0100,2025,Sat,31,0,AHU_1
Sat Aug 09 2025 00:00:00 GMT+0100,2025,Sat,32,0,AHU_1
Sat Aug 16 2025 00:00:00 GMT+0100,2025,Sat,33,0,AHU_1
Sat Aug 23 2025 00:00:00 GMT+0100,2025,Sat,34,0,AHU_1
Sat Aug 30 2025 00:00:00 GMT+0100,2025,Sat,35,0,AHU_1
Sat Sep 06 2025 00:00:00 GMT+0100,2025,Sat,36,0,AHU_1
Sat Sep 13 2025 00:00:00 GMT+0100,2025,Sat,37,0,AHU_1
Sat Sep 20 2025 00:00:00 GMT+0100,2025,Sat,38,0,AHU_1
Sat Sep 27 2025 00:00:00 GMT+0100,2025,Sat,39,0,AHU_1
Sat Oct 04 2025 00:00:00 GMT+0100,2025,Sat,40,0,AHU_1
Sat Oct 11 2025 00:00:00 GMT+0100,2025,Sat,41,0,AHU_1
Sat Oct 18 2025 00:00:00 GMT+0100,2025,Sat,42,0,AHU_1
Sat Oct 25 2025 00:00:00 GMT+0100,2025,Sat,43,0,AHU_1
Sat Nov 01 2025 00:00:00 GMT+0000,2025,Sat,44,0,AHU_1
Sat Nov 08 2025 00:00:00 GMT+0000,2025,Sat,45,0,AHU_1
Sat Nov 15 2025 00:00:00 GMT+0000,2025,Sat,46,0,AHU_1
Sat Nov 22 2025 00:00:00 GMT+0000,2025,Sat,47,0,AHU_1
Sat Nov 29 2025 00:00:00 GMT+0000,2025,Sat,48,0,AHU_1
Sat Dec 06 2025 00:00:00 GMT+0000,2025,Sat,49,0.7152889032,AHU_1
Sat Dec 13 2025 00:00:00 GMT+0000,2025,Sat,50,0,AHU_1
Sat Dec 20 2025 00:00:00 GMT+0000,2025,Sat,51,0,AHU_1
Sat Dec 27 2025 00:00:00 GMT+0000,2025,Sat,52,0,AHU_1
Sun Jan 05 2025 00:00:00 GMT+0000,2025,Sun,1,0.2095623546,AHU_1
Sun Jan 12 2025 00:00:00 GMT+0000,2025,Sun,2,0.1256810275,AHU_1
Sun Jan 19 2025 00:00:00 GMT+0000,2025,Sun,3,0.1419363697,AHU_1
Sun Jan 26 2025 00:00:00 GMT+0000,2025,Sun,4,0,AHU_1
Sun Feb 02 2025 00:00:00 GMT+0000,2025,Sun,5,0.142143416,AHU_1
Sun Feb 09 2025 00:00:00 GMT+0000,2025,Sun,6,0.0865065558,AHU_1
Sun Feb 16 2025 00:00:00 GMT+0000,2025,Sun,7,0,AHU_1
Sun Feb 23 2025 00:00:00 GMT+0000,2025,Sun,8,0,AHU_1
Sun Mar 02 2025 00:00:00 GMT+0000,2025,Sun,9,0,AHU_1
Sun Mar 09 2025 00:00:00 GMT+0000,2025,Sun,10,0,AHU_1
Sun Mar 16 2025 00:00:00 GMT+0000,2025,Sun,11,0.1523207666,AHU_1
Sun Mar 23 2025 00:00:00 GMT+0000,2025,Sun,12,2.7458473964,AHU_1
Sun Mar 30 2025 00:00:00 GMT+0000,2025,Sun,13,1.1711123197,AHU_1
Sun Apr 06 2025 00:00:00 GMT+0100,2025,Sun,14,1.9486171709,AHU_1
Sun Apr 13 2025 00:00:00 GMT+0100,2025,Sun,15,0,AHU_1
Sun Apr 20 2025 00:00:00 GMT+0100,2025,Sun,16,0,AHU_1
Sun Apr 27 2025 00:00:00 GMT+0100,2025,Sun,17,0,AHU_1
Sun May 04 2025 00:00:00 GMT+0100,2025,Sun,18,0,AHU_1
Sun May 11 2025 00:00:00 GMT+0100,2025,Sun,19,0,AHU_1
Sun May 18 2025 00:00:00 GMT+0100,2025,Sun,20,0,AHU_1
Sun May 25 2025 00:00:00 GMT+0100,2025,Sun,21,0,AHU_1
Sun Jun 01 2025 00:00:00 GMT+0100,2025,Sun,22,0,AHU_1
Sun Jun 08 2025 00:00:00 GMT+0100,2025,Sun,23,0,AHU_1
Sun Jun 15 2025 00:00:00 GMT+0100,2025,Sun,24,0,AHU_1
Sun Jun 22 2025 00:00:00 GMT+0100,2025,Sun,25,0,AHU_1
Sun Jun 29 2025 00:00:00 GMT+0100,2025,Sun,26,0,AHU_1
Sun Jul 06 2025 00:00:00 GMT+0100,2025,Sun,27,0,AHU_1
Sun Jul 13 2025 00:00:00 GMT+0100,2025,Sun,28,0,AHU_1
Sun Jul 20 2025 00:00:00 GMT+0100,2025,Sun,29,0,AHU_1
Sun Jul 27 2025 00:00:00 GMT+0100,2025,Sun,30,0,AHU_1
Sun Aug 03 2025 00:00:00 GMT+0100,2025,Sun,31,0,AHU_1
Sun Aug 10 2025 00:00:00 GMT+0100,2025,Sun,32,0,AHU_1
Sun Aug 17 2025 00:00:00 GMT+0100,2025,Sun,33,0,AHU_1
Sun Aug 24 2025 00:00:00 GMT+0100,2025,Sun,34,0,AHU_1
Sun Aug 31 2025 00:00:00 GMT+0100,2025,Sun,35,0,AHU_1
Sun Sep 07 2025 00:00:00 GMT+0100,2025,Sun,36,0,AHU_1
Sun Sep 14 2025 00:00:00 GMT+0100,2025,Sun,37,0,AHU_1
Sun Sep 21 2025 00:00:00 GMT+0100,2025,Sun,38,0,AHU_1
Sun Sep 28 2025 00:00:00 GMT+0100,2025,Sun,39,0,AHU_1
Sun Oct 05 2025 00:00:00 GMT+0100,2025,Sun,40,0,AHU_1
Sun Oct 12 2025 00:00:00 GMT+0100,2025,Sun,41,0,AHU_1
Sun Oct 19 2025 00:00:00 GMT+0100,2025,Sun,42,0,AHU_1
Sun Oct 26 2025 00:00:00 GMT+0100,2025,Sun,43,0,AHU_1
Sun Nov 02 2025 00:00:00 GMT+0000,2025,Sun,44,0,AHU_1
Sun Nov 09 2025 00:00:00 GMT+0000,2025,Sun,45,0,AHU_1
Sun Nov 16 2025 00:00:00 GMT+0000,2025,Sun,46,0,AHU_1
Sun Nov 23 2025 00:00:00 GMT+0000,2025,Sun,47,0.0920971035,AHU_1
Sun Nov 30 2025 00:00:00 GMT+0000,2025,Sun,48,2.2862123514,AHU_1
Sun Dec 07 2025 00:00:00 GMT+0000,2025,Sun,49,,AHU_1
Sun Dec 14 2025 00:00:00 GMT+0000,2025,Sun,50,0,AHU_1
Sun Dec 21 2025 00:00:00 GMT+0000,2025,Sun,51,0,AHU_1
Sun Dec 28 2025 00:00:00 GMT+0000,2025,Sun,52,0,AHU_1
Mon Jan 05 2026 00:00:00 GMT+0000,2026,Mon,2,8.8310463114,AHU_1
Mon Jan 12 2026 00:00:00 GMT+0000,2026,Mon,3,1.1583462952,AHU_1
Mon Jan 19 2026 00:00:00 GMT+0000,2026,Mon,4,2.0250198446,AHU_1
Mon Jan 26 2026 00:00:00 GMT+0000,2026,Mon,5,4.3146310489,AHU_1
Mon Feb 02 2026 00:00:00 GMT+0000,2026,Mon,6,3.8595641909,AHU_1
Mon Feb 09 2026 00:00:00 GMT+0000,2026,Mon,7,0.8148861596,AHU_1
Mon Feb 16 2026 00:00:00 GMT+0000,2026,Mon,8,1.687857297,AHU_1
Mon Feb 23 2026 00:00:00 GMT+0000,2026,Mon,9,0,AHU_1
Mon Mar 02 2026 00:00:00 GMT+0000,2026,Mon,10,0,AHU_1
Mon Mar 09 2026 00:00:00 GMT+0000,2026,Mon,11,2.597428388,AHU_1
Mon Mar 16 2026 00:00:00 GMT+0000,2026,Mon,12,5.2476729062,AHU_1
Mon Mar 23 2026 00:00:00 GMT+0000,2026,Mon,13,6.3345556675,AHU_1
Mon Mar 30 2026 00:00:00 GMT+0100,2026,Mon,14,1.4348252445,AHU_1
Mon Apr 06 2026 00:00:00 GMT+0100,2026,Mon,15,0.9086901281,AHU_1
Mon Apr 13 2026 00:00:00 GMT+0100,2026,Mon,16,0.6514984317,AHU_1
Mon Apr 20 2026 00:00:00 GMT+0100,2026,Mon,17,0.6946148863,AHU_1
Tue Jan 06 2026 00:00:00 GMT+0000,2026,Tue,2,5.0402512338,AHU_1
Tue Jan 13 2026 00:00:00 GMT+0000,2026,Tue,3,1.7335400649,AHU_1
Tue Jan 20 2026 00:00:00 GMT+0000,2026,Tue,4,1.1421466594,AHU_1
Tue Jan 27 2026 00:00:00 GMT+0000,2026,Tue,5,5.5275042298,AHU_1
Tue Feb 03 2026 00:00:00 GMT+0000,2026,Tue,6,2.5416188039,AHU_1
Tue Feb 10 2026 00:00:00 GMT+0000,2026,Tue,7,1.3242931399,AHU_1
Tue Feb 17 2026 00:00:00 GMT+0000,2026,Tue,8,1.8633937979,AHU_1
Tue Feb 24 2026 00:00:00 GMT+0000,2026,Tue,9,0,AHU_1
Tue Mar 03 2026 00:00:00 GMT+0000,2026,Tue,10,0.5569789443,AHU_1
Tue Mar 10 2026 00:00:00 GMT+0000,2026,Tue,11,3.2087698704,AHU_1
Tue Mar 17 2026 00:00:00 GMT+0000,2026,Tue,12,1.8447935917,AHU_1
Tue Mar 24 2026 00:00:00 GMT+0000,2026,Tue,13,1.941885752,AHU_1
Tue Mar 31 2026 00:00:00 GMT+0100,2026,Tue,14,0.256948843,AHU_1
Tue Apr 07 2026 00:00:00 GMT+0100,2026,Tue,15,0.6878251899,AHU_1
Tue Apr 14 2026 00:00:00 GMT+0100,2026,Tue,16,0.6798316053,AHU_1
Wed Jan 07 2026 00:00:00 GMT+0000,2026,Wed,2,3.2843276895,AHU_1
Wed Jan 14 2026 00:00:00 GMT+0000,2026,Wed,3,1.9967418121,AHU_1
Wed Jan 21 2026 00:00:00 GMT+0000,2026,Wed,4,1.9442399839,AHU_1
Wed Jan 28 2026 00:00:00 GMT+0000,2026,Wed,5,5.294091296,AHU_1
Wed Feb 04 2026 00:00:00 GMT+0000,2026,Wed,6,2.9253308743,AHU_1
Wed Feb 11 2026 00:00:00 GMT+0000,2026,Wed,7,0.5613029907,AHU_1
Wed Feb 18 2026 00:00:00 GMT+0000,2026,Wed,8,2.8830427904,AHU_1
Wed Feb 25 2026 00:00:00 GMT+0000,2026,Wed,9,0,AHU_1
Wed Mar 04 2026 00:00:00 GMT+0000,2026,Wed,10,0.8945477339,AHU_1
Wed Mar 11 2026 00:00:00 GMT+0000,2026,Wed,11,4.5657629799,AHU_1
Wed Mar 18 2026 00:00:00 GMT+0000,2026,Wed,12,3.0433759995,AHU_1
Wed Mar 25 2026 00:00:00 GMT+0000,2026,Wed,13,2.072082185,AHU_1
Wed Apr 01 2026 00:00:00 GMT+0100,2026,Wed,14,0,AHU_1
Wed Apr 08 2026 00:00:00 GMT+0100,2026,Wed,15,1.008998764,AHU_1
Wed Apr 15 2026 00:00:00 GMT+0100,2026,Wed,16,0,AHU_1
Thu Jan 01 2026 00:00:00 GMT+0000,2026,Thu,1,2.6396147347,AHU_1
Thu Jan 08 2026 00:00:00 GMT+0000,2026,Thu,2,5.3259272753,AHU_1
Thu Jan 15 2026 00:00:00 GMT+0000,2026,Thu,3,1.5013939133,AHU_1
Thu Jan 22 2026 00:00:00 GMT+0000,2026,Thu,4,3.6164343496,AHU_1
Thu Jan 29 2026 00:00:00 GMT+0000,2026,Thu,5,5.8368543582,AHU_1
Thu Feb 05 2026 00:00:00 GMT+0000,2026,Thu,6,4.1150864209,AHU_1
Thu Feb 12 2026 00:00:00 GMT+0000,2026,Thu,7,2.2382520651,AHU_1
Thu Feb 19 2026 00:00:00 GMT+0000,2026,Thu,8,1.3087446433,AHU_1
Thu Feb 26 2026 00:00:00 GMT+0000,2026,Thu,9,0,AHU_1
Thu Mar 05 2026 00:00:00 GMT+0000,2026,Thu,10,2.5154584392,AHU_1
Thu Mar 12 2026 00:00:00 GMT+0000,2026,Thu,11,4.0172894,AHU_1
Thu Mar 19 2026 00:00:00 GMT+0000,2026,Thu,12,3.7784812272,AHU_1
Thu Mar 26 2026 00:00:00 GMT+0000,2026,Thu,13,2.1573220313,AHU_1
Thu Apr 02 2026 00:00:00 GMT+0100,2026,Thu,14,1.2833557998,AHU_1
Thu Apr 09 2026 00:00:00 GMT+0100,2026,Thu,15,0,AHU_1
Thu Apr 16 2026 00:00:00 GMT+0100,2026,Thu,16,0,AHU_1
Fri Jan 02 2026 00:00:00 GMT+0000,2026,Fri,1,3.0888529755,AHU_1
Fri Jan 09 2026 00:00:00 GMT+0000,2026,Fri,2,2.4701957777,AHU_1
Fri Jan 16 2026 00:00:00 GMT+0000,2026,Fri,3,3.0841639875,AHU_1
Fri Jan 23 2026 00:00:00 GMT+0000,2026,Fri,4,3.9327799845,AHU_1
Fri Jan 30 2026 00:00:00 GMT+0000,2026,Fri,5,5.5976405993,AHU_1
Fri Feb 06 2026 00:00:00 GMT+0000,2026,Fri,6,5.6951783965,AHU_1
Fri Feb 13 2026 00:00:00 GMT+0000,2026,Fri,7,2.891633558,AHU_1
Fri Feb 20 2026 00:00:00 GMT+0000,2026,Fri,8,0,AHU_1
Fri Feb 27 2026 00:00:00 GMT+0000,2026,Fri,9,0,AHU_1
Fri Mar 06 2026 00:00:00 GMT+0000,2026,Fri,10,6.6054801973,AHU_1
Fri Mar 13 2026 00:00:00 GMT+0000,2026,Fri,11,6.312912116,AHU_1
Fri Mar 20 2026 00:00:00 GMT+0000,2026,Fri,12,4.2285829873,AHU_1
Fri Mar 27 2026 00:00:00 GMT+0000,2026,Fri,13,0.2384221072,AHU_1
Fri Apr 03 2026 00:00:00 GMT+0100,2026,Fri,14,0.4360907355,AHU_1
Fri Apr 10 2026 00:00:00 GMT+0100,2026,Fri,15,0.9945053329,AHU_1
Fri Apr 17 2026 00:00:00 GMT+0100,2026,Fri,16,0,AHU_1
Sat Jan 03 2026 00:00:00 GMT+0000,2026,Sat,1,1.5722576877,AHU_1
Sat Jan 10 2026 00:00:00 GMT+0000,2026,Sat,2,3.3537033082,AHU_1
Sat Jan 17 2026 00:00:00 GMT+0000,2026,Sat,3,1.0045512763,AHU_1
Sat Jan 24 2026 00:00:00 GMT+0000,2026,Sat,4,4.8087542872,AHU_1
Sat Jan 31 2026 00:00:00 GMT+0000,2026,Sat,5,2.8265647414,AHU_1
Sat Feb 07 2026 00:00:00 GMT+0000,2026,Sat,6,0.4544147558,AHU_1
Sat Feb 14 2026 00:00:00 GMT+0000,2026,Sat,7,4.3856322484,AHU_1
Sat Feb 21 2026 00:00:00 GMT+0000,2026,Sat,8,0,AHU_1
Sat Feb 28 2026 00:00:00 GMT+0000,2026,Sat,9,0,AHU_1
Sat Mar 07 2026 00:00:00 GMT+0000,2026,Sat,10,7.2832671142,AHU_1
Sat Mar 14 2026 00:00:00 GMT+0000,2026,Sat,11,7.04982572,AHU_1
Sat Mar 21 2026 00:00:00 GMT+0000,2026,Sat,12,5.0282545671,AHU_1
Sat Mar 28 2026 00:00:00 GMT+0000,2026,Sat,13,0,AHU_1
Sat Apr 04 2026 00:00:00 GMT+0100,2026,Sat,14,0,AHU_1
Sat Apr 11 2026 00:00:00 GMT+0100,2026,Sat,15,0,AHU_1
Sat Apr 18 2026 00:00:00 GMT+0100,2026,Sat,16,0,AHU_1
Sun Jan 04 2026 00:00:00 GMT+0000,2026,Sun,1,9.2934966928,AHU_1
Sun Jan 11 2026 00:00:00 GMT+0000,2026,Sun,2,3.2218610404,AHU_1
Sun Jan 18 2026 00:00:00 GMT+0000,2026,Sun,3,1.6135273217,AHU_1
Sun Jan 25 2026 00:00:00 GMT+0000,2026,Sun,4,3.0297523473,AHU_1
Sun Feb 01 2026 00:00:00 GMT+0000,2026,Sun,5,0,AHU_1
Sun Feb 08 2026 00:00:00 GMT+0000,2026,Sun,6,0,AHU_1
Sun Feb 15 2026 00:00:00 GMT+0000,2026,Sun,7,4.5068030795,AHU_1
Sun Feb 22 2026 00:00:00 GMT+0000,2026,Sun,8,0,AHU_1
Sun Mar 01 2026 00:00:00 GMT+0000,2026,Sun,9,0.3365652938,AHU_1
Sun Mar 08 2026 00:00:00 GMT+0000,2026,Sun,10,6.3403010724,AHU_1
Sun Mar 15 2026 00:00:00 GMT+0000,2026,Sun,11,6.6412120507,AHU_1
Sun Mar 22 2026 00:00:00 GMT+0000,2026,Sun,12,7.2126905287,AHU_1
Sun Mar 29 2026 00:00:00 GMT+0000,2026,Sun,13,0,AHU_1
Sun Apr 05 2026 00:00:00 GMT+0100,2026,Sun,14,0,AHU_1
Sun Apr 12 2026 00:00:00 GMT+0100,2026,Sun,15,0,AHU_1
Sun Apr 19 2026 00:00:00 GMT+0100,2026,Sun,16,0,AHU_1
