date,label,fan_kWh,asset
Mon Dec 23 2024 00:00:00 GMT+0000,2024.Mon,0.1609394536,FCU 11/01
Mon Dec 30 2024 00:00:00 GMT+0000,2024.Mon,0.1355968386,FCU 11/01
Tue Dec 17 2024 00:00:00 GMT+0000,2024.Tue,0.4033919806,FCU 11/01
Tue Dec 24 2024 00:00:00 GMT+0000,2024.Tue,0.1375072611,FCU 11/01
Tue Dec 31 2024 00:00:00 GMT+0000,2024.Tue,0.1652134109,FCU 11/01
Wed Dec 18 2024 00:00:00 GMT+0000,2024.Wed,0.1622247636,FCU 11/01
Wed Dec 25 2024 00:00:00 GMT+0000,2024.Wed,0.1627984453,FCU 11/01
Thu Dec 19 2024 00:00:00 GMT+0000,2024.Thu,0.6686352829,FCU 11/01
Thu Dec 26 2024 00:00:00 GMT+0000,2024.Thu,0.1559816454,FCU 11/01
Fri Dec 20 2024 00:00:00 GMT+0000,2024.Fri,0.355819341,FCU 11/01
Fri Dec 27 2024 00:00:00 GMT+0000,2024.Fri,0.140775231,FCU 11/01
Sat Dec 21 2024 00:00:00 GMT+0000,2024.Sat,0,FCU 11/01
Sat Dec 28 2024 00:00:00 GMT+0000,2024.Sat,0,FCU 11/01
Sun Dec 22 2024 00:00:00 GMT+0000,2024.Sun,0,FCU 11/01
Sun Dec 29 2024 00:00:00 GMT+0000,2024.Sun,0,FCU 11/01
Mon Jan 06 2025 00:00:00 GMT+0000,2025.Mon,0.1923826315,FCU 11/01
Mon Jan 13 2025 00:00:00 GMT+0000,2025.Mon,0.389970749,FCU 11/01
Mon Jan 20 2025 00:00:00 GMT+0000,2025.Mon,1.0985121082,FCU 11/01
Mon Jan 27 2025 00:00:00 GMT+0000,2025.Mon,0.7970846567,FCU 11/01
Mon Feb 03 2025 00:00:00 GMT+0000,2025.Mon,0.7625086518,FCU 11/01
Mon Feb 10 2025 00:00:00 GMT+0000,2025.Mon,0.8094750065,FCU 11/01
Mon Feb 17 2025 00:00:00 GMT+0000,2025.Mon,0.8006979161,FCU 11/01
Mon Feb 24 2025 00:00:00 GMT+0000,2025.Mon,0.8357290019,FCU 11/01
Mon Mar 03 2025 00:00:00 GMT+0000,2025.Mon,0.7672170095,FCU 11/01
Mon Mar 10 2025 00:00:00 GMT+0000,2025.Mon,0.911094659,FCU 11/01
Mon Mar 17 2025 00:00:00 GMT+0000,2025.Mon,0.8776150666,FCU 11/01
Mon Mar 24 2025 00:00:00 GMT+0000,2025.Mon,0.767126207,FCU 11/01
Mon Mar 31 2025 00:00:00 GMT+0100,2025.Mon,0.9123846672,FCU 11/01
Mon Apr 07 2025 00:00:00 GMT+0100,2025.Mon,0.9105536663,FCU 11/01
Mon Apr 14 2025 00:00:00 GMT+0100,2025.Mon,0.8707369336,FCU 11/01
Mon Apr 21 2025 00:00:00 GMT+0100,2025.Mon,0.8390188153,FCU 11/01
Mon Apr 28 2025 00:00:00 GMT+0100,2025.Mon,0.2968729568,FCU 11/01
Mon May 05 2025 00:00:00 GMT+0100,2025.Mon,0.1382941669,FCU 11/01
Mon May 12 2025 00:00:00 GMT+0100,2025.Mon,0.810915806,FCU 11/01
Mon May 19 2025 00:00:00 GMT+0100,2025.Mon,0.3246055211,FCU 11/01
Mon May 26 2025 00:00:00 GMT+0100,2025.Mon,0.1296680767,FCU 11/01
Mon Jun 02 2025 00:00:00 GMT+0100,2025.Mon,0.4507538259,FCU 11/01
Mon Jun 09 2025 00:00:00 GMT+0100,2025.Mon,,FCU 11/01
Mon Jun 16 2025 00:00:00 GMT+0100,2025.Mon,0.843430948,FCU 11/01
Mon Jun 23 2025 00:00:00 GMT+0100,2025.Mon,0.5768911482,FCU 11/01
Mon Jun 30 2025 00:00:00 GMT+0100,2025.Mon,0.9174635159,FCU 11/01
Mon Jul 07 2025 00:00:00 GMT+0100,2025.Mon,0.1912030897,FCU 11/01
Mon Jul 14 2025 00:00:00 GMT+0100,2025.Mon,0.5638431341,FCU 11/01
Mon Jul 21 2025 00:00:00 GMT+0100,2025.Mon,0.8887677601,FCU 11/01
Mon Jul 28 2025 00:00:00 GMT+0100,2025.Mon,0.6544804337,FCU 11/01
Mon Aug 04 2025 00:00:00 GMT+0100,2025.Mon,0.7141384855,FCU 11/01
Mon Aug 11 2025 00:00:00 GMT+0100,2025.Mon,0.8737740515,FCU 11/01
Mon Aug 18 2025 00:00:00 GMT+0100,2025.Mon,0.6825399716,FCU 11/01
Mon Aug 25 2025 00:00:00 GMT+0100,2025.Mon,0.623906087,FCU 11/01
Mon Sep 01 2025 00:00:00 GMT+0100,2025.Mon,0.6159854237,FCU 11/01
Mon Sep 08 2025 00:00:00 GMT+0100,2025.Mon,0.5211806992,FCU 11/01
Mon Sep 15 2025 00:00:00 GMT+0100,2025.Mon,0.1813060153,FCU 11/01
Mon Sep 22 2025 00:00:00 GMT+0100,2025.Mon,0.1808851139,FCU 11/01
Mon Sep 29 2025 00:00:00 GMT+0100,2025.Mon,0.2181113166,FCU 11/01
Mon Oct 06 2025 00:00:00 GMT+0100,2025.Mon,0.2352821718,FCU 11/01
Mon Oct 13 2025 00:00:00 GMT+0100,2025.Mon,0.1803335915,FCU 11/01
Mon Oct 20 2025 00:00:00 GMT+0100,2025.Mon,0.2687567005,FCU 11/01
Mon Oct 27 2025 00:00:00 GMT+0000,2025.Mon,0.5544278662,FCU 11/01
Mon Nov 03 2025 00:00:00 GMT+0000,2025.Mon,0.4906780373,FCU 11/01
Mon Nov 10 2025 00:00:00 GMT+0000,2025.Mon,0.4302716793,FCU 11/01
Mon Nov 17 2025 00:00:00 GMT+0000,2025.Mon,0.5909213168,FCU 11/01
Mon Nov 24 2025 00:00:00 GMT+0000,2025.Mon,0.6309334077,FCU 11/01
Mon Dec 01 2025 00:00:00 GMT+0000,2025.Mon,0.5495619105,FCU 11/01
Mon Dec 08 2025 00:00:00 GMT+0000,2025.Mon,0.708084099,FCU 11/01
Mon Dec 15 2025 00:00:00 GMT+0000,2025.Mon,0.4513456458,FCU 11/01
Mon Dec 22 2025 00:00:00 GMT+0000,2025.Mon,0.6342274569,FCU 11/01
Mon Dec 29 2025 00:00:00 GMT+0000,2025.Mon,0.9647200704,FCU 11/01
Tue Jan 07 2025 00:00:00 GMT+0000,2025.Tue,0.5362094933,FCU 11/01
Tue Jan 14 2025 00:00:00 GMT+0000,2025.Tue,0.5647709362,FCU 11/01
Tue Jan 21 2025 00:00:00 GMT+0000,2025.Tue,0.8376653205,FCU 11/01
Tue Jan 28 2025 00:00:00 GMT+0000,2025.Tue,0.8771537406,FCU 11/01
Tue Feb 04 2025 00:00:00 GMT+0000,2025.Tue,0.8745953049,FCU 11/01
Tue Feb 11 2025 00:00:00 GMT+0000,2025.Tue,0.8400111501,FCU 11/01
Tue Feb 18 2025 00:00:00 GMT+0000,2025.Tue,0.8614952948,FCU 11/01
Tue Feb 25 2025 00:00:00 GMT+0000,2025.Tue,0.8811450037,FCU 11/01
Tue Mar 04 2025 00:00:00 GMT+0000,2025.Tue,0.7930115596,FCU 11/01
Tue Mar 11 2025 00:00:00 GMT+0000,2025.Tue,0.8337801636,FCU 11/01
Tue Mar 18 2025 00:00:00 GMT+0000,2025.Tue,0.9046731132,FCU 11/01
Tue Mar 25 2025 00:00:00 GMT+0000,2025.Tue,0.8711209187,FCU 11/01
Tue Apr 01 2025 00:00:00 GMT+0100,2025.Tue,0.8655562046,FCU 11/01
Tue Apr 08 2025 00:00:00 GMT+0100,2025.Tue,0.8668093722,FCU 11/01
Tue Apr 15 2025 00:00:00 GMT+0100,2025.Tue,0.871182435,FCU 11/01
Tue Apr 22 2025 00:00:00 GMT+0100,2025.Tue,0.8677692174,FCU 11/01
Tue Apr 29 2025 00:00:00 GMT+0100,2025.Tue,0.6507248728,FCU 11/01
Tue May 06 2025 00:00:00 GMT+0100,2025.Tue,0.1312300778,FCU 11/01
Tue May 13 2025 00:00:00 GMT+0100,2025.Tue,0.4879070582,FCU 11/01
Tue May 20 2025 00:00:00 GMT+0100,2025.Tue,0.2266308561,FCU 11/01
Tue May 27 2025 00:00:00 GMT+0100,2025.Tue,0.1958104967,FCU 11/01
Tue Jun 03 2025 00:00:00 GMT+0100,2025.Tue,0.3638289612,FCU 11/01
Tue Jun 10 2025 00:00:00 GMT+0100,2025.Tue,,FCU 11/01
Tue Jun 17 2025 00:00:00 GMT+0100,2025.Tue,0.5430244869,FCU 11/01
Tue Jun 24 2025 00:00:00 GMT+0100,2025.Tue,0.5384321346,FCU 11/01
Tue Jul 01 2025 00:00:00 GMT+0100,2025.Tue,0.4220443063,FCU 11/01
Tue Jul 08 2025 00:00:00 GMT+0100,2025.Tue,0.3434160282,FCU 11/01
Tue Jul 15 2025 00:00:00 GMT+0100,2025.Tue,0.3569214174,FCU 11/01
Tue Jul 22 2025 00:00:00 GMT+0100,2025.Tue,0.747877027,FCU 11/01
Tue Jul 29 2025 00:00:00 GMT+0100,2025.Tue,0.7606405124,FCU 11/01
Tue Aug 05 2025 00:00:00 GMT+0100,2025.Tue,0.6154634667,FCU 11/01
Tue Aug 12 2025 00:00:00 GMT+0100,2025.Tue,0.8857431705,FCU 11/01
Tue Aug 19 2025 00:00:00 GMT+0100,2025.Tue,0.3849911897,FCU 11/01
Tue Aug 26 2025 00:00:00 GMT+0100,2025.Tue,0.813961391,FCU 11/01
Tue Sep 02 2025 00:00:00 GMT+0100,2025.Tue,0.6693969109,FCU 11/01
Tue Sep 09 2025 00:00:00 GMT+0100,2025.Tue,0.4955587866,FCU 11/01
Tue Sep 16 2025 00:00:00 GMT+0100,2025.Tue,0.3286096572,FCU 11/01
Tue Sep 23 2025 00:00:00 GMT+0100,2025.Tue,0.2663254454,FCU 11/01
Tue Sep 30 2025 00:00:00 GMT+0100,2025.Tue,0.2068502209,FCU 11/01
Tue Oct 07 2025 00:00:00 GMT+0100,2025.Tue,0.1561996854,FCU 11/01
Tue Oct 14 2025 00:00:00 GMT+0100,2025.Tue,0.1961470442,FCU 11/01
Tue Oct 21 2025 00:00:00 GMT+0100,2025.Tue,0.2086599718,FCU 11/01
Tue Oct 28 2025 00:00:00 GMT+0000,2025.Tue,0.5968752833,FCU 11/01
Tue Nov 04 2025 00:00:00 GMT+0000,2025.Tue,0.2110593079,FCU 11/01
Tue Nov 11 2025 00:00:00 GMT+0000,2025.Tue,0.3994508878,FCU 11/01
Tue Nov 18 2025 00:00:00 GMT+0000,2025.Tue,0.5948887262,FCU 11/01
Tue Nov 25 2025 00:00:00 GMT+0000,2025.Tue,0.5726838231,FCU 11/01
Tue Dec 02 2025 00:00:00 GMT+0000,2025.Tue,0.5371293404,FCU 11/01
Tue Dec 09 2025 00:00:00 GMT+0000,2025.Tue,0.5683618771,FCU 11/01
Tue Dec 16 2025 00:00:00 GMT+0000,2025.Tue,0.3728333719,FCU 11/01
Tue Dec 23 2025 00:00:00 GMT+0000,2025.Tue,0.3405774129,FCU 11/01
Tue Dec 30 2025 00:00:00 GMT+0000,2025.Tue,0.9330849047,FCU 11/01
Wed Jan 01 2025 00:00:00 GMT+0000,2025.Wed,0.1606710239,FCU 11/01
Wed Jan 08 2025 00:00:00 GMT+0000,2025.Wed,0.5985221925,FCU 11/01
Wed Jan 15 2025 00:00:00 GMT+0000,2025.Wed,1.0991899444,FCU 11/01
Wed Jan 22 2025 00:00:00 GMT+0000,2025.Wed,0.8345066602,FCU 11/01
Wed Jan 29 2025 00:00:00 GMT+0000,2025.Wed,0.8885140239,FCU 11/01
Wed Feb 05 2025 00:00:00 GMT+0000,2025.Wed,0.8772511854,FCU 11/01
Wed Feb 12 2025 00:00:00 GMT+0000,2025.Wed,0.8807563914,FCU 11/01
Wed Feb 19 2025 00:00:00 GMT+0000,2025.Wed,0.8263583676,FCU 11/01
Wed Feb 26 2025 00:00:00 GMT+0000,2025.Wed,0.8750075552,FCU 11/01
Wed Mar 05 2025 00:00:00 GMT+0000,2025.Wed,0.7982059943,FCU 11/01
Wed Mar 12 2025 00:00:00 GMT+0000,2025.Wed,0.8613212884,FCU 11/01
Wed Mar 19 2025 00:00:00 GMT+0000,2025.Wed,0.8980533602,FCU 11/01
Wed Mar 26 2025 00:00:00 GMT+0000,2025.Wed,0.7998494539,FCU 11/01
Wed Apr 02 2025 00:00:00 GMT+0100,2025.Wed,0.8400522862,FCU 11/01
Wed Apr 09 2025 00:00:00 GMT+0100,2025.Wed,0.866351584,FCU 11/01
Wed Apr 16 2025 00:00:00 GMT+0100,2025.Wed,0.8733941364,FCU 11/01
Wed Apr 23 2025 00:00:00 GMT+0100,2025.Wed,0.8724102734,FCU 11/01
Wed Apr 30 2025 00:00:00 GMT+0100,2025.Wed,0.612186774,FCU 11/01
Wed May 07 2025 00:00:00 GMT+0100,2025.Wed,0.1291963498,FCU 11/01
Wed May 14 2025 00:00:00 GMT+0100,2025.Wed,0.4037718631,FCU 11/01
Wed May 21 2025 00:00:00 GMT+0100,2025.Wed,0.1749151484,FCU 11/01
Wed May 28 2025 00:00:00 GMT+0100,2025.Wed,0.2049557231,FCU 11/01
Wed Jun 04 2025 00:00:00 GMT+0100,2025.Wed,0.2277712126,FCU 11/01
Wed Jun 11 2025 00:00:00 GMT+0100,2025.Wed,0.8143394937,FCU 11/01
Wed Jun 18 2025 00:00:00 GMT+0100,2025.Wed,0.6753959353,FCU 11/01
Wed Jun 25 2025 00:00:00 GMT+0100,2025.Wed,0.6765803298,FCU 11/01
Wed Jul 02 2025 00:00:00 GMT+0100,2025.Wed,0.2114730568,FCU 11/01
Wed Jul 09 2025 00:00:00 GMT+0100,2025.Wed,0.7838270895,FCU 11/01
Wed Jul 16 2025 00:00:00 GMT+0100,2025.Wed,0.5920217736,FCU 11/01
Wed Jul 23 2025 00:00:00 GMT+0100,2025.Wed,0.50305489,FCU 11/01
Wed Jul 30 2025 00:00:00 GMT+0100,2025.Wed,0.7534862822,FCU 11/01
Wed Aug 06 2025 00:00:00 GMT+0100,2025.Wed,0.6215701866,FCU 11/01
Wed Aug 13 2025 00:00:00 GMT+0100,2025.Wed,0.8987815649,FCU 11/01
Wed Aug 20 2025 00:00:00 GMT+0100,2025.Wed,0.2560920447,FCU 11/01
Wed Aug 27 2025 00:00:00 GMT+0100,2025.Wed,0.6215677479,FCU 11/01
Wed Sep 03 2025 00:00:00 GMT+0100,2025.Wed,0.5754370189,FCU 11/01
Wed Sep 10 2025 00:00:00 GMT+0100,2025.Wed,0.4013983125,FCU 11/01
Wed Sep 17 2025 00:00:00 GMT+0100,2025.Wed,0.5003334221,FCU 11/01
Wed Sep 24 2025 00:00:00 GMT+0100,2025.Wed,0.135783394,FCU 11/01
Wed Oct 01 2025 00:00:00 GMT+0100,2025.Wed,0.1312494375,FCU 11/01
Wed Oct 08 2025 00:00:00 GMT+0100,2025.Wed,0.1399654903,FCU 11/01
Wed Oct 15 2025 00:00:00 GMT+0100,2025.Wed,0.2203085543,FCU 11/01
Wed Oct 22 2025 00:00:00 GMT+0100,2025.Wed,0.2266673787,FCU 11/01
Wed Oct 29 2025 00:00:00 GMT+0000,2025.Wed,0.3472316304,FCU 11/01
Wed Nov 05 2025 00:00:00 GMT+0000,2025.Wed,0.1424937634,FCU 11/01
Wed Nov 12 2025 00:00:00 GMT+0000,2025.Wed,0.3031141546,FCU 11/01
Wed Nov 19 2025 00:00:00 GMT+0000,2025.Wed,0.5487501234,FCU 11/01
Wed Nov 26 2025 00:00:00 GMT+0000,2025.Wed,0.5569082769,FCU 11/01
Wed Dec 03 2025 00:00:00 GMT+0000,2025.Wed,0.4159167996,FCU 11/01
Wed Dec 10 2025 00:00:00 GMT+0000,2025.Wed,0.3654370452,FCU 11/01
Wed Dec 17 2025 00:00:00 GMT+0000,2025.Wed,0.5163022552,FCU 11/01
Wed Dec 24 2025 00:00:00 GMT+0000,2025.Wed,0.3858449021,FCU 11/01
Wed Dec 31 2025 00:00:00 GMT+0000,2025.Wed,1.0000090972,FCU 11/01
Thu Jan 02 2025 00:00:00 GMT+0000,2025.Thu,0.5917921215,FCU 11/01
Thu Jan 09 2025 00:00:00 GMT+0000,2025.Thu,0.6220396257,FCU 11/01
Thu Jan 16 2025 00:00:00 GMT+0000,2025.Thu,1.0000055139,FCU 11/01
Thu Jan 23 2025 00:00:00 GMT+0000,2025.Thu,0.838337894,FCU 11/01
Thu Jan 30 2025 00:00:00 GMT+0000,2025.Thu,0.8845052955,FCU 11/01
Thu Feb 06 2025 00:00:00 GMT+0000,2025.Thu,0.8888854688,FCU 11/01
Thu Feb 13 2025 00:00:00 GMT+0000,2025.Thu,0.8313062969,FCU 11/01
Thu Feb 20 2025 00:00:00 GMT+0000,2025.Thu,0.8343098972,FCU 11/01
Thu Feb 27 2025 00:00:00 GMT+0000,2025.Thu,0.7637397953,FCU 11/01
Thu Mar 06 2025 00:00:00 GMT+0000,2025.Thu,0.8881981912,FCU 11/01
Thu Mar 13 2025 00:00:00 GMT+0000,2025.Thu,0.9140365987,FCU 11/01
Thu Mar 20 2025 00:00:00 GMT+0000,2025.Thu,0.8358693756,FCU 11/01
Thu Mar 27 2025 00:00:00 GMT+0000,2025.Thu,0.8525719818,FCU 11/01
Thu Apr 03 2025 00:00:00 GMT+0100,2025.Thu,0.857932155,FCU 11/01
Thu Apr 10 2025 00:00:00 GMT+0100,2025.Thu,0.7784824198,FCU 11/01
Thu Apr 17 2025 00:00:00 GMT+0100,2025.Thu,0.866432913,FCU 11/01
Thu Apr 24 2025 00:00:00 GMT+0100,2025.Thu,0.7948932906,FCU 11/01
Thu May 01 2025 00:00:00 GMT+0100,2025.Thu,0.6590574084,FCU 11/01
Thu May 08 2025 00:00:00 GMT+0100,2025.Thu,0.1357400949,FCU 11/01
Thu May 15 2025 00:00:00 GMT+0100,2025.Thu,0.2051887884,FCU 11/01
Thu May 22 2025 00:00:00 GMT+0100,2025.Thu,0.1336882302,FCU 11/01
Thu May 29 2025 00:00:00 GMT+0100,2025.Thu,0.3543028715,FCU 11/01
Thu Jun 05 2025 00:00:00 GMT+0100,2025.Thu,0.3314393983,FCU 11/01
Thu Jun 12 2025 00:00:00 GMT+0100,2025.Thu,0.7074923505,FCU 11/01
Thu Jun 19 2025 00:00:00 GMT+0100,2025.Thu,0.8666384193,FCU 11/01
Thu Jun 26 2025 00:00:00 GMT+0100,2025.Thu,0.4295140343,FCU 11/01
Thu Jul 03 2025 00:00:00 GMT+0100,2025.Thu,0.1782419583,FCU 11/01
Thu Jul 10 2025 00:00:00 GMT+0100,2025.Thu,0.794463172,FCU 11/01
Thu Jul 17 2025 00:00:00 GMT+0100,2025.Thu,0.9058502837,FCU 11/01
Thu Jul 24 2025 00:00:00 GMT+0100,2025.Thu,0.8005682073,FCU 11/01
Thu Jul 31 2025 00:00:00 GMT+0100,2025.Thu,0.4567258157,FCU 11/01
Thu Aug 07 2025 00:00:00 GMT+0100,2025.Thu,0.7257810207,FCU 11/01
Thu Aug 14 2025 00:00:00 GMT+0100,2025.Thu,0.8722033843,FCU 11/01
Thu Aug 21 2025 00:00:00 GMT+0100,2025.Thu,0.2353711132,FCU 11/01
Thu Aug 28 2025 00:00:00 GMT+0100,2025.Thu,0.6904399245,FCU 11/01
Thu Sep 04 2025 00:00:00 GMT+0100,2025.Thu,0.4651113546,FCU 11/01
Thu Sep 11 2025 00:00:00 GMT+0100,2025.Thu,0.2340476774,FCU 11/01
Thu Sep 18 2025 00:00:00 GMT+0100,2025.Thu,0.4343487973,FCU 11/01
Thu Sep 25 2025 00:00:00 GMT+0100,2025.Thu,0.1874578965,FCU 11/01
Thu Oct 02 2025 00:00:00 GMT+0100,2025.Thu,0.13542901,FCU 11/01
Thu Oct 09 2025 00:00:00 GMT+0100,2025.Thu,0.1447187807,FCU 11/01
Thu Oct 16 2025 00:00:00 GMT+0100,2025.Thu,0.1593279933,FCU 11/01
Thu Oct 23 2025 00:00:00 GMT+0100,2025.Thu,0.2360164906,FCU 11/01
Thu Oct 30 2025 00:00:00 GMT+0000,2025.Thu,0.4369522399,FCU 11/01
Thu Nov 06 2025 00:00:00 GMT+0000,2025.Thu,0.1433691125,FCU 11/01
Thu Nov 13 2025 00:00:00 GMT+0000,2025.Thu,0.3169342066,FCU 11/01
Thu Nov 20 2025 00:00:00 GMT+0000,2025.Thu,0.5931295809,FCU 11/01
Thu Nov 27 2025 00:00:00 GMT+0000,2025.Thu,0.5237896562,FCU 11/01
Thu Dec 04 2025 00:00:00 GMT+0000,2025.Thu,0.4502950607,FCU 11/01
Thu Dec 11 2025 00:00:00 GMT+0000,2025.Thu,0.3605653996,FCU 11/01
Thu Dec 18 2025 00:00:00 GMT+0000,2025.Thu,0.5518576455,FCU 11/01
Thu Dec 25 2025 00:00:00 GMT+0000,2025.Thu,0.829289595,FCU 11/01
Fri Jan 03 2025 00:00:00 GMT+0000,2025.Fri,0.592764895,FCU 11/01
Fri Jan 10 2025 00:00:00 GMT+0000,2025.Fri,0.6888743478,FCU 11/01
Fri Jan 17 2025 00:00:00 GMT+0000,2025.Fri,1.0991587222,FCU 11/01
Fri Jan 24 2025 00:00:00 GMT+0000,2025.Fri,0.9084893858,FCU 11/01
Fri Jan 31 2025 00:00:00 GMT+0000,2025.Fri,0.8379094243,FCU 11/01
Fri Feb 07 2025 00:00:00 GMT+0000,2025.Fri,0.8385022818,FCU 11/01
Fri Feb 14 2025 00:00:00 GMT+0000,2025.Fri,0.9091570702,FCU 11/01
Fri Feb 21 2025 00:00:00 GMT+0000,2025.Fri,0.8334613692,FCU 11/01
Fri Feb 28 2025 00:00:00 GMT+0000,2025.Fri,0.8764136494,FCU 11/01
Fri Mar 07 2025 00:00:00 GMT+0000,2025.Fri,0.8324755297,FCU 11/01
Fri Mar 14 2025 00:00:00 GMT+0000,2025.Fri,0.847953892,FCU 11/01
Fri Mar 21 2025 00:00:00 GMT+0000,2025.Fri,0.8358104988,FCU 11/01
Fri Mar 28 2025 00:00:00 GMT+0000,2025.Fri,0.853456719,FCU 11/01
Fri Apr 04 2025 00:00:00 GMT+0100,2025.Fri,0.8617974646,FCU 11/01
Fri Apr 11 2025 00:00:00 GMT+0100,2025.Fri,0.8752528011,FCU 11/01
Fri Apr 18 2025 00:00:00 GMT+0100,2025.Fri,0.7961088429,FCU 11/01
Fri Apr 25 2025 00:00:00 GMT+0100,2025.Fri,0.1250014045,FCU 11/01
Fri May 02 2025 00:00:00 GMT+0100,2025.Fri,0.402044471,FCU 11/01
Fri May 09 2025 00:00:00 GMT+0100,2025.Fri,0.2440907653,FCU 11/01
Fri May 16 2025 00:00:00 GMT+0100,2025.Fri,0.1551432545,FCU 11/01
Fri May 23 2025 00:00:00 GMT+0100,2025.Fri,0.148987174,FCU 11/01
Fri May 30 2025 00:00:00 GMT+0100,2025.Fri,0.3794839369,FCU 11/01
Fri Jun 06 2025 00:00:00 GMT+0100,2025.Fri,0.1759315877,FCU 11/01
Fri Jun 13 2025 00:00:00 GMT+0100,2025.Fri,0.9524061343,FCU 11/01
Fri Jun 20 2025 00:00:00 GMT+0100,2025.Fri,0.8990264223,FCU 11/01
Fri Jun 27 2025 00:00:00 GMT+0100,2025.Fri,0.2650658927,FCU 11/01
Fri Jul 04 2025 00:00:00 GMT+0100,2025.Fri,0.1400726772,FCU 11/01
Fri Jul 11 2025 00:00:00 GMT+0100,2025.Fri,0.9838412799,FCU 11/01
Fri Jul 18 2025 00:00:00 GMT+0100,2025.Fri,0.9399854,FCU 11/01
Fri Jul 25 2025 00:00:00 GMT+0100,2025.Fri,0.5796397832,FCU 11/01
Fri Aug 01 2025 00:00:00 GMT+0100,2025.Fri,0.3930597241,FCU 11/01
Fri Aug 08 2025 00:00:00 GMT+0100,2025.Fri,0.3515004918,FCU 11/01
Fri Aug 15 2025 00:00:00 GMT+0100,2025.Fri,0.5817813853,FCU 11/01
Fri Aug 22 2025 00:00:00 GMT+0100,2025.Fri,0.2383372137,FCU 11/01
Fri Aug 29 2025 00:00:00 GMT+0100,2025.Fri,0.4326749528,FCU 11/01
Fri Sep 05 2025 00:00:00 GMT+0100,2025.Fri,0.4679281229,FCU 11/01
Fri Sep 12 2025 00:00:00 GMT+0100,2025.Fri,0.2057711758,FCU 11/01
Fri Sep 19 2025 00:00:00 GMT+0100,2025.Fri,0.5433022761,FCU 11/01
Fri Sep 26 2025 00:00:00 GMT+0100,2025.Fri,0.1563036855,FCU 11/01
Fri Oct 03 2025 00:00:00 GMT+0100,2025.Fri,0.1208238859,FCU 11/01
Fri Oct 10 2025 00:00:00 GMT+0100,2025.Fri,0.1378630534,FCU 11/01
Fri Oct 17 2025 00:00:00 GMT+0100,2025.Fri,0.2212393297,FCU 11/01
Fri Oct 24 2025 00:00:00 GMT+0100,2025.Fri,0.2917533345,FCU 11/01
Fri Oct 31 2025 00:00:00 GMT+0000,2025.Fri,0.4391073019,FCU 11/01
Fri Nov 07 2025 00:00:00 GMT+0000,2025.Fri,0.1509672027,FCU 11/01
Fri Nov 14 2025 00:00:00 GMT+0000,2025.Fri,0.4113125161,FCU 11/01
Fri Nov 21 2025 00:00:00 GMT+0000,2025.Fri,0.6815669097,FCU 11/01
Fri Nov 28 2025 00:00:00 GMT+0000,2025.Fri,0.3744183551,FCU 11/01
Fri Dec 05 2025 00:00:00 GMT+0000,2025.Fri,0.4652748836,FCU 11/01
Fri Dec 12 2025 00:00:00 GMT+0000,2025.Fri,0.4349698594,FCU 11/01
Fri Dec 19 2025 00:00:00 GMT+0000,2025.Fri,0.4754605432,FCU 11/01
Fri Dec 26 2025 00:00:00 GMT+0000,2025.Fri,0.8770659919,FCU 11/01
Sat Jan 04 2025 00:00:00 GMT+0000,2025.Sat,0,FCU 11/01
Sat Jan 11 2025 00:00:00 GMT+0000,2025.Sat,0,FCU 11/01
Sat Jan 18 2025 00:00:00 GMT+0000,2025.Sat,0,FCU 11/01
Sat Jan 25 2025 00:00:00 GMT+0000,2025.Sat,0,FCU 11/01
Sat Feb 01 2025 00:00:00 GMT+0000,2025.Sat,0,FCU 11/01
Sat Feb 08 2025 00:00:00 GMT+0000,2025.Sat,0,FCU 11/01
Sat Feb 15 2025 00:00:00 GMT+0000,2025.Sat,0,FCU 11/01
Sat Feb 22 2025 00:00:00 GMT+0000,2025.Sat,0,FCU 11/01
Sat Mar 01 2025 00:00:00 GMT+0000,2025.Sat,0,FCU 11/01
Sat Mar 08 2025 00:00:00 GMT+0000,2025.Sat,0,FCU 11/01
Sat Mar 15 2025 00:00:00 GMT+0000,2025.Sat,0,FCU 11/01
Sat Mar 22 2025 00:00:00 GMT+0000,2025.Sat,0,FCU 11/01
Sat Mar 29 2025 00:00:00 GMT+0000,2025.Sat,0,FCU 11/01
Sat Apr 05 2025 00:00:00 GMT+0100,2025.Sat,0,FCU 11/01
Sat Apr 12 2025 00:00:00 GMT+0100,2025.Sat,0,FCU 11/01
Sat Apr 19 2025 00:00:00 GMT+0100,2025.Sat,0,FCU 11/01
Sat Apr 26 2025 00:00:00 GMT+0100,2025.Sat,0,FCU 11/01
Sat May 03 2025 00:00:00 GMT+0100,2025.Sat,0,FCU 11/01
Sat May 10 2025 00:00:00 GMT+0100,2025.Sat,0,FCU 11/01
Sat May 17 2025 00:00:00 GMT+0100,2025.Sat,0,FCU 11/01
Sat May 24 2025 00:00:00 GMT+0100,2025.Sat,0,FCU 11/01
Sat May 31 2025 00:00:00 GMT+0100,2025.Sat,0,FCU 11/01
Sat Jun 07 2025 00:00:00 GMT+0100,2025.Sat,,FCU 11/01
Sat Jun 14 2025 00:00:00 GMT+0100,2025.Sat,0,FCU 11/01
Sat Jun 21 2025 00:00:00 GMT+0100,2025.Sat,0,FCU 11/01
Sat Jun 28 2025 00:00:00 GMT+0100,2025.Sat,0,FCU 11/01
Sat Jul 05 2025 00:00:00 GMT+0100,2025.Sat,0,FCU 11/01
Sat Jul 12 2025 00:00:00 GMT+0100,2025.Sat,0,FCU 11/01
Sat Jul 19 2025 00:00:00 GMT+0100,2025.Sat,0,FCU 11/01
Sat Jul 26 2025 00:00:00 GMT+0100,2025.Sat,0,FCU 11/01
Sat Aug 02 2025 00:00:00 GMT+0100,2025.Sat,0,FCU 11/01
Sat Aug 09 2025 00:00:00 GMT+0100,2025.Sat,0,FCU 11/01
Sat Aug 16 2025 00:00:00 GMT+0100,2025.Sat,0,FCU 11/01
Sat Aug 23 2025 00:00:00 GMT+0100,2025.Sat,0,FCU 11/01
Sat Aug 30 2025 00:00:00 GMT+0100,2025.Sat,0,FCU 11/01
Sat Sep 06 2025 00:00:00 GMT+0100,2025.Sat,0,FCU 11/01
Sat Sep 13 2025 00:00:00 GMT+0100,2025.Sat,0,FCU 11/01
Sat Sep 20 2025 00:00:00 GMT+0100,2025.Sat,0,FCU 11/01
Sat Sep 27 2025 00:00:00 GMT+0100,2025.Sat,0,FCU 11/01
Sat Oct 04 2025 00:00:00 GMT+0100,2025.Sat,0.1739939139,FCU 11/01
Sat Oct 11 2025 00:00:00 GMT+0100,2025.Sat,0,FCU 11/01
Sat Oct 18 2025 00:00:00 GMT+0100,2025.Sat,0,FCU 11/01
Sat Oct 25 2025 00:00:00 GMT+0100,2025.Sat,0,FCU 11/01
Sat Nov 01 2025 00:00:00 GMT+0000,2025.Sat,0,FCU 11/01
Sat Nov 08 2025 00:00:00 GMT+0000,2025.Sat,0,FCU 11/01
Sat Nov 15 2025 00:00:00 GMT+0000,2025.Sat,0,FCU 11/01
Sat Nov 22 2025 00:00:00 GMT+0000,2025.Sat,0,FCU 11/01
Sat Nov 29 2025 00:00:00 GMT+0000,2025.Sat,0,FCU 11/01
Sat Dec 06 2025 00:00:00 GMT+0000,2025.Sat,0,FCU 11/01
Sat Dec 13 2025 00:00:00 GMT+0000,2025.Sat,0,FCU 11/01
Sat Dec 20 2025 00:00:00 GMT+0000,2025.Sat,0,FCU 11/01
Sat Dec 27 2025 00:00:00 GMT+0000,2025.Sat,0,FCU 11/01
Sun Jan 05 2025 00:00:00 GMT+0000,2025.Sun,0,FCU 11/01
Sun Jan 12 2025 00:00:00 GMT+0000,2025.Sun,0,FCU 11/01
Sun Jan 19 2025 00:00:00 GMT+0000,2025.Sun,0,FCU 11/01
Sun Jan 26 2025 00:00:00 GMT+0000,2025.Sun,0,FCU 11/01
Sun Feb 02 2025 00:00:00 GMT+0000,2025.Sun,0,FCU 11/01
Sun Feb 09 2025 00:00:00 GMT+0000,2025.Sun,0,FCU 11/01
Sun Feb 16 2025 00:00:00 GMT+0000,2025.Sun,0,FCU 11/01
Sun Feb 23 2025 00:00:00 GMT+0000,2025.Sun,0,FCU 11/01
Sun Mar 02 2025 00:00:00 GMT+0000,2025.Sun,0,FCU 11/01
Sun Mar 09 2025 00:00:00 GMT+0000,2025.Sun,0,FCU 11/01
Sun Mar 16 2025 00:00:00 GMT+0000,2025.Sun,0,FCU 11/01
Sun Mar 23 2025 00:00:00 GMT+0000,2025.Sun,0,FCU 11/01
Sun Mar 30 2025 00:00:00 GMT+0000,2025.Sun,0,FCU 11/01
Sun Apr 06 2025 00:00:00 GMT+0100,2025.Sun,0,FCU 11/01
Sun Apr 13 2025 00:00:00 GMT+0100,2025.Sun,0,FCU 11/01
Sun Apr 20 2025 00:00:00 GMT+0100,2025.Sun,0,FCU 11/01
Sun Apr 27 2025 00:00:00 GMT+0100,2025.Sun,0,FCU 11/01
Sun May 04 2025 00:00:00 GMT+0100,2025.Sun,0,FCU 11/01
Sun May 11 2025 00:00:00 GMT+0100,2025.Sun,0,FCU 11/01
Sun May 18 2025 00:00:00 GMT+0100,2025.Sun,0,FCU 11/01
Sun May 25 2025 00:00:00 GMT+0100,2025.Sun,0,FCU 11/01
Sun Jun 01 2025 00:00:00 GMT+0100,2025.Sun,0,FCU 11/01
Sun Jun 08 2025 00:00:00 GMT+0100,2025.Sun,,FCU 11/01
Sun Jun 15 2025 00:00:00 GMT+0100,2025.Sun,0,FCU 11/01
Sun Jun 22 2025 00:00:00 GMT+0100,2025.Sun,0,FCU 11/01
Sun Jun 29 2025 00:00:00 GMT+0100,2025.Sun,0,FCU 11/01
Sun Jul 06 2025 00:00:00 GMT+0100,2025.Sun,0,FCU 11/01
Sun Jul 13 2025 00:00:00 GMT+0100,2025.Sun,0,FCU 11/01
Sun Jul 20 2025 00:00:00 GMT+0100,2025.Sun,0,FCU 11/01
Sun Jul 27 2025 00:00:00 GMT+0100,2025.Sun,0,FCU 11/01
Sun Aug 03 2025 00:00:00 GMT+0100,2025.Sun,0,FCU 11/01
Sun Aug 10 2025 00:00:00 GMT+0100,2025.Sun,0,FCU 11/01
Sun Aug 17 2025 00:00:00 GMT+0100,2025.Sun,0,FCU 11/01
Sun Aug 24 2025 00:00:00 GMT+0100,2025.Sun,0,FCU 11/01
Sun Aug 31 2025 00:00:00 GMT+0100,2025.Sun,0,FCU 11/01
Sun Sep 07 2025 00:00:00 GMT+0100,2025.Sun,0,FCU 11/01
Sun Sep 14 2025 00:00:00 GMT+0100,2025.Sun,0,FCU 11/01
Sun Sep 21 2025 00:00:00 GMT+0100,2025.Sun,0,FCU 11/01
Sun Sep 28 2025 00:00:00 GMT+0100,2025.Sun,0,FCU 11/01
Sun Oct 05 2025 00:00:00 GMT+0100,2025.Sun,0,FCU 11/01
Sun Oct 12 2025 00:00:00 GMT+0100,2025.Sun,0,FCU 11/01
Sun Oct 19 2025 00:00:00 GMT+0100,2025.Sun,0,FCU 11/01
Sun Oct 26 2025 00:00:00 GMT+0100,2025.Sun,0,FCU 11/01
Sun Nov 02 2025 00:00:00 GMT+0000,2025.Sun,0,FCU 11/01
Sun Nov 09 2025 00:00:00 GMT+0000,2025.Sun,0,FCU 11/01
Sun Nov 16 2025 00:00:00 GMT+0000,2025.Sun,0,FCU 11/01
Sun Nov 23 2025 00:00:00 GMT+0000,2025.Sun,0,FCU 11/01
Sun Nov 30 2025 00:00:00 GMT+0000,2025.Sun,0,FCU 11/01
Sun Dec 07 2025 00:00:00 GMT+0000,2025.Sun,,FCU 11/01
Sun Dec 14 2025 00:00:00 GMT+0000,2025.Sun,0,FCU 11/01
Sun Dec 21 2025 00:00:00 GMT+0000,2025.Sun,0,FCU 11/01
Sun Dec 28 2025 00:00:00 GMT+0000,2025.Sun,0,FCU 11/01
Mon Jan 05 2026 00:00:00 GMT+0000,2026.Mon,0.9199226698,FCU 11/01
Mon Jan 12 2026 00:00:00 GMT+0000,2026.Mon,0.830423366,FCU 11/01
Mon Jan 19 2026 00:00:00 GMT+0000,2026.Mon,0.8764201769,FCU 11/01
Mon Jan 26 2026 00:00:00 GMT+0000,2026.Mon,0.6947884152,FCU 11/01
Mon Feb 02 2026 00:00:00 GMT+0000,2026.Mon,0.5507513334,FCU 11/01
Mon Feb 09 2026 00:00:00 GMT+0000,2026.Mon,0.541422398,FCU 11/01
Mon Feb 16 2026 00:00:00 GMT+0000,2026.Mon,0.9405279025,FCU 11/01
Mon Feb 23 2026 00:00:00 GMT+0000,2026.Mon,0.6692362099,FCU 11/01
Mon Mar 02 2026 00:00:00 GMT+0000,2026.Mon,0.6310731218,FCU 11/01
Mon Mar 09 2026 00:00:00 GMT+0000,2026.Mon,0.6470386874,FCU 11/01
Mon Mar 16 2026 00:00:00 GMT+0000,2026.Mon,0.7665977517,FCU 11/01
Mon Mar 23 2026 00:00:00 GMT+0000,2026.Mon,0.6618168255,FCU 11/01
Mon Mar 30 2026 00:00:00 GMT+0100,2026.Mon,0.6265053217,FCU 11/01
Mon Apr 06 2026 00:00:00 GMT+0100,2026.Mon,0.9806434244,FCU 11/01
Mon Apr 13 2026 00:00:00 GMT+0100,2026.Mon,0.3398552969,FCU 11/01
Mon Apr 20 2026 00:00:00 GMT+0100,2026.Mon,0.200863733,FCU 11/01
Tue Jan 06 2026 00:00:00 GMT+0000,2026.Tue,1.0000134583,FCU 11/01
Tue Jan 13 2026 00:00:00 GMT+0000,2026.Tue,0.541302672,FCU 11/01
Tue Jan 20 2026 00:00:00 GMT+0000,2026.Tue,0.9450172715,FCU 11/01
Tue Jan 27 2026 00:00:00 GMT+0000,2026.Tue,0.6502803285,FCU 11/01
Tue Feb 03 2026 00:00:00 GMT+0000,2026.Tue,0.5754310228,FCU 11/01
Tue Feb 10 2026 00:00:00 GMT+0000,2026.Tue,0.4473991104,FCU 11/01
Tue Feb 17 2026 00:00:00 GMT+0000,2026.Tue,0.7101409583,FCU 11/01
Tue Feb 24 2026 00:00:00 GMT+0000,2026.Tue,0.5801527954,FCU 11/01
Tue Mar 03 2026 00:00:00 GMT+0000,2026.Tue,0.5148836732,FCU 11/01
Tue Mar 10 2026 00:00:00 GMT+0000,2026.Tue,0.5306663924,FCU 11/01
Tue Mar 17 2026 00:00:00 GMT+0000,2026.Tue,0.5994882483,FCU 11/01
Tue Mar 24 2026 00:00:00 GMT+0000,2026.Tue,0.5698160135,FCU 11/01
Tue Mar 31 2026 00:00:00 GMT+0100,2026.Tue,0.5498183883,FCU 11/01
Tue Apr 07 2026 00:00:00 GMT+0100,2026.Tue,0.3452604823,FCU 11/01
Tue Apr 14 2026 00:00:00 GMT+0100,2026.Tue,0.3874381329,FCU 11/01
Wed Jan 07 2026 00:00:00 GMT+0000,2026.Wed,0.826905412,FCU 11/01
Wed Jan 14 2026 00:00:00 GMT+0000,2026.Wed,0.4153977298,FCU 11/01
Wed Jan 21 2026 00:00:00 GMT+0000,2026.Wed,0.9556811716,FCU 11/01
Wed Jan 28 2026 00:00:00 GMT+0000,2026.Wed,0.5778779501,FCU 11/01
Wed Feb 04 2026 00:00:00 GMT+0000,2026.Wed,0.4825693319,FCU 11/01
Wed Feb 11 2026 00:00:00 GMT+0000,2026.Wed,0.740402964,FCU 11/01
Wed Feb 18 2026 00:00:00 GMT+0000,2026.Wed,0.9658112563,FCU 11/01
Wed Feb 25 2026 00:00:00 GMT+0000,2026.Wed,0.4359020131,FCU 11/01
Wed Mar 04 2026 00:00:00 GMT+0000,2026.Wed,0.4586196759,FCU 11/01
Wed Mar 11 2026 00:00:00 GMT+0000,2026.Wed,0.6025661543,FCU 11/01
Wed Mar 18 2026 00:00:00 GMT+0000,2026.Wed,0.4620927732,FCU 11/01
Wed Mar 25 2026 00:00:00 GMT+0000,2026.Wed,0.6086835049,FCU 11/01
Wed Apr 01 2026 00:00:00 GMT+0100,2026.Wed,0.2756310996,FCU 11/01
Wed Apr 08 2026 00:00:00 GMT+0100,2026.Wed,0.2050355054,FCU 11/01
Wed Apr 15 2026 00:00:00 GMT+0100,2026.Wed,0.1745016705,FCU 11/01
Thu Jan 01 2026 00:00:00 GMT+0000,2026.Thu,0.9839066049,FCU 11/01
Thu Jan 08 2026 00:00:00 GMT+0000,2026.Thu,0.6862141755,FCU 11/01
Thu Jan 15 2026 00:00:00 GMT+0000,2026.Thu,0.4699484648,FCU 11/01
Thu Jan 22 2026 00:00:00 GMT+0000,2026.Thu,0.8261821828,FCU 11/01
Thu Jan 29 2026 00:00:00 GMT+0000,2026.Thu,0.6490290861,FCU 11/01
Thu Feb 05 2026 00:00:00 GMT+0000,2026.Thu,0.460965821,FCU 11/01
Thu Feb 12 2026 00:00:00 GMT+0000,2026.Thu,0.8265160502,FCU 11/01
Thu Feb 19 2026 00:00:00 GMT+0000,2026.Thu,0.8167681688,FCU 11/01
Thu Feb 26 2026 00:00:00 GMT+0000,2026.Thu,0.3476528979,FCU 11/01
Thu Mar 05 2026 00:00:00 GMT+0000,2026.Thu,0.4781926052,FCU 11/01
Thu Mar 12 2026 00:00:00 GMT+0000,2026.Thu,0.5600721932,FCU 11/01
Thu Mar 19 2026 00:00:00 GMT+0000,2026.Thu,0.6073369686,FCU 11/01
Thu Mar 26 2026 00:00:00 GMT+0000,2026.Thu,0.5892841386,FCU 11/01
Thu Apr 02 2026 00:00:00 GMT+0100,2026.Thu,0.3174109455,FCU 11/01
Thu Apr 09 2026 00:00:00 GMT+0100,2026.Thu,0.1786376921,FCU 11/01
Thu Apr 16 2026 00:00:00 GMT+0100,2026.Thu,0.1668846074,FCU 11/01
Fri Jan 02 2026 00:00:00 GMT+0000,2026.Fri,0.9478010559,FCU 11/01
Fri Jan 09 2026 00:00:00 GMT+0000,2026.Fri,0.6389950335,FCU 11/01
Fri Jan 16 2026 00:00:00 GMT+0000,2026.Fri,0.7577331102,FCU 11/01
Fri Jan 23 2026 00:00:00 GMT+0000,2026.Fri,0.6670601645,FCU 11/01
Fri Jan 30 2026 00:00:00 GMT+0000,2026.Fri,0.5610305628,FCU 11/01
Fri Feb 06 2026 00:00:00 GMT+0000,2026.Fri,0.6189614703,FCU 11/01
Fri Feb 13 2026 00:00:00 GMT+0000,2026.Fri,0.7164283117,FCU 11/01
Fri Feb 20 2026 00:00:00 GMT+0000,2026.Fri,0.6825028545,FCU 11/01
Fri Feb 27 2026 00:00:00 GMT+0000,2026.Fri,0.3945307831,FCU 11/01
Fri Mar 06 2026 00:00:00 GMT+0000,2026.Fri,0.6660743107,FCU 11/01
Fri Mar 13 2026 00:00:00 GMT+0000,2026.Fri,0.6697527893,FCU 11/01
Fri Mar 20 2026 00:00:00 GMT+0000,2026.Fri,0.5662453564,FCU 11/01
Fri Mar 27 2026 00:00:00 GMT+0000,2026.Fri,0.562283193,FCU 11/01
Fri Apr 03 2026 00:00:00 GMT+0100,2026.Fri,0.8559897738,FCU 11/01
Fri Apr 10 2026 00:00:00 GMT+0100,2026.Fri,0.4000083804,FCU 11/01
Fri Apr 17 2026 00:00:00 GMT+0100,2026.Fri,0.1560941903,FCU 11/01
Sat Jan 03 2026 00:00:00 GMT+0000,2026.Sat,0,FCU 11/01
Sat Jan 10 2026 00:00:00 GMT+0000,2026.Sat,0,FCU 11/01
Sat Jan 17 2026 00:00:00 GMT+0000,2026.Sat,0,FCU 11/01
Sat Jan 24 2026 00:00:00 GMT+0000,2026.Sat,0,FCU 11/01
Sat Jan 31 2026 00:00:00 GMT+0000,2026.Sat,0,FCU 11/01
Sat Feb 07 2026 00:00:00 GMT+0000,2026.Sat,0,FCU 11/01
Sat Feb 14 2026 00:00:00 GMT+0000,2026.Sat,0,FCU 11/01
Sat Feb 21 2026 00:00:00 GMT+0000,2026.Sat,0,FCU 11/01
Sat Feb 28 2026 00:00:00 GMT+0000,2026.Sat,0,FCU 11/01
Sat Mar 07 2026 00:00:00 GMT+0000,2026.Sat,0,FCU 11/01
Sat Mar 14 2026 00:00:00 GMT+0000,2026.Sat,0,FCU 11/01
Sat Mar 21 2026 00:00:00 GMT+0000,2026.Sat,0,FCU 11/01
Sat Mar 28 2026 00:00:00 GMT+0000,2026.Sat,0,FCU 11/01
Sat Apr 04 2026 00:00:00 GMT+0100,2026.Sat,0,FCU 11/01
Sat Apr 11 2026 00:00:00 GMT+0100,2026.Sat,0,FCU 11/01
Sat Apr 18 2026 00:00:00 GMT+0100,2026.Sat,0,FCU 11/01
Sun Jan 04 2026 00:00:00 GMT+0000,2026.Sun,0,FCU 11/01
Sun Jan 11 2026 00:00:00 GMT+0000,2026.Sun,0,FCU 11/01
Sun Jan 18 2026 00:00:00 GMT+0000,2026.Sun,0,FCU 11/01
Sun Jan 25 2026 00:00:00 GMT+0000,2026.Sun,0,FCU 11/01
Sun Feb 01 2026 00:00:00 GMT+0000,2026.Sun,0,FCU 11/01
Sun Feb 08 2026 00:00:00 GMT+0000,2026.Sun,0,FCU 11/01
Sun Feb 15 2026 00:00:00 GMT+0000,2026.Sun,0,FCU 11/01
Sun Feb 22 2026 00:00:00 GMT+0000,2026.Sun,0,FCU 11/01
Sun Mar 01 2026 00:00:00 GMT+0000,2026.Sun,0,FCU 11/01
Sun Mar 08 2026 00:00:00 GMT+0000,2026.Sun,0,FCU 11/01
Sun Mar 15 2026 00:00:00 GMT+0000,2026.Sun,0,FCU 11/01
Sun Mar 22 2026 00:00:00 GMT+0000,2026.Sun,0,FCU 11/01
Sun Mar 29 2026 00:00:00 GMT+0000,2026.Sun,0,FCU 11/01
Sun Apr 05 2026 00:00:00 GMT+0100,2026.Sun,0,FCU 11/01
Sun Apr 12 2026 00:00:00 GMT+0100,2026.Sun,0,FCU 11/01
Sun Apr 19 2026 00:00:00 GMT+0100,2026.Sun,0,FCU 11/01