date,label,cooling_kWh,asset
Mon Dec 23 2024 00:00:00 GMT+0000,2024.Mon,0,FCU 01/01
Mon Dec 30 2024 00:00:00 GMT+0000,2024.Mon,0,FCU 01/01
Tue Dec 17 2024 00:00:00 GMT+0000,2024.Tue,0,FCU 01/01
Tue Dec 24 2024 00:00:00 GMT+0000,2024.Tue,0,FCU 01/01
Tue Dec 31 2024 00:00:00 GMT+0000,2024.Tue,0,FCU 01/01
Wed Dec 18 2024 00:00:00 GMT+0000,2024.Wed,0,FCU 01/01
Wed Dec 25 2024 00:00:00 GMT+0000,2024.Wed,0,FCU 01/01
Thu Dec 19 2024 00:00:00 GMT+0000,2024.Thu,0,FCU 01/01
Thu Dec 26 2024 00:00:00 GMT+0000,2024.Thu,0,FCU 01/01
Fri Dec 20 2024 00:00:00 GMT+0000,2024.Fri,0,FCU 01/01
Fri Dec 27 2024 00:00:00 GMT+0000,2024.Fri,0,FCU 01/01
Sat Dec 21 2024 00:00:00 GMT+0000,2024.Sat,0,FCU 01/01
Sat Dec 28 2024 00:00:00 GMT+0000,2024.Sat,0,FCU 01/01
Sun Dec 22 2024 00:00:00 GMT+0000,2024.Sun,0,FCU 01/01
Sun Dec 29 2024 00:00:00 GMT+0000,2024.Sun,0,FCU 01/01
Mon Jan 06 2025 00:00:00 GMT+0000,2025.Mon,0,FCU 01/01
Mon Jan 13 2025 00:00:00 GMT+0000,2025.Mon,0,FCU 01/01
Mon Jan 20 2025 00:00:00 GMT+0000,2025.Mon,0,FCU 01/01
Mon Jan 27 2025 00:00:00 GMT+0000,2025.Mon,0,FCU 01/01
Mon Feb 03 2025 00:00:00 GMT+0000,2025.Mon,0,FCU 01/01
Mon Feb 10 2025 00:00:00 GMT+0000,2025.Mon,0,FCU 01/01
Mon Feb 17 2025 00:00:00 GMT+0000,2025.Mon,0,FCU 01/01
Mon Feb 24 2025 00:00:00 GMT+0000,2025.Mon,0,FCU 01/01
Mon Mar 03 2025 00:00:00 GMT+0000,2025.Mon,0,FCU 01/01
Mon Mar 10 2025 00:00:00 GMT+0000,2025.Mon,0,FCU 01/01
Mon Mar 17 2025 00:00:00 GMT+0000,2025.Mon,0,FCU 01/01
Mon Mar 24 2025 00:00:00 GMT+0000,2025.Mon,0,FCU 01/01
Mon Mar 31 2025 00:00:00 GMT+0100,2025.Mon,0,FCU 01/01
Mon Apr 07 2025 00:00:00 GMT+0100,2025.Mon,0,FCU 01/01
Mon Apr 14 2025 00:00:00 GMT+0100,2025.Mon,0,FCU 01/01
Mon Apr 21 2025 00:00:00 GMT+0100,2025.Mon,0,FCU 01/01
Mon Apr 28 2025 00:00:00 GMT+0100,2025.Mon,0,FCU 01/01
Mon May 05 2025 00:00:00 GMT+0100,2025.Mon,0,FCU 01/01
Mon May 12 2025 00:00:00 GMT+0100,2025.Mon,0,FCU 01/01
Mon May 19 2025 00:00:00 GMT+0100,2025.Mon,0,FCU 01/01
Mon May 26 2025 00:00:00 GMT+0100,2025.Mon,0,FCU 01/01
Mon Jun 02 2025 00:00:00 GMT+0100,2025.Mon,0,FCU 01/01
Mon Jun 09 2025 00:00:00 GMT+0100,2025.Mon,,FCU 01/01
Mon Jun 16 2025 00:00:00 GMT+0100,2025.Mon,0,FCU 01/01
Mon Jun 23 2025 00:00:00 GMT+0100,2025.Mon,0,FCU 01/01
Mon Jun 30 2025 00:00:00 GMT+0100,2025.Mon,0,FCU 01/01
Mon Jul 07 2025 00:00:00 GMT+0100,2025.Mon,0,FCU 01/01
Mon Jul 14 2025 00:00:00 GMT+0100,2025.Mon,0,FCU 01/01
Mon Jul 21 2025 00:00:00 GMT+0100,2025.Mon,0,FCU 01/01
Mon Jul 28 2025 00:00:00 GMT+0100,2025.Mon,0,FCU 01/01
Mon Aug 04 2025 00:00:00 GMT+0100,2025.Mon,0,FCU 01/01
Mon Aug 11 2025 00:00:00 GMT+0100,2025.Mon,0,FCU 01/01
Mon Aug 18 2025 00:00:00 GMT+0100,2025.Mon,0,FCU 01/01
Mon Aug 25 2025 00:00:00 GMT+0100,2025.Mon,0,FCU 01/01
Mon Sep 01 2025 00:00:00 GMT+0100,2025.Mon,0,FCU 01/01
Mon Sep 08 2025 00:00:00 GMT+0100,2025.Mon,0,FCU 01/01
Mon Sep 15 2025 00:00:00 GMT+0100,2025.Mon,0,FCU 01/01
Mon Sep 22 2025 00:00:00 GMT+0100,2025.Mon,0,FCU 01/01
Mon Sep 29 2025 00:00:00 GMT+0100,2025.Mon,0,FCU 01/01
Mon Oct 06 2025 00:00:00 GMT+0100,2025.Mon,0,FCU 01/01
Mon Oct 13 2025 00:00:00 GMT+0100,2025.Mon,0,FCU 01/01
Mon Oct 20 2025 00:00:00 GMT+0100,2025.Mon,0,FCU 01/01
Mon Oct 27 2025 00:00:00 GMT+0000,2025.Mon,0,FCU 01/01
Mon Nov 03 2025 00:00:00 GMT+0000,2025.Mon,0,FCU 01/01
Mon Nov 10 2025 00:00:00 GMT+0000,2025.Mon,0,FCU 01/01
Mon Nov 17 2025 00:00:00 GMT+0000,2025.Mon,0,FCU 01/01
Mon Nov 24 2025 00:00:00 GMT+0000,2025.Mon,0,FCU 01/01
Mon Dec 01 2025 00:00:00 GMT+0000,2025.Mon,,FCU 01/01
Mon Dec 08 2025 00:00:00 GMT+0000,2025.Mon,,FCU 01/01
Mon Dec 15 2025 00:00:00 GMT+0000,2025.Mon,,FCU 01/01
Mon Dec 22 2025 00:00:00 GMT+0000,2025.Mon,,FCU 01/01
Mon Dec 29 2025 00:00:00 GMT+0000,2025.Mon,,FCU 01/01
Tue Jan 07 2025 00:00:00 GMT+0000,2025.Tue,0,FCU 01/01
Tue Jan 14 2025 00:00:00 GMT+0000,2025.Tue,0,FCU 01/01
Tue Jan 21 2025 00:00:00 GMT+0000,2025.Tue,0,FCU 01/01
Tue Jan 28 2025 00:00:00 GMT+0000,2025.Tue,0,FCU 01/01
Tue Feb 04 2025 00:00:00 GMT+0000,2025.Tue,0,FCU 01/01
Tue Feb 11 2025 00:00:00 GMT+0000,2025.Tue,0,FCU 01/01
Tue Feb 18 2025 00:00:00 GMT+0000,2025.Tue,0,FCU 01/01
Tue Feb 25 2025 00:00:00 GMT+0000,2025.Tue,0,FCU 01/01
Tue Mar 04 2025 00:00:00 GMT+0000,2025.Tue,0,FCU 01/01
Tue Mar 11 2025 00:00:00 GMT+0000,2025.Tue,0,FCU 01/01
Tue Mar 18 2025 00:00:00 GMT+0000,2025.Tue,0,FCU 01/01
Tue Mar 25 2025 00:00:00 GMT+0000,2025.Tue,0,FCU 01/01
Tue Apr 01 2025 00:00:00 GMT+0100,2025.Tue,0,FCU 01/01
Tue Apr 08 2025 00:00:00 GMT+0100,2025.Tue,0,FCU 01/01
Tue Apr 15 2025 00:00:00 GMT+0100,2025.Tue,0,FCU 01/01
Tue Apr 22 2025 00:00:00 GMT+0100,2025.Tue,0,FCU 01/01
Tue Apr 29 2025 00:00:00 GMT+0100,2025.Tue,0,FCU 01/01
Tue May 06 2025 00:00:00 GMT+0100,2025.Tue,0,FCU 01/01
Tue May 13 2025 00:00:00 GMT+0100,2025.Tue,0,FCU 01/01
Tue May 20 2025 00:00:00 GMT+0100,2025.Tue,0,FCU 01/01
Tue May 27 2025 00:00:00 GMT+0100,2025.Tue,0,FCU 01/01
Tue Jun 03 2025 00:00:00 GMT+0100,2025.Tue,0,FCU 01/01
Tue Jun 10 2025 00:00:00 GMT+0100,2025.Tue,,FCU 01/01
Tue Jun 17 2025 00:00:00 GMT+0100,2025.Tue,0,FCU 01/01
Tue Jun 24 2025 00:00:00 GMT+0100,2025.Tue,0,FCU 01/01
Tue Jul 01 2025 00:00:00 GMT+0100,2025.Tue,0,FCU 01/01
Tue Jul 08 2025 00:00:00 GMT+0100,2025.Tue,0,FCU 01/01
Tue Jul 15 2025 00:00:00 GMT+0100,2025.Tue,0,FCU 01/01
Tue Jul 22 2025 00:00:00 GMT+0100,2025.Tue,0,FCU 01/01
Tue Jul 29 2025 00:00:00 GMT+0100,2025.Tue,0,FCU 01/01
Tue Aug 05 2025 00:00:00 GMT+0100,2025.Tue,0,FCU 01/01
Tue Aug 12 2025 00:00:00 GMT+0100,2025.Tue,0,FCU 01/01
Tue Aug 19 2025 00:00:00 GMT+0100,2025.Tue,0,FCU 01/01
Tue Aug 26 2025 00:00:00 GMT+0100,2025.Tue,0,FCU 01/01
Tue Sep 02 2025 00:00:00 GMT+0100,2025.Tue,0,FCU 01/01
Tue Sep 09 2025 00:00:00 GMT+0100,2025.Tue,0,FCU 01/01
Tue Sep 16 2025 00:00:00 GMT+0100,2025.Tue,0,FCU 01/01
Tue Sep 23 2025 00:00:00 GMT+0100,2025.Tue,0,FCU 01/01
Tue Sep 30 2025 00:00:00 GMT+0100,2025.Tue,0,FCU 01/01
Tue Oct 07 2025 00:00:00 GMT+0100,2025.Tue,0,FCU 01/01
Tue Oct 14 2025 00:00:00 GMT+0100,2025.Tue,0,FCU 01/01
Tue Oct 21 2025 00:00:00 GMT+0100,2025.Tue,0,FCU 01/01
Tue Oct 28 2025 00:00:00 GMT+0000,2025.Tue,0,FCU 01/01
Tue Nov 04 2025 00:00:00 GMT+0000,2025.Tue,0,FCU 01/01
Tue Nov 11 2025 00:00:00 GMT+0000,2025.Tue,0,FCU 01/01
Tue Nov 18 2025 00:00:00 GMT+0000,2025.Tue,0,FCU 01/01
Tue Nov 25 2025 00:00:00 GMT+0000,2025.Tue,,FCU 01/01
Tue Dec 02 2025 00:00:00 GMT+0000,2025.Tue,,FCU 01/01
Tue Dec 09 2025 00:00:00 GMT+0000,2025.Tue,,FCU 01/01
Tue Dec 16 2025 00:00:00 GMT+0000,2025.Tue,,FCU 01/01
Tue Dec 23 2025 00:00:00 GMT+0000,2025.Tue,,FCU 01/01
Tue Dec 30 2025 00:00:00 GMT+0000,2025.Tue,,FCU 01/01
Wed Jan 01 2025 00:00:00 GMT+0000,2025.Wed,0,FCU 01/01
Wed Jan 08 2025 00:00:00 GMT+0000,2025.Wed,0,FCU 01/01
Wed Jan 15 2025 00:00:00 GMT+0000,2025.Wed,0,FCU 01/01
Wed Jan 22 2025 00:00:00 GMT+0000,2025.Wed,0,FCU 01/01
Wed Jan 29 2025 00:00:00 GMT+0000,2025.Wed,0,FCU 01/01
Wed Feb 05 2025 00:00:00 GMT+0000,2025.Wed,0,FCU 01/01
Wed Feb 12 2025 00:00:00 GMT+0000,2025.Wed,0,FCU 01/01
Wed Feb 19 2025 00:00:00 GMT+0000,2025.Wed,0,FCU 01/01
Wed Feb 26 2025 00:00:00 GMT+0000,2025.Wed,0,FCU 01/01
Wed Mar 05 2025 00:00:00 GMT+0000,2025.Wed,0,FCU 01/01
Wed Mar 12 2025 00:00:00 GMT+0000,2025.Wed,0,FCU 01/01
Wed Mar 19 2025 00:00:00 GMT+0000,2025.Wed,0,FCU 01/01
Wed Mar 26 2025 00:00:00 GMT+0000,2025.Wed,0,FCU 01/01
Wed Apr 02 2025 00:00:00 GMT+0100,2025.Wed,0,FCU 01/01
Wed Apr 09 2025 00:00:00 GMT+0100,2025.Wed,0,FCU 01/01
Wed Apr 16 2025 00:00:00 GMT+0100,2025.Wed,0,FCU 01/01
Wed Apr 23 2025 00:00:00 GMT+0100,2025.Wed,0,FCU 01/01
Wed Apr 30 2025 00:00:00 GMT+0100,2025.Wed,0,FCU 01/01
Wed May 07 2025 00:00:00 GMT+0100,2025.Wed,0,FCU 01/01
Wed May 14 2025 00:00:00 GMT+0100,2025.Wed,0,FCU 01/01
Wed May 21 2025 00:00:00 GMT+0100,2025.Wed,0,FCU 01/01
Wed May 28 2025 00:00:00 GMT+0100,2025.Wed,0,FCU 01/01
Wed Jun 04 2025 00:00:00 GMT+0100,2025.Wed,0,FCU 01/01
Wed Jun 11 2025 00:00:00 GMT+0100,2025.Wed,0,FCU 01/01
Wed Jun 18 2025 00:00:00 GMT+0100,2025.Wed,0,FCU 01/01
Wed Jun 25 2025 00:00:00 GMT+0100,2025.Wed,0,FCU 01/01
Wed Jul 02 2025 00:00:00 GMT+0100,2025.Wed,0,FCU 01/01
Wed Jul 09 2025 00:00:00 GMT+0100,2025.Wed,0,FCU 01/01
Wed Jul 16 2025 00:00:00 GMT+0100,2025.Wed,0,FCU 01/01
Wed Jul 23 2025 00:00:00 GMT+0100,2025.Wed,0,FCU 01/01
Wed Jul 30 2025 00:00:00 GMT+0100,2025.Wed,0,FCU 01/01
Wed Aug 06 2025 00:00:00 GMT+0100,2025.Wed,0,FCU 01/01
Wed Aug 13 2025 00:00:00 GMT+0100,2025.Wed,0,FCU 01/01
Wed Aug 20 2025 00:00:00 GMT+0100,2025.Wed,0,FCU 01/01
Wed Aug 27 2025 00:00:00 GMT+0100,2025.Wed,0,FCU 01/01
Wed Sep 03 2025 00:00:00 GMT+0100,2025.Wed,0,FCU 01/01
Wed Sep 10 2025 00:00:00 GMT+0100,2025.Wed,0,FCU 01/01
Wed Sep 17 2025 00:00:00 GMT+0100,2025.Wed,0,FCU 01/01
Wed Sep 24 2025 00:00:00 GMT+0100,2025.Wed,0,FCU 01/01
Wed Oct 01 2025 00:00:00 GMT+0100,2025.Wed,0,FCU 01/01
Wed Oct 08 2025 00:00:00 GMT+0100,2025.Wed,0.9941994445,FCU 01/01
Wed Oct 15 2025 00:00:00 GMT+0100,2025.Wed,0,FCU 01/01
Wed Oct 22 2025 00:00:00 GMT+0100,2025.Wed,0,FCU 01/01
Wed Oct 29 2025 00:00:00 GMT+0000,2025.Wed,0,FCU 01/01
Wed Nov 05 2025 00:00:00 GMT+0000,2025.Wed,0,FCU 01/01
Wed Nov 12 2025 00:00:00 GMT+0000,2025.Wed,0,FCU 01/01
Wed Nov 19 2025 00:00:00 GMT+0000,2025.Wed,0,FCU 01/01
Wed Nov 26 2025 00:00:00 GMT+0000,2025.Wed,,FCU 01/01
Wed Dec 03 2025 00:00:00 GMT+0000,2025.Wed,,FCU 01/01
Wed Dec 10 2025 00:00:00 GMT+0000,2025.Wed,,FCU 01/01
Wed Dec 17 2025 00:00:00 GMT+0000,2025.Wed,,FCU 01/01
Wed Dec 24 2025 00:00:00 GMT+0000,2025.Wed,,FCU 01/01
Wed Dec 31 2025 00:00:00 GMT+0000,2025.Wed,,FCU 01/01
Thu Jan 02 2025 00:00:00 GMT+0000,2025.Thu,0,FCU 01/01
Thu Jan 09 2025 00:00:00 GMT+0000,2025.Thu,0,FCU 01/01
Thu Jan 16 2025 00:00:00 GMT+0000,2025.Thu,0,FCU 01/01
Thu Jan 23 2025 00:00:00 GMT+0000,2025.Thu,0,FCU 01/01
Thu Jan 30 2025 00:00:00 GMT+0000,2025.Thu,0,FCU 01/01
Thu Feb 06 2025 00:00:00 GMT+0000,2025.Thu,0,FCU 01/01
Thu Feb 13 2025 00:00:00 GMT+0000,2025.Thu,0,FCU 01/01
Thu Feb 20 2025 00:00:00 GMT+0000,2025.Thu,0,FCU 01/01
Thu Feb 27 2025 00:00:00 GMT+0000,2025.Thu,0,FCU 01/01
Thu Mar 06 2025 00:00:00 GMT+0000,2025.Thu,0,FCU 01/01
Thu Mar 13 2025 00:00:00 GMT+0000,2025.Thu,0,FCU 01/01
Thu Mar 20 2025 00:00:00 GMT+0000,2025.Thu,0,FCU 01/01
Thu Mar 27 2025 00:00:00 GMT+0000,2025.Thu,0,FCU 01/01
Thu Apr 03 2025 00:00:00 GMT+0100,2025.Thu,0,FCU 01/01
Thu Apr 10 2025 00:00:00 GMT+0100,2025.Thu,0,FCU 01/01
Thu Apr 17 2025 00:00:00 GMT+0100,2025.Thu,0,FCU 01/01
Thu Apr 24 2025 00:00:00 GMT+0100,2025.Thu,0,FCU 01/01
Thu May 01 2025 00:00:00 GMT+0100,2025.Thu,0,FCU 01/01
Thu May 08 2025 00:00:00 GMT+0100,2025.Thu,0,FCU 01/01
Thu May 15 2025 00:00:00 GMT+0100,2025.Thu,0,FCU 01/01
Thu May 22 2025 00:00:00 GMT+0100,2025.Thu,0,FCU 01/01
Thu May 29 2025 00:00:00 GMT+0100,2025.Thu,0,FCU 01/01
Thu Jun 05 2025 00:00:00 GMT+0100,2025.Thu,0,FCU 01/01
Thu Jun 12 2025 00:00:00 GMT+0100,2025.Thu,0,FCU 01/01
Thu Jun 19 2025 00:00:00 GMT+0100,2025.Thu,0,FCU 01/01
Thu Jun 26 2025 00:00:00 GMT+0100,2025.Thu,0,FCU 01/01
Thu Jul 03 2025 00:00:00 GMT+0100,2025.Thu,0,FCU 01/01
Thu Jul 10 2025 00:00:00 GMT+0100,2025.Thu,0,FCU 01/01
Thu Jul 17 2025 00:00:00 GMT+0100,2025.Thu,0,FCU 01/01
Thu Jul 24 2025 00:00:00 GMT+0100,2025.Thu,0,FCU 01/01
Thu Jul 31 2025 00:00:00 GMT+0100,2025.Thu,0,FCU 01/01
Thu Aug 07 2025 00:00:00 GMT+0100,2025.Thu,0,FCU 01/01
Thu Aug 14 2025 00:00:00 GMT+0100,2025.Thu,0,FCU 01/01
Thu Aug 21 2025 00:00:00 GMT+0100,2025.Thu,0,FCU 01/01
Thu Aug 28 2025 00:00:00 GMT+0100,2025.Thu,0,FCU 01/01
Thu Sep 04 2025 00:00:00 GMT+0100,2025.Thu,0,FCU 01/01
Thu Sep 11 2025 00:00:00 GMT+0100,2025.Thu,0,FCU 01/01
Thu Sep 18 2025 00:00:00 GMT+0100,2025.Thu,0,FCU 01/01
Thu Sep 25 2025 00:00:00 GMT+0100,2025.Thu,0,FCU 01/01
Thu Oct 02 2025 00:00:00 GMT+0100,2025.Thu,0,FCU 01/01
Thu Oct 09 2025 00:00:00 GMT+0100,2025.Thu,0,FCU 01/01
Thu Oct 16 2025 00:00:00 GMT+0100,2025.Thu,0,FCU 01/01
Thu Oct 23 2025 00:00:00 GMT+0100,2025.Thu,0,FCU 01/01
Thu Oct 30 2025 00:00:00 GMT+0000,2025.Thu,0,FCU 01/01
Thu Nov 06 2025 00:00:00 GMT+0000,2025.Thu,0,FCU 01/01
Thu Nov 13 2025 00:00:00 GMT+0000,2025.Thu,0,FCU 01/01
Thu Nov 20 2025 00:00:00 GMT+0000,2025.Thu,0,FCU 01/01
Thu Nov 27 2025 00:00:00 GMT+0000,2025.Thu,,FCU 01/01
Thu Dec 04 2025 00:00:00 GMT+0000,2025.Thu,,FCU 01/01
Thu Dec 11 2025 00:00:00 GMT+0000,2025.Thu,,FCU 01/01
Thu Dec 18 2025 00:00:00 GMT+0000,2025.Thu,,FCU 01/01
Thu Dec 25 2025 00:00:00 GMT+0000,2025.Thu,,FCU 01/01
Fri Jan 03 2025 00:00:00 GMT+0000,2025.Fri,0,FCU 01/01
Fri Jan 10 2025 00:00:00 GMT+0000,2025.Fri,0,FCU 01/01
Fri Jan 17 2025 00:00:00 GMT+0000,2025.Fri,0,FCU 01/01
Fri Jan 24 2025 00:00:00 GMT+0000,2025.Fri,0,FCU 01/01
Fri Jan 31 2025 00:00:00 GMT+0000,2025.Fri,0,FCU 01/01
Fri Feb 07 2025 00:00:00 GMT+0000,2025.Fri,0,FCU 01/01
Fri Feb 14 2025 00:00:00 GMT+0000,2025.Fri,0,FCU 01/01
Fri Feb 21 2025 00:00:00 GMT+0000,2025.Fri,0,FCU 01/01
Fri Feb 28 2025 00:00:00 GMT+0000,2025.Fri,0,FCU 01/01
Fri Mar 07 2025 00:00:00 GMT+0000,2025.Fri,0,FCU 01/01
Fri Mar 14 2025 00:00:00 GMT+0000,2025.Fri,0,FCU 01/01
Fri Mar 21 2025 00:00:00 GMT+0000,2025.Fri,0,FCU 01/01
Fri Mar 28 2025 00:00:00 GMT+0000,2025.Fri,0,FCU 01/01
Fri Apr 04 2025 00:00:00 GMT+0100,2025.Fri,0,FCU 01/01
Fri Apr 11 2025 00:00:00 GMT+0100,2025.Fri,0,FCU 01/01
Fri Apr 18 2025 00:00:00 GMT+0100,2025.Fri,0,FCU 01/01
Fri Apr 25 2025 00:00:00 GMT+0100,2025.Fri,0,FCU 01/01
Fri May 02 2025 00:00:00 GMT+0100,2025.Fri,0,FCU 01/01
Fri May 09 2025 00:00:00 GMT+0100,2025.Fri,0,FCU 01/01
Fri May 16 2025 00:00:00 GMT+0100,2025.Fri,0,FCU 01/01
Fri May 23 2025 00:00:00 GMT+0100,2025.Fri,0,FCU 01/01
Fri May 30 2025 00:00:00 GMT+0100,2025.Fri,0,FCU 01/01
Fri Jun 06 2025 00:00:00 GMT+0100,2025.Fri,0,FCU 01/01
Fri Jun 13 2025 00:00:00 GMT+0100,2025.Fri,0,FCU 01/01
Fri Jun 20 2025 00:00:00 GMT+0100,2025.Fri,0,FCU 01/01
Fri Jun 27 2025 00:00:00 GMT+0100,2025.Fri,0,FCU 01/01
Fri Jul 04 2025 00:00:00 GMT+0100,2025.Fri,0,FCU 01/01
Fri Jul 11 2025 00:00:00 GMT+0100,2025.Fri,0,FCU 01/01
Fri Jul 18 2025 00:00:00 GMT+0100,2025.Fri,0,FCU 01/01
Fri Jul 25 2025 00:00:00 GMT+0100,2025.Fri,0,FCU 01/01
Fri Aug 01 2025 00:00:00 GMT+0100,2025.Fri,0,FCU 01/01
Fri Aug 08 2025 00:00:00 GMT+0100,2025.Fri,0,FCU 01/01
Fri Aug 15 2025 00:00:00 GMT+0100,2025.Fri,0,FCU 01/01
Fri Aug 22 2025 00:00:00 GMT+0100,2025.Fri,0,FCU 01/01
Fri Aug 29 2025 00:00:00 GMT+0100,2025.Fri,0,FCU 01/01
Fri Sep 05 2025 00:00:00 GMT+0100,2025.Fri,0,FCU 01/01
Fri Sep 12 2025 00:00:00 GMT+0100,2025.Fri,0,FCU 01/01
Fri Sep 19 2025 00:00:00 GMT+0100,2025.Fri,0,FCU 01/01
Fri Sep 26 2025 00:00:00 GMT+0100,2025.Fri,0,FCU 01/01
Fri Oct 03 2025 00:00:00 GMT+0100,2025.Fri,0,FCU 01/01
Fri Oct 10 2025 00:00:00 GMT+0100,2025.Fri,0,FCU 01/01
Fri Oct 17 2025 00:00:00 GMT+0100,2025.Fri,0,FCU 01/01
Fri Oct 24 2025 00:00:00 GMT+0100,2025.Fri,0,FCU 01/01
Fri Oct 31 2025 00:00:00 GMT+0000,2025.Fri,0,FCU 01/01
Fri Nov 07 2025 00:00:00 GMT+0000,2025.Fri,0,FCU 01/01
Fri Nov 14 2025 00:00:00 GMT+0000,2025.Fri,0,FCU 01/01
Fri Nov 21 2025 00:00:00 GMT+0000,2025.Fri,0,FCU 01/01
Fri Nov 28 2025 00:00:00 GMT+0000,2025.Fri,,FCU 01/01
Fri Dec 05 2025 00:00:00 GMT+0000,2025.Fri,,FCU 01/01
Fri Dec 12 2025 00:00:00 GMT+0000,2025.Fri,,FCU 01/01
Fri Dec 19 2025 00:00:00 GMT+0000,2025.Fri,,FCU 01/01
Fri Dec 26 2025 00:00:00 GMT+0000,2025.Fri,,FCU 01/01
Sat Jan 04 2025 00:00:00 GMT+0000,2025.Sat,0,FCU 01/01
Sat Jan 11 2025 00:00:00 GMT+0000,2025.Sat,0,FCU 01/01
Sat Jan 18 2025 00:00:00 GMT+0000,2025.Sat,0,FCU 01/01
Sat Jan 25 2025 00:00:00 GMT+0000,2025.Sat,0,FCU 01/01
Sat Feb 01 2025 00:00:00 GMT+0000,2025.Sat,0,FCU 01/01
Sat Feb 08 2025 00:00:00 GMT+0000,2025.Sat,0,FCU 01/01
Sat Feb 15 2025 00:00:00 GMT+0000,2025.Sat,0,FCU 01/01
Sat Feb 22 2025 00:00:00 GMT+0000,2025.Sat,0,FCU 01/01
Sat Mar 01 2025 00:00:00 GMT+0000,2025.Sat,0,FCU 01/01
Sat Mar 08 2025 00:00:00 GMT+0000,2025.Sat,0,FCU 01/01
Sat Mar 15 2025 00:00:00 GMT+0000,2025.Sat,0,FCU 01/01
Sat Mar 22 2025 00:00:00 GMT+0000,2025.Sat,0,FCU 01/01
Sat Mar 29 2025 00:00:00 GMT+0000,2025.Sat,0,FCU 01/01
Sat Apr 05 2025 00:00:00 GMT+0100,2025.Sat,0,FCU 01/01
Sat Apr 12 2025 00:00:00 GMT+0100,2025.Sat,0,FCU 01/01
Sat Apr 19 2025 00:00:00 GMT+0100,2025.Sat,0,FCU 01/01
Sat Apr 26 2025 00:00:00 GMT+0100,2025.Sat,0,FCU 01/01
Sat May 03 2025 00:00:00 GMT+0100,2025.Sat,0,FCU 01/01
Sat May 10 2025 00:00:00 GMT+0100,2025.Sat,0,FCU 01/01
Sat May 17 2025 00:00:00 GMT+0100,2025.Sat,0,FCU 01/01
Sat May 24 2025 00:00:00 GMT+0100,2025.Sat,0,FCU 01/01
Sat May 31 2025 00:00:00 GMT+0100,2025.Sat,0,FCU 01/01
Sat Jun 07 2025 00:00:00 GMT+0100,2025.Sat,,FCU 01/01
Sat Jun 14 2025 00:00:00 GMT+0100,2025.Sat,0,FCU 01/01
Sat Jun 21 2025 00:00:00 GMT+0100,2025.Sat,0,FCU 01/01
Sat Jun 28 2025 00:00:00 GMT+0100,2025.Sat,0,FCU 01/01
Sat Jul 05 2025 00:00:00 GMT+0100,2025.Sat,0,FCU 01/01
Sat Jul 12 2025 00:00:00 GMT+0100,2025.Sat,0,FCU 01/01
Sat Jul 19 2025 00:00:00 GMT+0100,2025.Sat,0,FCU 01/01
Sat Jul 26 2025 00:00:00 GMT+0100,2025.Sat,0,FCU 01/01
Sat Aug 02 2025 00:00:00 GMT+0100,2025.Sat,0,FCU 01/01
Sat Aug 09 2025 00:00:00 GMT+0100,2025.Sat,0,FCU 01/01
Sat Aug 16 2025 00:00:00 GMT+0100,2025.Sat,0,FCU 01/01
Sat Aug 23 2025 00:00:00 GMT+0100,2025.Sat,0,FCU 01/01
Sat Aug 30 2025 00:00:00 GMT+0100,2025.Sat,0,FCU 01/01
Sat Sep 06 2025 00:00:00 GMT+0100,2025.Sat,0,FCU 01/01
Sat Sep 13 2025 00:00:00 GMT+0100,2025.Sat,0,FCU 01/01
Sat Sep 20 2025 00:00:00 GMT+0100,2025.Sat,0,FCU 01/01
Sat Sep 27 2025 00:00:00 GMT+0100,2025.Sat,0,FCU 01/01
Sat Oct 04 2025 00:00:00 GMT+0100,2025.Sat,0,FCU 01/01
Sat Oct 11 2025 00:00:00 GMT+0100,2025.Sat,0,FCU 01/01
Sat Oct 18 2025 00:00:00 GMT+0100,2025.Sat,0,FCU 01/01
Sat Oct 25 2025 00:00:00 GMT+0100,2025.Sat,0,FCU 01/01
Sat Nov 01 2025 00:00:00 GMT+0000,2025.Sat,0,FCU 01/01
Sat Nov 08 2025 00:00:00 GMT+0000,2025.Sat,0,FCU 01/01
Sat Nov 15 2025 00:00:00 GMT+0000,2025.Sat,0,FCU 01/01
Sat Nov 22 2025 00:00:00 GMT+0000,2025.Sat,0,FCU 01/01
Sat Nov 29 2025 00:00:00 GMT+0000,2025.Sat,,FCU 01/01
Sat Dec 06 2025 00:00:00 GMT+0000,2025.Sat,,FCU 01/01
Sat Dec 13 2025 00:00:00 GMT+0000,2025.Sat,,FCU 01/01
Sat Dec 20 2025 00:00:00 GMT+0000,2025.Sat,,FCU 01/01
Sat Dec 27 2025 00:00:00 GMT+0000,2025.Sat,,FCU 01/01
Sun Jan 05 2025 00:00:00 GMT+0000,2025.Sun,0,FCU 01/01
Sun Jan 12 2025 00:00:00 GMT+0000,2025.Sun,0,FCU 01/01
Sun Jan 19 2025 00:00:00 GMT+0000,2025.Sun,0,FCU 01/01
Sun Jan 26 2025 00:00:00 GMT+0000,2025.Sun,0,FCU 01/01
Sun Feb 02 2025 00:00:00 GMT+0000,2025.Sun,0,FCU 01/01
Sun Feb 09 2025 00:00:00 GMT+0000,2025.Sun,0,FCU 01/01
Sun Feb 16 2025 00:00:00 GMT+0000,2025.Sun,0,FCU 01/01
Sun Feb 23 2025 00:00:00 GMT+0000,2025.Sun,0,FCU 01/01
Sun Mar 02 2025 00:00:00 GMT+0000,2025.Sun,0,FCU 01/01
Sun Mar 09 2025 00:00:00 GMT+0000,2025.Sun,0,FCU 01/01
Sun Mar 16 2025 00:00:00 GMT+0000,2025.Sun,0,FCU 01/01
Sun Mar 23 2025 00:00:00 GMT+0000,2025.Sun,0,FCU 01/01
Sun Mar 30 2025 00:00:00 GMT+0000,2025.Sun,0,FCU 01/01
Sun Apr 06 2025 00:00:00 GMT+0100,2025.Sun,0,FCU 01/01
Sun Apr 13 2025 00:00:00 GMT+0100,2025.Sun,0,FCU 01/01
Sun Apr 20 2025 00:00:00 GMT+0100,2025.Sun,0,FCU 01/01
Sun Apr 27 2025 00:00:00 GMT+0100,2025.Sun,0,FCU 01/01
Sun May 04 2025 00:00:00 GMT+0100,2025.Sun,0,FCU 01/01
Sun May 11 2025 00:00:00 GMT+0100,2025.Sun,0,FCU 01/01
Sun May 18 2025 00:00:00 GMT+0100,2025.Sun,0,FCU 01/01
Sun May 25 2025 00:00:00 GMT+0100,2025.Sun,0,FCU 01/01
Sun Jun 01 2025 00:00:00 GMT+0100,2025.Sun,0,FCU 01/01
Sun Jun 08 2025 00:00:00 GMT+0100,2025.Sun,,FCU 01/01
Sun Jun 15 2025 00:00:00 GMT+0100,2025.Sun,0,FCU 01/01
Sun Jun 22 2025 00:00:00 GMT+0100,2025.Sun,0,FCU 01/01
Sun Jun 29 2025 00:00:00 GMT+0100,2025.Sun,0,FCU 01/01
Sun Jul 06 2025 00:00:00 GMT+0100,2025.Sun,0,FCU 01/01
Sun Jul 13 2025 00:00:00 GMT+0100,2025.Sun,0,FCU 01/01
Sun Jul 20 2025 00:00:00 GMT+0100,2025.Sun,0,FCU 01/01
Sun Jul 27 2025 00:00:00 GMT+0100,2025.Sun,0,FCU 01/01
Sun Aug 03 2025 00:00:00 GMT+0100,2025.Sun,0,FCU 01/01
Sun Aug 10 2025 00:00:00 GMT+0100,2025.Sun,0,FCU 01/01
Sun Aug 17 2025 00:00:00 GMT+0100,2025.Sun,0,FCU 01/01
Sun Aug 24 2025 00:00:00 GMT+0100,2025.Sun,0,FCU 01/01
Sun Aug 31 2025 00:00:00 GMT+0100,2025.Sun,0,FCU 01/01
Sun Sep 07 2025 00:00:00 GMT+0100,2025.Sun,0,FCU 01/01
Sun Sep 14 2025 00:00:00 GMT+0100,2025.Sun,0,FCU 01/01
Sun Sep 21 2025 00:00:00 GMT+0100,2025.Sun,0,FCU 01/01
Sun Sep 28 2025 00:00:00 GMT+0100,2025.Sun,0,FCU 01/01
Sun Oct 05 2025 00:00:00 GMT+0100,2025.Sun,0,FCU 01/01
Sun Oct 12 2025 00:00:00 GMT+0100,2025.Sun,0,FCU 01/01
Sun Oct 19 2025 00:00:00 GMT+0100,2025.Sun,0,FCU 01/01
Sun Oct 26 2025 00:00:00 GMT+0100,2025.Sun,0,FCU 01/01
Sun Nov 02 2025 00:00:00 GMT+0000,2025.Sun,0,FCU 01/01
Sun Nov 09 2025 00:00:00 GMT+0000,2025.Sun,0,FCU 01/01
Sun Nov 16 2025 00:00:00 GMT+0000,2025.Sun,0,FCU 01/01
Sun Nov 23 2025 00:00:00 GMT+0000,2025.Sun,0,FCU 01/01
Sun Nov 30 2025 00:00:00 GMT+0000,2025.Sun,,FCU 01/01
Sun Dec 07 2025 00:00:00 GMT+0000,2025.Sun,,FCU 01/01
Sun Dec 14 2025 00:00:00 GMT+0000,2025.Sun,,FCU 01/01
Sun Dec 21 2025 00:00:00 GMT+0000,2025.Sun,,FCU 01/01
Sun Dec 28 2025 00:00:00 GMT+0000,2025.Sun,,FCU 01/01
Mon Jan 05 2026 00:00:00 GMT+0000,2026.Mon,,FCU 01/01
Mon Jan 12 2026 00:00:00 GMT+0000,2026.Mon,,FCU 01/01
Mon Jan 19 2026 00:00:00 GMT+0000,2026.Mon,,FCU 01/01
Mon Jan 26 2026 00:00:00 GMT+0000,2026.Mon,,FCU 01/01
Mon Feb 02 2026 00:00:00 GMT+0000,2026.Mon,,FCU 01/01
Mon Feb 09 2026 00:00:00 GMT+0000,2026.Mon,,FCU 01/01
Mon Feb 16 2026 00:00:00 GMT+0000,2026.Mon,,FCU 01/01
Mon Feb 23 2026 00:00:00 GMT+0000,2026.Mon,0,FCU 01/01
Mon Mar 02 2026 00:00:00 GMT+0000,2026.Mon,0,FCU 01/01
Mon Mar 09 2026 00:00:00 GMT+0000,2026.Mon,0.7633942367,FCU 01/01
Mon Mar 16 2026 00:00:00 GMT+0000,2026.Mon,0,FCU 01/01
Mon Mar 23 2026 00:00:00 GMT+0000,2026.Mon,0,FCU 01/01
Mon Mar 30 2026 00:00:00 GMT+0100,2026.Mon,0,FCU 01/01
Mon Apr 06 2026 00:00:00 GMT+0100,2026.Mon,0,FCU 01/01
Mon Apr 13 2026 00:00:00 GMT+0100,2026.Mon,0,FCU 01/01
Mon Apr 20 2026 00:00:00 GMT+0100,2026.Mon,0,FCU 01/01
Tue Jan 06 2026 00:00:00 GMT+0000,2026.Tue,,FCU 01/01
Tue Jan 13 2026 00:00:00 GMT+0000,2026.Tue,,FCU 01/01
Tue Jan 20 2026 00:00:00 GMT+0000,2026.Tue,,FCU 01/01
Tue Jan 27 2026 00:00:00 GMT+0000,2026.Tue,,FCU 01/01
Tue Feb 03 2026 00:00:00 GMT+0000,2026.Tue,,FCU 01/01
Tue Feb 10 2026 00:00:00 GMT+0000,2026.Tue,,FCU 01/01
Tue Feb 17 2026 00:00:00 GMT+0000,2026.Tue,,FCU 01/01
Tue Feb 24 2026 00:00:00 GMT+0000,2026.Tue,0,FCU 01/01
Tue Mar 03 2026 00:00:00 GMT+0000,2026.Tue,0,FCU 01/01
Tue Mar 10 2026 00:00:00 GMT+0000,2026.Tue,1.0517736911,FCU 01/01
Tue Mar 17 2026 00:00:00 GMT+0000,2026.Tue,2.0680052763,FCU 01/01
Tue Mar 24 2026 00:00:00 GMT+0000,2026.Tue,0,FCU 01/01
Tue Mar 31 2026 00:00:00 GMT+0100,2026.Tue,0,FCU 01/01
Tue Apr 07 2026 00:00:00 GMT+0100,2026.Tue,0,FCU 01/01
Tue Apr 14 2026 00:00:00 GMT+0100,2026.Tue,0,FCU 01/01
Wed Jan 07 2026 00:00:00 GMT+0000,2026.Wed,,FCU 01/01
Wed Jan 14 2026 00:00:00 GMT+0000,2026.Wed,,FCU 01/01
Wed Jan 21 2026 00:00:00 GMT+0000,2026.Wed,,FCU 01/01
Wed Jan 28 2026 00:00:00 GMT+0000,2026.Wed,,FCU 01/01
Wed Feb 04 2026 00:00:00 GMT+0000,2026.Wed,,FCU 01/01
Wed Feb 11 2026 00:00:00 GMT+0000,2026.Wed,,FCU 01/01
Wed Feb 18 2026 00:00:00 GMT+0000,2026.Wed,,FCU 01/01
Wed Feb 25 2026 00:00:00 GMT+0000,2026.Wed,0,FCU 01/01
Wed Mar 04 2026 00:00:00 GMT+0000,2026.Wed,0,FCU 01/01
Wed Mar 11 2026 00:00:00 GMT+0000,2026.Wed,0,FCU 01/01
Wed Mar 18 2026 00:00:00 GMT+0000,2026.Wed,0,FCU 01/01
Wed Mar 25 2026 00:00:00 GMT+0000,2026.Wed,0,FCU 01/01
Wed Apr 01 2026 00:00:00 GMT+0100,2026.Wed,0,FCU 01/01
Wed Apr 08 2026 00:00:00 GMT+0100,2026.Wed,0,FCU 01/01
Wed Apr 15 2026 00:00:00 GMT+0100,2026.Wed,0,FCU 01/01
Thu Jan 01 2026 00:00:00 GMT+0000,2026.Thu,,FCU 01/01
Thu Jan 08 2026 00:00:00 GMT+0000,2026.Thu,,FCU 01/01
Thu Jan 15 2026 00:00:00 GMT+0000,2026.Thu,,FCU 01/01
Thu Jan 22 2026 00:00:00 GMT+0000,2026.Thu,,FCU 01/01
Thu Jan 29 2026 00:00:00 GMT+0000,2026.Thu,,FCU 01/01
Thu Feb 05 2026 00:00:00 GMT+0000,2026.Thu,,FCU 01/01
Thu Feb 12 2026 00:00:00 GMT+0000,2026.Thu,,FCU 01/01
Thu Feb 19 2026 00:00:00 GMT+0000,2026.Thu,,FCU 01/01
Thu Feb 26 2026 00:00:00 GMT+0000,2026.Thu,0,FCU 01/01
Thu Mar 05 2026 00:00:00 GMT+0000,2026.Thu,0,FCU 01/01
Thu Mar 12 2026 00:00:00 GMT+0000,2026.Thu,0,FCU 01/01
Thu Mar 19 2026 00:00:00 GMT+0000,2026.Thu,0,FCU 01/01
Thu Mar 26 2026 00:00:00 GMT+0000,2026.Thu,0,FCU 01/01
Thu Apr 02 2026 00:00:00 GMT+0100,2026.Thu,0,FCU 01/01
Thu Apr 09 2026 00:00:00 GMT+0100,2026.Thu,0,FCU 01/01
Thu Apr 16 2026 00:00:00 GMT+0100,2026.Thu,0,FCU 01/01
Fri Jan 02 2026 00:00:00 GMT+0000,2026.Fri,,FCU 01/01
Fri Jan 09 2026 00:00:00 GMT+0000,2026.Fri,,FCU 01/01
Fri Jan 16 2026 00:00:00 GMT+0000,2026.Fri,,FCU 01/01
Fri Jan 23 2026 00:00:00 GMT+0000,2026.Fri,,FCU 01/01
Fri Jan 30 2026 00:00:00 GMT+0000,2026.Fri,,FCU 01/01
Fri Feb 06 2026 00:00:00 GMT+0000,2026.Fri,,FCU 01/01
Fri Feb 13 2026 00:00:00 GMT+0000,2026.Fri,,FCU 01/01
Fri Feb 20 2026 00:00:00 GMT+0000,2026.Fri,0,FCU 01/01
Fri Feb 27 2026 00:00:00 GMT+0000,2026.Fri,0,FCU 01/01
Fri Mar 06 2026 00:00:00 GMT+0000,2026.Fri,0.2506145108,FCU 01/01
Fri Mar 13 2026 00:00:00 GMT+0000,2026.Fri,0,FCU 01/01
Fri Mar 20 2026 00:00:00 GMT+0000,2026.Fri,0,FCU 01/01
Fri Mar 27 2026 00:00:00 GMT+0000,2026.Fri,0,FCU 01/01
Fri Apr 03 2026 00:00:00 GMT+0100,2026.Fri,0,FCU 01/01
Fri Apr 10 2026 00:00:00 GMT+0100,2026.Fri,0,FCU 01/01
Fri Apr 17 2026 00:00:00 GMT+0100,2026.Fri,0,FCU 01/01
Sat Jan 03 2026 00:00:00 GMT+0000,2026.Sat,,FCU 01/01
Sat Jan 10 2026 00:00:00 GMT+0000,2026.Sat,,FCU 01/01
Sat Jan 17 2026 00:00:00 GMT+0000,2026.Sat,,FCU 01/01
Sat Jan 24 2026 00:00:00 GMT+0000,2026.Sat,,FCU 01/01
Sat Jan 31 2026 00:00:00 GMT+0000,2026.Sat,,FCU 01/01
Sat Feb 07 2026 00:00:00 GMT+0000,2026.Sat,,FCU 01/01
Sat Feb 14 2026 00:00:00 GMT+0000,2026.Sat,,FCU 01/01
Sat Feb 21 2026 00:00:00 GMT+0000,2026.Sat,0,FCU 01/01
Sat Feb 28 2026 00:00:00 GMT+0000,2026.Sat,0,FCU 01/01
Sat Mar 07 2026 00:00:00 GMT+0000,2026.Sat,0,FCU 01/01
Sat Mar 14 2026 00:00:00 GMT+0000,2026.Sat,0,FCU 01/01
Sat Mar 21 2026 00:00:00 GMT+0000,2026.Sat,0,FCU 01/01
Sat Mar 28 2026 00:00:00 GMT+0000,2026.Sat,0,FCU 01/01
Sat Apr 04 2026 00:00:00 GMT+0100,2026.Sat,0,FCU 01/01
Sat Apr 11 2026 00:00:00 GMT+0100,2026.Sat,0,FCU 01/01
Sat Apr 18 2026 00:00:00 GMT+0100,2026.Sat,0,FCU 01/01
Sun Jan 04 2026 00:00:00 GMT+0000,2026.Sun,,FCU 01/01
Sun Jan 11 2026 00:00:00 GMT+0000,2026.Sun,,FCU 01/01
Sun Jan 18 2026 00:00:00 GMT+0000,2026.Sun,,FCU 01/01
Sun Jan 25 2026 00:00:00 GMT+0000,2026.Sun,,FCU 01/01
Sun Feb 01 2026 00:00:00 GMT+0000,2026.Sun,,FCU 01/01
Sun Feb 08 2026 00:00:00 GMT+0000,2026.Sun,,FCU 01/01
Sun Feb 15 2026 00:00:00 GMT+0000,2026.Sun,,FCU 01/01
Sun Feb 22 2026 00:00:00 GMT+0000,2026.Sun,0,FCU 01/01
Sun Mar 01 2026 00:00:00 GMT+0000,2026.Sun,0,FCU 01/01
Sun Mar 08 2026 00:00:00 GMT+0000,2026.Sun,0,FCU 01/01
Sun Mar 15 2026 00:00:00 GMT+0000,2026.Sun,0,FCU 01/01
Sun Mar 22 2026 00:00:00 GMT+0000,2026.Sun,0,FCU 01/01
Sun Mar 29 2026 00:00:00 GMT+0000,2026.Sun,0,FCU 01/01
Sun Apr 05 2026 00:00:00 GMT+0100,2026.Sun,0,FCU 01/01
Sun Apr 12 2026 00:00:00 GMT+0100,2026.Sun,0,FCU 01/01
Sun Apr 19 2026 00:00:00 GMT+0100,2026.Sun,0,FCU 01/01