Date,AHU Kitchen Extract Control Temperature_mean,AHU Kitchen Extract Control Temperature_max,AHU Kitchen Extract Control Temperature_min,AHU Kitchen Intake Control Temperature_mean,AHU Kitchen Intake Control Temperature_max,AHU Kitchen Intake Control Temperature_min,AHU Kitchen Supply Control Temperature_mean,AHU Kitchen Supply Control Temperature_max,AHU Kitchen Supply Control Temperature_min,AHU Kitchen Extract Entering Temperature_mean,AHU Kitchen Extract Entering Temperature_max,AHU Kitchen Extract Entering Temperature_min,AHU Kitchen Intake Entering Temperature_mean,AHU Kitchen Intake Entering Temperature_max,AHU Kitchen Intake Entering Temperature_min,AHU Kitchen Supply Entering Temperature_mean,AHU Kitchen Supply Entering Temperature_max,AHU Kitchen Supply Entering Temperature_min,AHU Kitchen Extract Leaving Temperature_mean,AHU Kitchen Extract Leaving Temperature_max,AHU Kitchen Extract Leaving Temperature_min,AHU Kitchen Intake Leaving Temperature_mean,AHU Kitchen Intake Leaving Temperature_max,AHU Kitchen Intake Leaving Temperature_min,AHU Kitchen Supply Leaving Temperature_mean,AHU Kitchen Supply Leaving Temperature_max,AHU Kitchen Supply Leaving Temperature_min
2025-01-01,,,,,,,19.652760200038195,20.823830812,15.629416088,14.939044777447915,18.967032424,11.329001237,,,,,,,14.939044777447915,18.967032424,11.329001237,,,,19.652760200038195,20.823830812,15.629416088
2025-01-02,,,,,,,19.924960893493058,21.3945487,14.882476719,16.40148955826389,21.778084236,12.223662528,,,,,,,16.40148955826389,21.778084236,12.223662528,,,,19.924960893493058,21.3945487,14.882476719
2025-01-03,,,,,,,20.342467215618054,22.001008994,16.776666952,16.85511919877778,24.447907956,11.200620673,,,,,,,16.85511919877778,24.447907956,11.200620673,,,,20.342467215618054,22.001008994,16.776666952
2025-01-04,,,,,,,21.117788825288194,21.654707913,20.628598007,12.820734225590279,15.181750172,11.312244921,,,,,,,12.820734225590279,15.181750172,11.312244921,,,,21.117788825288194,21.654707913,20.628598007
2025-01-05,,,,,,,19.865840128975695,20.732748462,16.901170334,11.202360197427083,13.833037135,9.385144798,,,,,,,11.202360197427083,13.833037135,9.385144798,,,,19.865840128975695,20.732748462,16.901170334
2025-01-06,,,,,,,19.882835464010416,21.383137923,17.346776101,16.220980681843752,20.595458248,11.991087376,,,,,,,16.220980681843752,20.595458248,11.991087376,,,,19.882835464010416,21.383137923,17.346776101
2025-01-07,,,,,,,20.144178266107637,21.942828428,13.635266756,16.890724684784722,21.993147038,13.412390357,,,,,,,16.890724684784722,21.993147038,13.412390357,,,,20.144178266107637,21.942828428,13.635266756
2025-01-08,,,,,,,20.497071205222223,22.855917927,14.752956928,17.415687712857636,23.39473257,13.790295661,,,,,,,17.415687712857636,23.39473257,13.790295661,,,,20.497071205222223,22.855917927,14.752956928
2025-01-09,,,,,,,20.642085991746526,22.787544061,14.068829155,17.47679378454167,24.412054907,13.064251077,,,,,,,17.47679378454167,24.412054907,13.064251077,,,,20.642085991746526,22.787544061,14.068829155
2025-01-10,,,,,,,20.46232419067014,22.849861965,12.466500863,17.166068017354164,23.871451894,12.290877713,,,,,,,17.166068017354164,23.871451894,12.290877713,,,,20.46232419067014,22.849861965,12.466500863
2025-01-11,,,,,,,21.676820535125003,22.376735582,21.007633884,13.435911675284721,16.522192909,11.653713414,,,,,,,13.435911675284721,16.522192909,11.653713414,,,,21.676820535125003,22.376735582,21.007633884
2025-01-12,,,,,,,20.682561241006944,21.075739376,20.318501271,13.103014680364584,14.435608568,11.877572076,,,,,,,13.103014680364584,14.435608568,11.877572076,,,,20.682561241006944,21.075739376,20.318501271
2025-01-13,,,,,,,20.0554886020625,22.060680048,16.49990954,18.096789747965275,23.192242889,12.496452589,,,,,,,18.096789747965275,23.192242889,12.496452589,,,,20.0554886020625,22.060680048,16.49990954
2025-01-14,,,,,,,20.75208186244097,23.240391203,17.120181242,19.05863881115278,25.68524485,14.580288386,,,,,,,19.05863881115278,25.68524485,14.580288386,,,,20.75208186244097,23.240391203,17.120181242
2025-01-15,,,,,,,21.221927263190974,23.92706805,17.463149162,18.73452713065625,24.691933244,14.160620207,,,,,,,18.73452713065625,24.691933244,14.160620207,,,,21.221927263190974,23.92706805,17.463149162
2025-01-16,,,,,,,21.94177476573611,27.47931951,15.583052049,18.34785220980903,23.859247772,13.34222939,,,,,,,18.34785220980903,23.859247772,13.34222939,,,,21.94177476573611,27.47931951,15.583052049
2025-01-17,,,,,,,21.71305408920139,24.675720556,17.564601763,18.46542158854514,24.548494792,14.141723123,,,,,,,18.46542158854514,24.548494792,14.141723123,,,,21.71305408920139,24.675720556,17.564601763
2025-01-18,,,,,,,22.98483329164236,23.834066159,22.222228917,13.690839119402778,15.130423766,12.014452252,,,,,,,13.690839119402778,15.130423766,12.014452252,,,,22.98483329164236,23.834066159,22.222228917
2025-01-19,,,,,,,21.427687307791665,22.39304069,20.792314944,13.200502318229166,15.231560903,11.853678714,,,,,,,13.200502318229166,15.231560903,11.853678714,,,,21.427687307791665,22.39304069,20.792314944
2025-01-20,,,,,,,21.321035019239584,26.890650207,16.951274204,18.368300890319446,25.233852348,11.162084695,,,,,,,18.368300890319446,25.233852348,11.162084695,,,,21.321035019239584,26.890650207,16.951274204
2025-01-21,,,,,,,21.280644334006944,23.901561447,17.629319133,17.951675981607636,24.785672305,12.848168073,,,,,,,17.951675981607636,24.785672305,12.848168073,,,,21.280644334006944,23.901561447,17.629319133
2025-01-22,,,,,,,21.34154135837153,24.165478596,17.037285592,17.41538587994792,24.034745494,11.681341992,,,,,,,17.41538587994792,24.034745494,11.681341992,,,,21.34154135837153,24.165478596,17.037285592
2025-01-23,,,,,,,21.264760093979167,23.61491625,17.355070957,17.41146470282986,23.969814463,12.686645891,,,,,,,17.41146470282986,23.969814463,12.686645891,,,,21.264760093979167,23.61491625,17.355070957
2025-01-24,,,,,,,20.92096981348958,23.348453747,18.257071539,17.608768131895832,24.159499905,10.702667273,,,,,,,17.608768131895832,24.159499905,10.702667273,,,,20.92096981348958,23.348453747,18.257071539
2025-01-25,,,,,,,22.124668408847224,22.869182424,21.422223847,13.981242021440972,16.893913721,11.915593625,,,,,,,13.981242021440972,16.893913721,11.915593625,,,,22.124668408847224,22.869182424,21.422223847
2025-01-26,,,,,,,20.781406337291667,21.978339683,17.760429047,12.212706152166668,14.392949351,8.363368128,,,,,,,12.212706152166668,14.392949351,8.363368128,,,,20.781406337291667,21.978339683,17.760429047
2025-01-27,,,,,,,19.951283926638887,22.445111735,16.366490557,16.52510280845486,25.101718656,9.088097343,,,,,,,16.52510280845486,25.101718656,9.088097343,,,,19.951283926638887,22.445111735,16.366490557
2025-01-28,,,,,,,20.820907718194444,23.192817215,17.83554721,17.788151443083333,24.299101724,12.842422305,,,,,,,17.788151443083333,24.299101724,12.842422305,,,,20.820907718194444,23.192817215,17.83554721
2025-01-29,,,,,,,21.145601237527778,23.63784727,17.692184221,18.134109427225695,23.005927481,15.186979276,,,,,,,18.134109427225695,23.005927481,15.186979276,,,,21.145601237527778,23.63784727,17.692184221
2025-01-30,,,,,,,21.072937558020833,23.529199483,16.195277651,17.45963916997222,23.929148828,13.231371345,,,,,,,17.45963916997222,23.929148828,13.231371345,,,,21.072937558020833,23.529199483,16.195277651
2025-01-31,,,,,,,21.09499883592657,23.359687941,17.458046737,17.60315108608741,24.379771994,12.173182125,,,,,,,17.60315108608741,24.379771994,12.173182125,,,,21.09499883592657,23.359687941,17.458046737
2025-02-01,,,,,,,22.831883169519163,23.390926421,22.258943872,14.555107585076657,16.56195997,12.985971618,,,,,,,14.555107585076657,16.56195997,12.985971618,,,,22.831883169519163,23.390926421,22.258943872
2025-02-02,,,,,,,21.869115639895835,22.520676769,21.418111355,14.756903924795138,16.564917986,12.685976153,,,,,,,14.756903924795138,16.564917986,12.685976153,,,,21.869115639895835,22.520676769,21.418111355
2025-02-03,,,,,,,20.691746406017362,22.954911844,18.184216839,17.698830696590278,22.91643389,12.661921106,,,,,,,17.698830696590278,22.91643389,12.661921106,,,,20.691746406017362,22.954911844,18.184216839
2025-02-04,,,,,,,21.070167213694443,23.734442345,18.365807505,18.448849889270832,23.534442892,13.913369004,,,,,,,18.448849889270832,23.534442892,13.913369004,,,,21.070167213694443,23.734442345,18.365807505
2025-02-05,,,,,,,21.3054172868125,24.313388512,17.608468617,17.628171822604166,22.954629393,12.743390612,,,,,,,17.628171822604166,22.954629393,12.743390612,,,,21.3054172868125,24.313388512,17.608468617
2025-02-06,,,,,,,21.161399221670138,23.446046855,16.91953267,17.987760959041665,23.436697576,13.872851594,,,,,,,17.987760959041665,23.436697576,13.872851594,,,,21.161399221670138,23.446046855,16.91953267
2025-02-07,,,,,,,21.00692884380903,23.732783898,17.311633632,17.4386294800625,24.214432677,12.416688091,,,,,,,17.4386294800625,24.214432677,12.416688091,,,,21.00692884380903,23.732783898,17.311633632
2025-02-08,,,,,,,22.404212050788193,22.763062382,21.850440881,12.626518779173612,13.498047556,11.313223834,,,,,,,12.626518779173612,13.498047556,11.313223834,,,,22.404212050788193,22.763062382,21.850440881
2025-02-09,,,,,,,21.248631068680556,22.278144129,19.21224236,13.050121104666665,16.298369959,11.722160451,,,,,,,13.050121104666665,16.298369959,11.722160451,,,,21.248631068680556,22.278144129,19.21224236
2025-02-10,,,,,,,19.92777333533333,22.769959357,16.904761903,16.149457800913197,23.345210644,10.503444167,,,,,,,16.149457800913197,23.345210644,10.503444167,,,,19.92777333533333,22.769959357,16.904761903
2025-02-11,,,,,,,20.133661386493056,22.867914022,16.792033263,16.396291099100694,23.40493938,11.338740968,,,,,,,16.396291099100694,23.40493938,11.338740968,,,,20.133661386493056,22.867914022,16.792033263
2025-02-12,,,,,,,20.807643370114583,23.723333559,17.032588768,17.165553771749998,23.142889153,12.120560872,,,,,,,17.165553771749998,23.142889153,12.120560872,,,,20.807643370114583,23.723333559,17.032588768
2025-02-13,,,,,,,21.04907083595486,23.361510084,17.046828319,17.05624045367361,23.373718102,12.326005847,,,,,,,17.05624045367361,23.373718102,12.326005847,,,,21.04907083595486,23.361510084,17.046828319
2025-02-14,,,,,,,21.033452351256944,23.237766677,17.35944542,17.158315078038196,24.002589484,11.706600177,,,,,,,17.158315078038196,24.002589484,11.706600177,,,,21.033452351256944,23.237766677,17.35944542
2025-02-15,,,,,,,22.320648618760416,22.893911665,21.668305827,13.569988190288194,15.508472895,12.042090049,,,,,,,13.569988190288194,15.508472895,12.042090049,,,,22.320648618760416,22.893911665,21.668305827
2025-02-16,,,,,,,21.577497142013886,22.174642531,20.800937195,12.713910960503473,14.725374426,11.290652562,,,,,,,12.713910960503473,14.725374426,11.290652562,,,,21.577497142013886,22.174642531,20.800937195
2025-02-17,,,,,,,20.384882645083334,22.387746941,17.093410047,16.30502183636111,22.624064465,11.308633209,,,,,,,16.30502183636111,22.624064465,11.308633209,,,,20.384882645083334,22.387746941,17.093410047
2025-02-18,,,,,,,20.860444117677083,23.564768244,17.1861319,16.86501654145833,26.381499389,11.342542439,,,,,,,16.86501654145833,26.381499389,11.342542439,,,,20.860444117677083,23.564768244,17.1861319
2025-02-19,,,,,,,20.991605309524303,24.241771835,16.978306093,17.40931814634028,25.679064724,10.870218256,,,,,,,17.40931814634028,25.679064724,10.870218256,,,,20.991605309524303,24.241771835,16.978306093
2025-02-20,,,,,,,21.449777311322915,24.316341841,17.723131183,18.620113912,25.864191404,13.328880967,,,,,,,18.620113912,25.864191404,13.328880967,,,,21.449777311322915,24.316341841,17.723131183
2025-02-21,,,,,,,21.523288115409724,24.145090431,18.188042149,18.843293228277776,23.794803855,14.164531238,,,,,,,18.843293228277776,23.794803855,14.164531238,,,,21.523288115409724,24.145090431,18.188042149
2025-02-22,,,,,,,23.312845098281247,23.886779335,22.669634507,16.06688425098611,19.293910454,13.761225564,,,,,,,16.06688425098611,19.293910454,13.761225564,,,,23.312845098281247,23.886779335,22.669634507
2025-02-23,,,,,,,23.03737604343403,23.837674594,22.690141109,16.10182309857986,18.911471209,13.747254409,,,,,,,16.10182309857986,18.911471209,13.747254409,,,,23.03737604343403,23.837674594,22.690141109
2025-02-24,,,,,,,20.969827061934026,22.933358253,18.318583892,18.289787516135416,24.312111172,13.731697411,,,,,,,18.289787516135416,24.312111172,13.731697411,,,,20.969827061934026,22.933358253,18.318583892
2025-02-25,,,,,,,21.0560262798125,23.89780717,17.894941878,17.86189030373611,24.311009385,12.788178889,,,,,,,17.86189030373611,24.311009385,12.788178889,,,,21.0560262798125,23.89780717,17.894941878
2025-02-26,,,,,,,21.082794982607638,23.636218822,17.114163749,17.457416928312497,25.974352069,12.742587665,,,,,,,17.457416928312497,25.974352069,12.742587665,,,,21.082794982607638,23.636218822,17.114163749
2025-02-27,,,,,,,20.466468320208335,23.201047475,8.033248937,17.324055345138888,26.619076497,11.68031546,,,,,,,17.324055345138888,26.619076497,11.68031546,,,,20.466468320208335,23.201047475,8.033248937
2025-02-28,,,,,,,20.90506156738112,23.141782707,16.988647108,18.12622452670979,26.237931642,13.037375877,,,,,,,18.12622452670979,26.237931642,13.037375877,,,,20.90506156738112,23.141782707,16.988647108
2025-03-01,,,,,,,22.536864594393727,23.29463008,22.033524679,15.534946971229964,19.810011213,12.33368834,,,,,,,15.534946971229964,19.810011213,12.33368834,,,,22.536864594393727,23.29463008,22.033524679
2025-03-02,,,,,,,22.24122757709375,23.167766729,21.665997732,15.791051723649307,21.000825754,13.500982504,,,,,,,15.791051723649307,21.000825754,13.500982504,,,,22.24122757709375,23.167766729,21.665997732
2025-03-03,,,,,,,20.900454132427082,23.600949624,18.311366496,18.730483118038194,24.472408139,13.588989925,,,,,,,18.730483118038194,24.472408139,13.588989925,,,,20.900454132427082,23.600949624,18.311366496
2025-03-04,,,,,,,21.141359796194443,23.63886782,18.385126214,18.044708354458336,23.796852881,13.758053976,,,,,,,18.044708354458336,23.796852881,13.758053976,,,,21.141359796194443,23.63886782,18.385126214
2025-03-05,,,,,,,21.216969721822917,23.867837199,17.70253131,18.322831072197918,24.259057588,13.54008684,,,,,,,18.322831072197918,24.259057588,13.54008684,,,,21.216969721822917,23.867837199,17.70253131
2025-03-06,,,,,,,21.454932845270832,24.370786898,17.809642923,19.465617356413194,24.438925147,13.94397261,,,,,,,19.465617356413194,24.438925147,13.94397261,,,,21.454932845270832,24.370786898,17.809642923
2025-03-07,,,,,,,21.67038813615625,24.649505427,18.534828367,19.41853775238889,25.204356093,15.466181153,,,,,,,19.41853775238889,25.204356093,15.466181153,,,,21.67038813615625,24.649505427,18.534828367
2025-03-08,,,,,,,24.009762703458332,24.740087492,23.432828728,17.864000702927083,23.95551954,15.124525667,,,,,,,17.864000702927083,23.95551954,15.124525667,,,,24.009762703458332,24.740087492,23.432828728
2025-03-09,,,,,,,23.70832812373611,24.71877025,23.232548864,16.83760559520833,23.667493353,13.871869678,,,,,,,16.83760559520833,23.667493353,13.871869678,,,,23.70832812373611,24.71877025,23.232548864
2025-03-10,,,,,,,21.52150733095139,24.203672999,17.152860166,18.271290402947916,23.181303502,13.213138817,,,,,,,18.271290402947916,23.181303502,13.213138817,,,,21.52150733095139,24.203672999,17.152860166
2025-03-11,,,,,,,18.909702164753472,23.465694878,9.9984174,20.051441359368056,25.763866798,12.083443658,,,,,,,20.051441359368056,25.763866798,12.083443658,,,,18.909702164753472,23.465694878,9.9984174
2025-03-12,,,,,,,20.07341214646528,23.069167443,13.457236224,18.23500111038889,23.62789159,12.410057989,,,,,,,18.23500111038889,23.62789159,12.410057989,,,,20.07341214646528,23.069167443,13.457236224
2025-03-13,,,,,,,19.752065255517362,22.916451101,12.77554007,17.82116408549653,24.069523463,12.45322787,,,,,,,17.82116408549653,24.069523463,12.45322787,,,,19.752065255517362,22.916451101,12.77554007
2025-03-14,,,,,,,21.187965768756943,24.355678094,13.308294201,17.789704085298613,24.417112766,12.071604669,,,,,,,17.789704085298613,24.417112766,12.071604669,,,,21.187965768756943,24.355678094,13.308294201
2025-03-15,,,,,,,23.343009778993054,24.67386404,22.619914085,15.969968134618057,21.969134997,12.725798564,,,,,,,15.969968134618057,21.969134997,12.725798564,,,,23.343009778993054,24.67386404,22.619914085
2025-03-16,,,,,,,22.723547976545138,23.39656687,22.212451616,15.793158237038195,19.083234781,12.900052591,,,,,,,15.793158237038195,19.083234781,12.900052591,,,,22.723547976545138,23.39656687,22.212451616
2025-03-17,,,,,,,19.437507687850697,22.371269312,11.525709459,19.81823542084722,25.770668286,12.135051379,,,,,,,19.81823542084722,25.770668286,12.135051379,,,,19.437507687850697,22.371269312,11.525709459
2025-03-18,,,,,,,21.09521597387153,23.897416717,16.916487788,17.55247238096528,26.11100928,12.168080812,,,,,,,17.55247238096528,26.11100928,12.168080812,,,,21.09521597387153,23.897416717,16.916487788
2025-03-19,,,,,,,21.43890715132639,24.577656066,16.758459535,18.67092219797222,25.632819286,12.908029002,,,,,,,18.67092219797222,25.632819286,12.908029002,,,,21.43890715132639,24.577656066,16.758459535
2025-03-20,,,,,,,18.838484877513892,23.198428863,10.719825136,19.864808982555555,26.051007823,13.12854709,,,,,,,19.864808982555555,26.051007823,13.12854709,,,,18.838484877513892,23.198428863,10.719825136
2025-03-21,,,,,,,20.891604893024308,23.745536437,17.910983661,18.27588401876389,25.510161838,12.537339187,,,,,,,18.27588401876389,25.510161838,12.537339187,,,,20.891604893024308,23.745536437,17.910983661
2025-03-22,,,,,,,23.327215116,24.249299069,22.673054943,16.03351607697222,22.944145881,13.656562679,,,,,,,16.03351607697222,22.944145881,13.656562679,,,,23.327215116,24.249299069,22.673054943
2025-03-23,,,,,,,22.5239078029375,23.571040235,21.400733045,16.63036384955903,19.287123097,12.431346872,,,,,,,16.63036384955903,19.287123097,12.431346872,,,,22.5239078029375,23.571040235,21.400733045
2025-03-24,,,,,,,20.80694417723611,23.464975448,17.665101406,19.12470689804514,25.054339156,12.146447283,,,,,,,19.12470689804514,25.054339156,12.146447283,,,,20.80694417723611,23.464975448,17.665101406
2025-03-25,,,,,,,21.177247476381943,23.903895284,18.36820967,20.359995611336803,25.419021838,14.875692967,,,,,,,20.359995611336803,25.419021838,14.875692967,,,,21.177247476381943,23.903895284,18.36820967
2025-03-26,,,,,,,21.400592994642363,24.668494997,17.899065143,19.937590046447916,27.061657164,13.746461151,,,,,,,19.937590046447916,27.061657164,13.746461151,,,,21.400592994642363,24.668494997,17.899065143
2025-03-27,,,,,,,21.5246747851875,24.001663322,18.145189759,19.777289463267362,24.974639972,15.341902216,,,,,,,19.777289463267362,24.974639972,15.341902216,,,,21.5246747851875,24.001663322,18.145189759
2025-03-28,,,,,,,21.62671377842361,24.645969979,18.259165806,19.679491588138887,23.784802065,14.789787045,,,,,,,19.679491588138887,23.784802065,14.789787045,,,,21.62671377842361,24.645969979,18.259165806
2025-03-29,,,,,,,23.411049480326387,24.212551743,22.661546108,17.16648680876736,19.637403376,13.510404533,,,,,,,17.16648680876736,19.637403376,13.510404533,,,,23.411049480326387,24.212551743,22.661546108
2025-03-30,,,,,,,22.639059230434782,23.19584512,21.792358026,18.63966505753623,21.984263932,14.89807997,,,,,,,18.63966505753623,21.984263932,14.89807997,,,,22.639059230434782,23.19584512,21.792358026
2025-03-31,,,,,,,21.19487577813986,24.125752366,17.829820008,20.075307096136363,27.707250779,13.058123785,,,,,,,20.075307096136363,27.707250779,13.058123785,,,,21.19487577813986,24.125752366,17.829820008
2025-04-01,,,,,,,21.18816001075958,25.703305676,18.211201648,18.841472886310104,25.573111581,11.016577273,,,,,,,18.841472886310104,25.573111581,11.016577273,,,,21.18816001075958,25.703305676,18.211201648
2025-04-02,,,,,,,20.9608814144375,24.825236013,17.677634596,18.4214895215,24.536299769,10.728063269,,,,,,,18.4214895215,24.536299769,10.728063269,,,,20.9608814144375,24.825236013,17.677634596
2025-04-03,,,,,,,21.422835867378474,24.181499205,18.028504365,19.106494300069446,24.936317897,14.466121125,,,,,,,19.106494300069446,24.936317897,14.466121125,,,,21.422835867378474,24.181499205,18.028504365
2025-04-04,,,,,,,21.55618742843403,24.527880574,18.097775527,19.124477719131946,25.294101018,14.707991384,,,,,,,19.124477719131946,25.294101018,14.707991384,,,,21.55618742843403,24.527880574,18.097775527
2025-04-05,,,,,,,23.560272787322916,24.61532958,22.909541973,16.966933650961806,23.653506909,14.287860957,,,,,,,16.966933650961806,23.653506909,14.287860957,,,,23.560272787322916,24.61532958,22.909541973
2025-04-06,,,,,,,22.912723129434028,23.782584087,21.818840096,17.90026178695486,24.174666594,12.78459488,,,,,,,17.90026178695486,24.174666594,12.78459488,,,,22.912723129434028,23.782584087,21.818840096
2025-04-07,,,,,,,21.24997466220139,24.969702306,17.147126018,19.36276131260764,27.533595214,12.863943941,,,,,,,19.36276131260764,27.533595214,12.863943941,,,,21.24997466220139,24.969702306,17.147126018
2025-04-08,,,,,,,21.569254186684027,24.649114636,17.195684015,20.0117509193125,28.42869073,13.226661764,,,,,,,20.0117509193125,28.42869073,13.226661764,,,,21.569254186684027,24.649114636,17.195684015
2025-04-09,,,,,,,21.479747545100693,24.008857459,14.347678676,18.984733237666667,24.784664444,13.473432608,,,,,,,18.984733237666667,24.784664444,13.473432608,,,,21.479747545100693,24.008857459,14.347678676
2025-04-10,,,,,,,21.656731136420138,25.17603939,17.282574033,20.39468976212153,24.879548263,12.620426527,,,,,,,20.39468976212153,24.879548263,12.620426527,,,,21.656731136420138,25.17603939,17.282574033
2025-04-11,,,,,,,21.92531627004514,24.895737798,15.790395226,21.533951618322916,26.311657527,16.691216095,,,,,,,21.533951618322916,26.311657527,16.691216095,,,,21.92531627004514,24.895737798,15.790395226
2025-04-12,,,,,,,24.927547005690972,26.709471807,23.695830432,20.860645980329863,30.806205379,14.745111552,,,,,,,20.860645980329863,30.806205379,14.745111552,,,,24.927547005690972,26.709471807,23.695830432
2025-04-13,,,,,,,24.798085897364583,25.630091878,23.783064019,18.97091259070486,24.411794467,13.999642634,,,,,,,18.97091259070486,24.411794467,13.999642634,,,,24.798085897364583,25.630091878,23.783064019
2025-04-14,,,,,,,22.09586598135764,25.130036895,17.94756258,19.72631611272222,24.549603849,13.90248914,,,,,,,19.72631611272222,24.549603849,13.90248914,,,,22.09586598135764,25.130036895,17.94756258
2025-04-15,,,,,,,22.122328622444442,26.360656001,18.058798784,20.244689529131946,25.171431692,14.437404785,,,,,,,20.244689529131946,25.171431692,14.437404785,,,,22.122328622444442,26.360656001,18.058798784
2025-04-16,,,,,,,22.055924831677082,24.891558242,18.448299381,19.99481641790972,26.814445195,15.522367816,,,,,,,19.99481641790972,26.814445195,15.522367816,,,,22.055924831677082,24.891558242,18.448299381
2025-04-17,,,,,,,21.723078268166667,24.86554682,18.151217773,20.113044600315973,25.90923459,14.493841007,,,,,,,20.113044600315973,25.90923459,14.493841007,,,,21.723078268166667,24.86554682,18.151217773
2025-04-18,,,,,,,20.819083206774305,23.446582433,18.295118299,16.937327655534723,20.818843218,11.283483068,,,,,,,16.937327655534723,20.818843218,11.283483068,,,,20.819083206774305,23.446582433,18.295118299
2025-04-19,,,,,,,22.6677296895,24.187112693,21.055697194,15.650882451100692,21.037543449,12.290631736,,,,,,,15.650882451100692,21.037543449,12.290631736,,,,22.6677296895,24.187112693,21.055697194
2025-04-20,,,,,,,23.366941750520834,25.121745507,22.176585162,17.848861442159723,30.087075618,12.969380278,,,,,,,17.848861442159723,30.087075618,12.969380278,,,,23.366941750520834,25.121745507,22.176585162
2025-04-21,,,,,,,21.054937397104165,23.211356851,18.019568375,17.690056752395833,21.04473059,13.422648051,,,,,,,17.690056752395833,21.04473059,13.422648051,,,,21.054937397104165,23.211356851,18.019568375
2025-04-22,,,,,,,21.490609963597223,25.07819111,18.055534513,20.116707245652776,26.224057631,14.620997232,,,,,,,20.116707245652776,26.224057631,14.620997232,,,,21.490609963597223,25.07819111,18.055534513
2025-04-23,,,,,,,21.705890266986113,24.727187267,18.283827964,19.791804561805556,25.4657463,14.956391696,,,,,,,19.791804561805556,25.4657463,14.956391696,,,,21.705890266986113,24.727187267,18.283827964
2025-04-24,,,,,,,21.812356007510417,24.620557578,18.47727121,19.851667169197917,24.597713931,15.269244398,,,,,,,19.851667169197917,24.597713931,15.269244398,,,,21.812356007510417,24.620557578,18.47727121
2025-04-25,,,,,,,21.694490312760415,24.646645362,18.228566783,19.58107994022222,25.389736298,14.757272847,,,,,,,19.58107994022222,25.389736298,14.757272847,,,,21.694490312760415,24.646645362,18.228566783
2025-04-26,,,,,,,24.29915547179514,25.727174113,23.454962204,19.837730296090278,27.52259907,14.57799484,,,,,,,19.837730296090278,27.52259907,14.57799484,,,,24.29915547179514,25.727174113,23.454962204
2025-04-27,,,,,,,24.201343698045136,25.291055044,23.59017453,19.736696275274305,27.221979568,16.225457154,,,,,,,19.736696275274305,27.221979568,16.225457154,,,,24.201343698045136,25.291055044,23.59017453
2025-04-28,,,,,,,22.289798353232637,25.703142992,18.650035203,21.52976690739583,26.409409802,16.493953083,,,,,,,21.52976690739583,26.409409802,16.493953083,,,,22.289798353232637,25.703142992,18.650035203
2025-04-29,,,,,,,24.084004848177084,28.432353167,18.40800328,23.794163046197916,31.424991549,16.470617016,,,,,,,23.794163046197916,31.424991549,16.470617016,,,,24.084004848177084,28.432353167,18.40800328
2025-04-30,,,,,,,24.240457184842658,27.86347098,15.645272795,24.452393136692308,30.824056638,17.73619033,,,,,,,24.452393136692308,30.824056638,17.73619033,,,,24.240457184842658,27.86347098,15.645272795
2025-05-01,,,,,,,24.803970411118467,27.432488861,15.206739755,23.88686346450174,31.654757773,17.940892693,,,,,,,23.88686346450174,31.654757773,17.940892693,,,,24.803970411118467,27.432488861,15.206739755
2025-05-02,,,,,,,22.93019477287153,26.669285955,12.943077444,22.25673374205208,27.843482708,17.911048892,,,,,,,22.25673374205208,27.843482708,17.911048892,,,,22.93019477287153,26.669285955,12.943077444
2025-05-03,,,,,,,25.87451056764583,27.127422195,24.968767896,21.051638393454862,26.708545029,17.019079083,,,,,,,21.051638393454862,26.708545029,17.019079083,,,,25.87451056764583,27.127422195,24.968767896
2025-05-04,,,,,,,25.109833635281248,25.719049719,24.348115506,18.7334269885625,23.165255352,14.558396945,,,,,,,18.7334269885625,23.165255352,14.558396945,,,,25.109833635281248,25.719049719,24.348115506
2025-05-05,,,,,,,21.564448191812502,24.462409755,18.29429403,18.526989871170137,21.426211953,14.854294767,,,,,,,18.526989871170137,21.426211953,14.854294767,,,,21.564448191812502,24.462409755,18.29429403
2025-05-06,,,,,,,21.59729458146875,24.684530974,17.787046631,20.144018193600697,26.490332701,13.665599449,,,,,,,20.144018193600697,26.490332701,13.665599449,,,,21.59729458146875,24.684530974,17.787046631
2025-05-07,,,,,,,21.86948368379514,24.843576804,16.87858229,20.021986620979167,24.802444523,15.64292155,,,,,,,20.021986620979167,24.802444523,15.64292155,,,,21.86948368379514,24.843576804,16.87858229
2025-05-08,,,,,,,19.84199691769097,23.829865314,13.90677312,20.63360061522222,26.09918412,14.602495966,,,,,,,20.63360061522222,26.09918412,14.602495966,,,,19.84199691769097,23.829865314,13.90677312
2025-05-09,,,,,,,21.96834031829514,25.639950514,17.809090312,21.430653160965278,29.395847798,13.509053674,,,,,,,21.430653160965278,29.395847798,13.509053674,,,,21.96834031829514,25.639950514,17.809090312
2025-05-10,,,,,,,25.515522035239584,28.320271367,23.102112837,23.116557444690972,34.250946172,16.089210019,,,,,,,23.116557444690972,34.250946172,16.089210019,,,,25.515522035239584,28.320271367,23.102112837
2025-05-11,,,,,,,26.607519964486112,28.614047362,25.023969963,23.17947270145486,34.105334185,16.890317265,,,,,,,23.17947270145486,34.105334185,16.890317265,,,,26.607519964486112,28.614047362,25.023969963
2025-05-12,,,,,,,22.918710017711803,26.96052232,14.390394538,22.32184995234028,27.644565808,17.424346144,,,,,,,22.32184995234028,27.644565808,17.424346144,,,,22.918710017711803,26.96052232,14.390394538
2025-05-13,,,,,,,22.77018286314236,26.599958113,12.555605233,22.38581864326389,27.985307896,17.769063866,,,,,,,22.38581864326389,27.985307896,17.769063866,,,,22.77018286314236,26.599958113,12.555605233
2025-05-14,,,,,,,22.564140618809027,25.957223034,12.947309294,22.131137123350694,27.220133015,16.727506506,,,,,,,22.131137123350694,27.220133015,16.727506506,,,,22.564140618809027,25.957223034,12.947309294
2025-05-15,,,,,,,20.266793773666667,25.096867416,15.099288228,20.781184347670138,26.070912384,15.588076904,,,,,,,20.781184347670138,26.070912384,15.588076904,,,,20.266793773666667,25.096867416,15.099288228
2025-05-16,,,,,,,21.949296462,25.415592542,14.833192924,21.230574485305553,26.902001899,15.222761313,,,,,,,21.230574485305553,26.902001899,15.222761313,,,,21.949296462,25.415592542,14.833192924
2025-05-17,,,,,,,25.387209293652777,27.07886035,24.295488791,21.771023581381947,29.498713662,17.499477607,,,,,,,21.771023581381947,29.498713662,17.499477607,,,,25.387209293652777,27.07886035,24.295488791
2025-05-18,,,,,,,25.475702423791667,26.03779747,24.912916062,19.97014834613889,22.719956817,17.688457181,,,,,,,19.97014834613889,22.719956817,17.688457181,,,,25.475702423791667,26.03779747,24.912916062
2025-05-19,,,,,,,22.441287152972222,26.11594344,14.383459205,21.58149739386458,26.947875854,16.70186031,,,,,,,21.58149739386458,26.947875854,16.70186031,,,,22.441287152972222,26.11594344,14.383459205
2025-05-20,,,,,,,22.36321275396875,26.321327126,14.489691954,21.95703784054514,29.892640484,16.696674803,,,,,,,21.95703784054514,29.892640484,16.696674803,,,,22.36321275396875,26.321327126,14.489691954
2025-05-21,,,,,,,22.31049876645139,25.553313807,16.442854072,21.08530843709375,27.46898242,15.425356131,,,,,,,21.08530843709375,27.46898242,15.425356131,,,,22.31049876645139,25.553313807,16.442854072
2025-05-22,,,,,,,19.99991761567014,24.431956006,14.156905801,20.242407810531247,25.84167084,13.900016772,,,,,,,20.242407810531247,25.84167084,13.900016772,,,,19.99991761567014,24.431956006,14.156905801
2025-05-23,,,,,,,21.74646364840278,25.810788164,14.254920146,20.635436426430555,26.875697889,14.196049067,,,,,,,20.635436426430555,26.875697889,14.196049067,,,,21.74646364840278,25.810788164,14.254920146
2025-05-24,,,,,,,25.105253625597225,26.362081475,23.587059622,20.497466438385416,26.320861965,15.393732826,,,,,,,20.497466438385416,26.320861965,15.393732826,,,,25.105253625597225,26.362081475,23.587059622
2025-05-25,,,,,,,25.862302184899306,27.080823798,23.526712283,20.95299929836111,25.197694632,15.06955893,,,,,,,20.95299929836111,25.197694632,15.06955893,,,,25.862302184899306,27.080823798,23.526712283
2025-05-26,,,,,,,22.184700196586803,25.487480467,14.361789705,19.18501022735417,22.161136964,14.994618088,,,,,,,19.18501022735417,22.161136964,14.994618088,,,,22.184700196586803,25.487480467,14.361789705
2025-05-27,,,,,,,22.043600373902777,25.363229696,16.14772354,21.0619814300625,26.982912225,16.260953381,,,,,,,21.0619814300625,26.982912225,16.260953381,,,,22.043600373902777,25.363229696,16.14772354
2025-05-28,,,,,,,22.096630671916667,25.844777307,16.164815089,21.558244564680553,25.952963349,16.797641204,,,,,,,21.558244564680553,25.952963349,16.797641204,,,,22.096630671916667,25.844777307,16.164815089
2025-05-29,,,,,,,20.64040013198264,24.780971554,16.549077029,20.98411701604514,26.140913585,15.613229399,,,,,,,20.98411701604514,26.140913585,15.613229399,,,,20.64040013198264,24.780971554,16.549077029
2025-05-30,,,,,,,22.461916323364584,26.018195552,16.098126634,22.30457504021875,27.665662118,16.144967483,,,,,,,22.30457504021875,27.665662118,16.144967483,,,,22.461916323364584,26.018195552,16.098126634
2025-05-31,,,,,,,26.211651319185314,27.835057595,24.496295986,21.4125476785,26.723089327,17.346984508,,,,,,,21.4125476785,26.723089327,17.346984508,,,,26.211651319185314,27.835057595,24.496295986
2025-06-01,,,,,,,26.75880152852265,27.835811798,25.749982114,21.203110724125434,25.538367849,17.043685526,,,,,,,21.203110724125434,25.538367849,17.043685526,,,,26.75880152852265,27.835811798,25.749982114
2025-06-02,,,,,,,22.880884906916666,27.087530912,13.331786246,22.389517989052084,27.16710585,18.090790753,,,,,,,22.389517989052084,27.16710585,18.090790753,,,,22.880884906916666,27.087530912,13.331786246
2025-06-03,,,,,,,20.71911831576389,26.194372431,13.143162837,22.05972803235764,26.659921063,15.958713396,,,,,,,22.05972803235764,26.659921063,15.958713396,,,,20.71911831576389,26.194372431,13.143162837
2025-06-04,,,,,,,22.00128779855903,25.423803848,12.009672497,19.808185675399304,26.2123709,15.395847898,,,,,,,19.808185675399304,26.2123709,15.395847898,,,,22.00128779855903,25.423803848,12.009672497
2025-06-05,,,,,,,22.188123334684025,25.584518118,15.617926461,20.7365973204375,24.75334952,15.628749087,,,,,,,20.7365973204375,24.75334952,15.628749087,,,,22.188123334684025,25.584518118,15.617926461
2025-06-06,,,,,,,22.266560220854167,26.111853084,11.68338309,21.72307697330208,27.704976128,16.422825218,,,,,,,21.72307697330208,27.704976128,16.422825218,,,,22.266560220854167,26.111853084,11.68338309
2025-06-07,,,,,,,25.217082996482638,26.272322319,24.269418202,19.64889599348611,25.963256939,16.106801402,,,,,,,19.64889599348611,25.963256939,16.106801402,,,,25.217082996482638,26.272322319,24.269418202
2025-06-08,,,,,,,25.79885344862153,26.927990986,24.903364392,20.902135522697918,25.783021683,16.712339518,,,,,,,20.902135522697918,25.783021683,16.712339518,,,,25.79885344862153,26.927990986,24.903364392
2025-06-09,,,,,,,22.49323093117708,25.393768235,17.904840888,20.261790697444447,26.429492955,16.112280961,,,,,,,20.261790697444447,26.429492955,16.112280961,,,,22.49323093117708,25.393768235,17.904840888
2025-06-10,,,,,,,20.481848822996525,25.389477409,16.310380672,22.008042743767362,27.522905734,16.715403986,,,,,,,22.008042743767362,27.522905734,16.715403986,,,,20.481848822996525,25.389477409,16.310380672
2025-06-11,,,,,,,23.036017733381943,27.473820966,17.538943083,23.13595954828125,31.557051352,15.867778561,,,,,,,23.13595954828125,31.557051352,15.867778561,,,,23.036017733381943,27.473820966,17.538943083
2025-06-12,,,,,,,22.103035301524304,26.172840883,16.896125051,21.401089763625,26.06671805,16.50325821,,,,,,,21.401089763625,26.06671805,16.50325821,,,,22.103035301524304,26.172840883,16.896125051
2025-06-13,,,,,,,24.72126034248611,28.143697392,18.752302924,24.398873978409725,28.720105329,18.591779867,,,,,,,24.398873978409725,28.720105329,18.591779867,,,,24.72126034248611,28.143697392,18.752302924
2025-06-14,,,,,,,27.106860646833333,29.069865768,25.826489477,21.948525591,32.914791388,18.564569467,,,,,,,21.948525591,32.914791388,18.564569467,,,,27.106860646833333,29.069865768,25.826489477
2025-06-15,,,,,,,28.02996112559722,29.30959991,26.693545594,24.15970543954861,29.358803665,18.872779825,,,,,,,24.15970543954861,29.358803665,18.872779825,,,,28.02996112559722,29.30959991,26.693545594
2025-06-16,,,,,,,25.05699219396528,28.524946376,18.714281422,24.09364383738889,28.524433574,19.351717665,,,,,,,24.09364383738889,28.524433574,19.351717665,,,,25.05699219396528,28.524946376,18.714281422
2025-06-17,,,,,,,21.838176744302086,26.984084657,18.418827216,22.67301198775347,25.539164134,18.478037339,,,,,,,22.67301198775347,25.539164134,18.478037339,,,,21.838176744302086,26.984084657,18.418827216
2025-06-18,,,,,,,23.229581774409723,26.554274934,14.562146419,23.090780838048612,28.268342837,19.090681816,,,,,,,23.090780838048612,28.268342837,19.090681816,,,,23.229581774409723,26.554274934,14.562146419
2025-06-19,,,,,,,23.4259051555,26.902417991,14.406648126,23.318583004565973,29.325628845,18.800516691,,,,,,,23.318583004565973,29.325628845,18.800516691,,,,23.4259051555,26.902417991,14.406648126
2025-06-20,,,,,,,27.02404018531597,31.611571935,18.639712279,26.316573603972223,33.355072704,19.856109776,,,,,,,26.316573603972223,33.355072704,19.856109776,,,,27.02404018531597,31.611571935,18.639712279
2025-06-21,,,,,,,29.359343989489584,36.174957972,25.970414473,27.313634781017363,38.556978397,22.137515694,,,,,,,27.313634781017363,38.556978397,22.137515694,,,,29.359343989489584,36.174957972,25.970414473
2025-06-22,,,,,,,29.924736352774307,31.693396375,27.401731863,23.522175318194442,27.568438616,20.269416077,,,,,,,23.522175318194442,27.568438616,20.269416077,,,,29.924736352774307,31.693396375,27.401731863
2025-06-23,,,,,,,24.27159247212847,29.873968028,18.484537279,23.298924871215277,26.375501005,19.2799356,,,,,,,23.298924871215277,26.375501005,19.2799356,,,,24.27159247212847,29.873968028,18.484537279
2025-06-24,,,,,,,20.81762576986806,27.109973,16.091353146,22.388195585885416,27.470266874,18.850134405,,,,,,,22.388195585885416,27.470266874,18.850134405,,,,20.81762576986806,27.109973,16.091353146
2025-06-25,,,,,,,23.046027074788196,27.378041804,14.308234958,23.878461530180555,27.985680152,18.722899349,,,,,,,23.878461530180555,27.985680152,18.722899349,,,,23.046027074788196,27.378041804,14.308234958
2025-06-26,,,,,,,23.20045711438542,26.213049361,18.549459961,23.476227353809026,25.976305702,20.800900628,,,,,,,23.476227353809026,25.976305702,20.800900628,,,,23.20045711438542,26.213049361,18.549459961
2025-06-27,,,,,,,23.225898473229165,26.632387361,18.793831824,23.88207410726736,25.804834416,21.778826557,,,,,,,23.88207410726736,25.804834416,21.778826557,,,,23.225898473229165,26.632387361,18.793831824
2025-06-28,,,,,,,26.38738026126736,27.198109251,25.407747118,24.636461228201387,27.321877144,22.687832645,,,,,,,24.636461228201387,27.321877144,22.687832645,,,,26.38738026126736,27.198109251,25.407747118
2025-06-29,,,,,,,26.28162091240972,27.375784741,24.993615232,25.66924834151736,32.118245893,20.967736274,,,,,,,25.66924834151736,32.118245893,20.967736274,,,,26.28162091240972,27.375784741,24.993615232
2025-06-30,,,,,,,26.6070668389021,29.983775247,18.823169708,27.34223171813636,32.064300343,22.943349407,,,,,,,27.34223171813636,32.064300343,22.943349407,,,,26.6070668389021,29.983775247,18.823169708
2025-07-01,,,,,,,21.227373269567945,27.563499015,18.174043954,23.161825439874562,25.91730434,20.018907342,,,,,,,23.161825439874562,25.91730434,20.018907342,,,,21.227373269567945,27.563499015,18.174043954
2025-07-02,,,,,,,22.22761264926389,26.032259909,16.887843954,22.154485813430554,25.347709953,20.042887191,,,,,,,22.154485813430554,25.347709953,20.042887191,,,,22.22761264926389,26.032259909,16.887843954
2025-07-03,,,,,,,21.10291156125,25.825372499,18.42709954,23.229750851104168,26.713517488,20.788576171,,,,,,,23.229750851104168,26.713517488,20.788576171,,,,21.10291156125,25.825372499,18.42709954
2025-07-04,,,,,,,22.371234532062502,25.74643048,18.807884808,22.722810293625,26.090471136,21.528480409,,,,,,,22.722810293625,26.090471136,21.528480409,,,,22.371234532062502,25.74643048,18.807884808
2025-07-05,,,,,,,24.509402892954864,25.432371376,23.772755068,22.95656533767361,26.199005322,20.933708786,,,,,,,22.95656533767361,26.199005322,20.933708786,,,,24.509402892954864,25.432371376,23.772755068
2025-07-06,,,,,,,23.72276540743403,24.416080177,22.920531948,21.571097466239582,25.62559216,19.453053816,,,,,,,21.571097466239582,25.62559216,19.453053816,,,,23.72276540743403,24.416080177,22.920531948
2025-07-07,,,,,,,22.00754165748611,25.186751446,18.751024232,21.93521710098611,25.81083039,18.753633546,,,,,,,21.93521710098611,25.81083039,18.753633546,,,,22.00754165748611,25.186751446,18.751024232
2025-07-08,,,,,,,22.71579142282639,25.974750271,18.588972174,23.19927680623264,28.241677402,19.194708987,,,,,,,23.19927680623264,28.241677402,19.194708987,,,,22.71579142282639,25.974750271,18.588972174
2025-07-09,,,,,,,23.858734905291666,27.339004063,18.946434895,24.84383975436111,29.293481157,21.491400367,,,,,,,24.84383975436111,29.293481157,21.491400367,,,,23.858734905291666,27.339004063,18.946434895
2025-07-10,,,,,,,25.24712066013889,29.511402213,18.789813786,26.04266154490625,33.994141078,22.191230515,,,,,,,26.04266154490625,33.994141078,22.191230515,,,,25.24712066013889,29.511402213,18.789813786
2025-07-11,,,,,,,25.57217698156597,30.764793544,18.962003598,26.56544236851389,33.305595024,22.416183559,,,,,,,26.56544236851389,33.305595024,22.416183559,,,,25.57217698156597,30.764793544,18.962003598
2025-07-12,,,,,,,26.563167541930554,27.544116944,25.53553131,26.567211797430556,31.464496478,23.088578552,,,,,,,26.567211797430556,31.464496478,23.088578552,,,,26.563167541930554,27.544116944,25.53553131
2025-07-13,,,,,,,26.144144042569444,27.165633924,25.16760332,25.317290343579863,30.638555877,22.480757227,,,,,,,25.317290343579863,30.638555877,22.480757227,,,,26.144144042569444,27.165633924,25.16760332
2025-07-14,,,,,,,22.970547461982637,26.648954132,18.006976457,23.5823807725625,25.929366542,21.265080258,,,,,,,23.5823807725625,25.929366542,21.265080258,,,,22.970547461982637,26.648954132,18.006976457
2025-07-15,,,,,,,22.675956998326388,26.075431211,18.520256431,22.606917594621528,25.499342096,20.345936121,,,,,,,22.606917594621528,25.499342096,20.345936121,,,,22.675956998326388,26.075431211,18.520256431
2025-07-16,,,,,,,23.28068031595486,27.559462638,18.538361008,24.30960387779514,30.953328906,19.690542105,,,,,,,24.30960387779514,30.953328906,19.690542105,,,,23.28068031595486,27.559462638,18.538361008
2025-07-17,,,,,,,23.079021809496528,26.034952048,17.853345997,24.31166339607986,28.886590129,19.208669123,,,,,,,24.31166339607986,28.886590129,19.208669123,,,,23.079021809496528,26.034952048,17.853345997
2025-07-18,,,,,,,24.758671696586806,27.758327295,18.655436514,25.038487015722225,29.580539126,20.746576519,,,,,,,25.038487015722225,29.580539126,20.746576519,,,,24.758671696586806,27.758327295,18.655436514
2025-07-19,,,,,,,24.409706074114585,26.031179943,22.643465225,20.00071416254861,24.166757931,17.716455864,,,,,,,20.00071416254861,24.166757931,17.716455864,,,,24.409706074114585,26.031179943,22.643465225
2025-07-20,,,,,,,26.581406022833335,30.810240767,23.551462409,23.01023891864236,33.975897768,18.325855387,,,,,,,23.01023891864236,33.975897768,18.325855387,,,,26.581406022833335,30.810240767,23.551462409
2025-07-21,,,,,,,24.225158559975696,28.271521194,18.677845739,23.87524550163889,30.718114354,18.424753261,,,,,,,23.87524550163889,30.718114354,18.424753261,,,,24.225158559975696,28.271521194,18.677845739
2025-07-22,,,,,,,24.07068436366667,27.657342831,18.798905141,23.786823243739583,28.032432101,20.781968252,,,,,,,23.786823243739583,28.032432101,20.781968252,,,,24.07068436366667,27.657342831,18.798905141
2025-07-23,,,,,,,23.148905876711805,26.814174561,14.718882583,22.219465467975695,24.70687705,20.319557665,,,,,,,22.219465467975695,24.70687705,20.319557665,,,,23.148905876711805,26.814174561,14.718882583
2025-07-24,,,,,,,23.79292940990278,27.896240884,18.578313585,24.14011394509375,30.470924403,19.876290384,,,,,,,24.14011394509375,30.470924403,19.876290384,,,,23.79292940990278,27.896240884,18.578313585
2025-07-25,,,,,,,23.929361468072916,27.761720525,18.930432955,23.996815291802083,27.810849712,20.598745668,,,,,,,23.996815291802083,27.810849712,20.598745668,,,,23.929361468072916,27.761720525,18.930432955
2025-07-26,,,,,,,27.246698305524305,28.326162461,26.092586674,23.255737557013887,27.599558636,19.809312853,,,,,,,23.255737557013887,27.599558636,19.809312853,,,,27.246698305524305,28.326162461,26.092586674
2025-07-27,,,,,,,27.609258044809028,28.550736497,26.661444966,23.26172029220139,27.066665237,19.36249848,,,,,,,23.26172029220139,27.066665237,19.36249848,,,,27.609258044809028,28.550736497,26.661444966
2025-07-28,,,,,,,23.776874222958334,27.861409573,18.743706271,23.74096332697569,26.765322529,20.568788655,,,,,,,23.74096332697569,26.765322529,20.568788655,,,,23.776874222958334,27.861409573,18.743706271
2025-07-29,,,,,,,23.517355412777775,27.31621011,18.576153336,23.515034490166666,27.53794428,19.823090905,,,,,,,23.515034490166666,27.53794428,19.823090905,,,,23.517355412777775,27.31621011,18.576153336
2025-07-30,,,,,,,24.013609869013887,27.347825497,15.91574169,23.982600485538192,29.462180074,19.125775911,,,,,,,23.982600485538192,29.462180074,19.125775911,,,,24.013609869013887,27.347825497,15.91574169
2025-07-31,,,,,,,23.440044184062938,26.885990661,14.830245083,22.85116040344755,25.975504233,18.855711439,,,,,,,22.85116040344755,25.975504233,18.855711439,,,,23.440044184062938,26.885990661,14.830245083
2025-08-01,,,,,,,22.79032121891986,26.689588928,18.271151939,22.163683082428573,25.759075212,18.216846692,,,,,,,22.163683082428573,25.759075212,18.216846692,,,,22.79032121891986,26.689588928,18.271151939
2025-08-02,,,,,,,26.535341345447918,28.876102281,25.130604673,23.381991865291667,32.059200592,18.87127148,,,,,,,23.381991865291667,32.059200592,18.87127148,,,,26.535341345447918,28.876102281,25.130604673
2025-08-03,,,,,,,27.330860761739583,29.046791071,25.853131932,23.9581807974375,30.7779417,19.331389444,,,,,,,23.9581807974375,30.7779417,19.331389444,,,,27.330860761739583,29.046791071,25.853131932
2025-08-04,,,,,,,23.78532306392014,27.451582779,18.859226686,22.567224250399306,25.211585174,19.76004465,,,,,,,22.567224250399306,25.211585174,19.76004465,,,,23.78532306392014,27.451582779,18.859226686
2025-08-05,,,,,,,23.147130941812502,26.07658178,18.611947148,23.163174099743056,25.966982382,20.814770631,,,,,,,23.163174099743056,25.966982382,20.814770631,,,,23.147130941812502,26.07658178,18.611947148
2025-08-06,,,,,,,23.294166439024306,26.549857876,13.863851143,23.23754599471875,27.506171171,19.580660657,,,,,,,23.23754599471875,27.506171171,19.580660657,,,,23.294166439024306,26.549857876,13.863851143
2025-08-07,,,,,,,23.235925804993055,26.666983633,16.204890764,22.9012285295625,26.94620789,18.536513098,,,,,,,22.9012285295625,26.94620789,18.536513098,,,,23.235925804993055,26.666983633,16.204890764
2025-08-08,,,,,,,22.653606537791667,26.533788785,18.776946594,21.95634530804861,25.030393696,18.107197139,,,,,,,21.95634530804861,25.030393696,18.107197139,,,,22.653606537791667,26.533788785,18.776946594
2025-08-09,,,,,,,26.500059513715275,27.851597689,25.273525035,22.25734451240972,27.748381926,18.708280871,,,,,,,22.25734451240972,27.748381926,18.708280871,,,,26.500059513715275,27.851597689,25.273525035
2025-08-10,,,,,,,27.767969002250002,29.756032862,26.145512866,24.37677609145139,35.949390758,18.394517711,,,,,,,24.37677609145139,35.949390758,18.394517711,,,,27.767969002250002,29.756032862,26.145512866
2025-08-11,,,,,,,24.713941466454862,29.32366298,18.619957564,24.62132722676736,33.091368796,20.317559451,,,,,,,24.62132722676736,33.091368796,20.317559451,,,,24.713941466454862,29.32366298,18.619957564
2025-08-12,,,,,,,25.838865237680555,32.866935784,18.836372721,25.683881396701388,35.279536194,19.677745875,,,,,,,25.683881396701388,35.279536194,19.677745875,,,,25.838865237680555,32.866935784,18.836372721
2025-08-13,,,,,,,27.06968514575347,31.209606922,18.079008058,26.99184834598264,33.760066431,21.838755201,,,,,,,26.99184834598264,33.760066431,21.838755201,,,,27.06968514575347,31.209606922,18.079008058
2025-08-14,,,,,,,25.80109021821875,28.53766763,17.964834654,25.58458477585764,29.01647147,23.271239074,,,,,,,25.58458477585764,29.01647147,23.271239074,,,,25.80109021821875,28.53766763,17.964834654
2025-08-15,,,,,,,24.206487776781252,28.396163696,18.509459595,24.50486122724653,29.054751455,20.378412041,,,,,,,24.50486122724653,29.054751455,20.378412041,,,,24.206487776781252,28.396163696,18.509459595
2025-08-16,,,,,,,27.893670189416667,30.135761561,26.217035107,23.79025425559375,34.045335469,19.549465807,,,,,,,23.79025425559375,34.045335469,19.549465807,,,,27.893670189416667,30.135761561,26.217035107
2025-08-17,,,,,,,29.117154261267363,31.67703288,27.627652277,25.694627522833333,36.40006013,19.668604706,,,,,,,25.694627522833333,36.40006013,19.668604706,,,,29.117154261267363,31.67703288,27.627652277
2025-08-18,,,,,,,23.856986222163197,28.702479968,18.524246971,23.00038975137153,26.371316867,19.812600697,,,,,,,23.00038975137153,26.371316867,19.812600697,,,,23.856986222163197,28.702479968,18.524246971
2025-08-19,,,,,,,23.309395795958334,27.114435734,18.550783213,22.30039640932986,25.898376529,19.091869202,,,,,,,22.30039640932986,25.898376529,19.091869202,,,,23.309395795958334,27.114435734,18.550783213
2025-08-20,,,,,,,22.901726108000002,26.297879451,17.034837652,22.077628131527778,26.537343009,18.592243311,,,,,,,22.077628131527778,26.537343009,18.592243311,,,,22.901726108000002,26.297879451,17.034837652
2025-08-21,,,,,,,22.491152470913196,26.297870541,13.879870751,21.34889679740625,25.042144578,17.677564528,,,,,,,21.34889679740625,25.042144578,17.677564528,,,,22.491152470913196,26.297870541,13.879870751
2025-08-22,,,,,,,22.28399861094097,25.9757231,18.342587147,21.610553480038195,25.496544483,18.043503481,,,,,,,21.610553480038195,25.496544483,18.043503481,,,,22.28399861094097,25.9757231,18.342587147
2025-08-23,,,,,,,25.59583751331597,27.085764406,24.66488054,20.921790928239584,27.479863908,18.393376749,,,,,,,20.921790928239584,27.479863908,18.393376749,,,,25.59583751331597,27.085764406,24.66488054
2025-08-24,,,,,,,26.940127466746528,29.317891484,25.767865726,23.485317902465276,31.311681455,19.446468501,,,,,,,23.485317902465276,31.311681455,19.446468501,,,,26.940127466746528,29.317891484,25.767865726
2025-08-25,,,,,,,24.86948275109375,28.188590856,16.939541797,23.944983139034722,31.530941026,19.405761431,,,,,,,23.944983139034722,31.530941026,19.405761431,,,,24.86948275109375,28.188590856,16.939541797
2025-08-26,,,,,,,23.87131661112153,27.783311207,18.616750691,23.76640466367361,28.503544541,19.443778965,,,,,,,23.76640466367361,28.503544541,19.443778965,,,,23.87131661112153,27.783311207,18.616750691
2025-08-27,,,,,,,23.703656971565973,27.389876336,16.04185312,23.277644954875,28.205286476,19.240948833,,,,,,,23.277644954875,28.205286476,19.240948833,,,,23.703656971565973,27.389876336,16.04185312
2025-08-28,,,,,,,23.22420423307986,26.715792088,14.273674314,22.543851926645836,26.499847302,18.273165561,,,,,,,22.543851926645836,26.499847302,18.273165561,,,,23.22420423307986,26.715792088,14.273674314
2025-08-29,,,,,,,22.835464999784723,26.845969694,18.464006864,22.477111178774308,29.668509609,18.081968861,,,,,,,22.477111178774308,29.668509609,18.081968861,,,,22.835464999784723,26.845969694,18.464006864
2025-08-30,,,,,,,26.801883177513886,28.445098812,25.24213528,22.23429611285764,28.311867033,18.225984486,,,,,,,22.23429611285764,28.311867033,18.225984486,,,,26.801883177513886,28.445098812,25.24213528
2025-08-31,,,,,,,27.231507614874126,28.56081363,24.909836225,22.76783707208741,29.398324573,18.468876458,,,,,,,22.76783707208741,29.398324573,18.468876458,,,,27.231507614874126,28.56081363,24.909836225
2025-09-01,,,,,,,23.195343875947735,27.348101412,17.18651125,22.812536458648083,26.695721502,19.222565938,,,,,,,22.812536458648083,26.695721502,19.222565938,,,,23.195343875947735,27.348101412,17.18651125
2025-09-02,,,,,,,23.167778386545137,27.582577249,18.476883816,22.837072788184027,28.948639313,18.447549394,,,,,,,22.837072788184027,28.948639313,18.447549394,,,,23.167778386545137,27.582577249,18.476883816
2025-09-03,,,,,,,22.775665722774306,26.677479627,15.777471005,21.993811651385418,26.268772602,18.379218657,,,,,,,21.993811651385418,26.268772602,18.379218657,,,,22.775665722774306,26.677479627,15.777471005
2025-09-04,,,,,,,22.642030051753473,26.553398033,13.248931101,22.728593357871528,28.180756244,17.218965764,,,,,,,22.728593357871528,28.180756244,17.218965764,,,,22.642030051753473,26.553398033,13.248931101
2025-09-05,,,,,,,22.63036262451389,26.156669036,18.371016076,22.154562103645834,26.058841008,17.888776696,,,,,,,22.154562103645834,26.058841008,17.888776696,,,,22.63036262451389,26.156669036,18.371016076
2025-09-06,,,,,,,25.03328020134375,27.823280251,20.115973515,21.00509592897222,29.510466234,17.396910401,,,,,,,21.00509592897222,29.510466234,17.396910401,,,,25.03328020134375,27.823280251,20.115973515
2025-09-07,,,,,,,25.354650579885416,27.993757809,20.947674419,20.63432355232639,26.598560835,17.430652723,,,,,,,20.63432355232639,26.598560835,17.430652723,,,,25.354650579885416,27.993757809,20.947674419
2025-09-08,,,,,,,23.097790766229167,26.799986949,18.204777811,22.40606200890625,26.142562777,18.166952596,,,,,,,22.40606200890625,26.142562777,18.166952596,,,,23.097790766229167,26.799986949,18.204777811
2025-09-09,,,,,,,22.68656597047222,26.330105099,17.883306569,21.772896632586807,27.227873903,16.813207868,,,,,,,21.772896632586807,27.227873903,16.813207868,,,,22.68656597047222,26.330105099,17.883306569
2025-09-10,,,,,,,22.56693240051736,26.200058367,17.175674603,21.82906923352778,26.81329018,17.735386335,,,,,,,21.82906923352778,26.81329018,17.735386335,,,,22.56693240051736,26.200058367,17.175674603
2025-09-11,,,,,,,22.232509779680555,25.608628736,18.232442645,20.919390078375002,26.129858228,16.306862089,,,,,,,20.919390078375002,26.129858228,16.306862089,,,,22.232509779680555,25.608628736,18.232442645
2025-09-12,,,,,,,22.05564276915625,25.393554212,18.199256752,21.190361946288196,26.257909641,15.721705763,,,,,,,21.190361946288196,26.257909641,15.721705763,,,,22.05564276915625,25.393554212,18.199256752
2025-09-13,,,,,,,24.963836454510417,26.183748719,23.627524006,18.75575091767361,24.121463217,15.926475422,,,,,,,18.75575091767361,24.121463217,15.926475422,,,,24.963836454510417,26.183748719,23.627524006
2025-09-14,,,,,,,25.05026829109375,26.415336838,21.695603379,18.427690553239582,24.503019808,13.813654949,,,,,,,18.427690553239582,24.503019808,13.813654949,,,,25.05026829109375,26.415336838,21.695603379
2025-09-15,,,,,,,22.724644715024304,26.529295399,17.765495117,21.529126458586806,25.11461507,16.202416317,,,,,,,21.529126458586806,25.11461507,16.202416317,,,,22.724644715024304,26.529295399,17.765495117
2025-09-16,,,,,,,22.485593333885415,25.990915021,18.475991487,22.150012323243054,25.436992136,17.741591726,,,,,,,22.150012323243054,25.436992136,17.741591726,,,,22.485593333885415,25.990915021,18.475991487
2025-09-17,,,,,,,22.37740189486111,26.00063912,11.725518246,21.738485288270834,26.804008364,16.486947768,,,,,,,21.738485288270834,26.804008364,16.486947768,,,,22.37740189486111,26.00063912,11.725518246
2025-09-18,,,,,,,22.448000887489584,25.406643733,14.560308866,21.98976032281597,26.246229596,17.617114375,,,,,,,21.98976032281597,26.246229596,17.617114375,,,,22.448000887489584,25.406643733,14.560308866
2025-09-19,,,,,,,23.333176574840277,26.881851218,18.869564567,23.111449339375,27.696861247,18.733030063,,,,,,,23.111449339375,27.696861247,18.733030063,,,,23.333176574840277,26.881851218,18.869564567
2025-09-20,,,,,,,26.282639390947917,27.081339047,25.724937175,18.23129698685764,19.278424521,17.025358949,,,,,,,18.23129698685764,19.278424521,17.025358949,,,,26.282639390947917,27.081339047,25.724937175
2025-09-21,,,,,,,25.072276510527775,25.920126016,24.404343857,18.13556458573611,21.367998776,15.146708904,,,,,,,18.13556458573611,21.367998776,15.146708904,,,,25.072276510527775,25.920126016,24.404343857
2025-09-22,,,,,,,21.901705405076388,25.59457573,12.68726924,20.07054760017014,25.238030928,15.58472967,,,,,,,20.07054760017014,25.238030928,15.58472967,,,,21.901705405076388,25.59457573,12.68726924
2025-09-23,,,,,,,22.295823308277775,27.242368275,14.621496316,21.340185101472223,26.292280732,16.143694036,,,,,,,21.340185101472223,26.292280732,16.143694036,,,,22.295823308277775,27.242368275,14.621496316
2025-09-24,,,,,,,22.126183843569446,25.282462866,16.488868002,20.597680946402775,25.898999659,16.010148035,,,,,,,20.597680946402775,25.898999659,16.010148035,,,,22.126183843569446,25.282462866,16.488868002
2025-09-25,,,,,,,22.02810374613889,25.078203256,15.920229766,20.75640682976389,25.850554501,16.21598066,,,,,,,20.75640682976389,25.850554501,16.21598066,,,,22.02810374613889,25.078203256,15.920229766
2025-09-26,,,,,,,21.776779184104168,24.68678678,16.011306989,20.374499340076387,25.393889498,16.096446116,,,,,,,20.374499340076387,25.393889498,16.096446116,,,,21.776779184104168,24.68678678,16.011306989
2025-09-27,,,,,,,25.176310631677083,26.531331473,24.153224637,19.484439864454863,23.916357829,17.002917669,,,,,,,19.484439864454863,23.916357829,17.002917669,,,,25.176310631677083,26.531331473,24.153224637
2025-09-28,,,,,,,25.424464045708334,26.831294458,24.531681626,19.80123258963889,25.020092636,16.73805437,,,,,,,19.80123258963889,25.020092636,16.73805437,,,,25.424464045708334,26.831294458,24.531681626
2025-09-29,,,,,,,22.137062361309027,25.068935069,15.169891453,20.760773057795138,25.807155861,16.086638996,,,,,,,20.760773057795138,25.807155861,16.086638996,,,,22.137062361309027,25.068935069,15.169891453
2025-09-30,,,,,,,22.358383660912587,25.456403406,16.473233798,21.522532908933567,27.744185109,17.320200636,,,,,,,21.522532908933567,27.744185109,17.320200636,,,,22.358383660912587,25.456403406,16.473233798
2025-10-01,,,,,,,22.241905337947916,25.382376165,14.142902129,20.79347366320833,25.556207179,17.259987179,,,,,,,20.79347366320833,25.556207179,17.259987179,,,,22.241905337947916,25.382376165,14.142902129
2025-10-02,,,,,,,20.864791858874998,25.14103859,15.296936819,22.05523358523611,26.203279582,18.11413519,,,,,,,22.05523358523611,26.203279582,18.11413519,,,,20.864791858874998,25.14103859,15.296936819
2025-10-03,,,,,,,22.05087515146875,25.938568574,15.27555831,21.241181493805556,25.662642602,17.036678808,,,,,,,21.241181493805556,25.662642602,17.036678808,,,,22.05087515146875,25.938568574,15.27555831
2025-10-04,,,,,,,24.5566496409375,25.535911137,22.500928316,19.611586784913197,22.496801384,14.412571351,,,,,,,19.611586784913197,22.496801384,14.412571351,,,,24.5566496409375,25.535911137,22.500928316
2025-10-05,,,,,,,24.40970529470139,24.793674958,23.876239937,20.555607311027778,22.241008319,18.513754163,,,,,,,20.555607311027778,22.241008319,18.513754163,,,,24.40970529470139,24.793674958,23.876239937
2025-10-06,,,,,,,22.08227576990972,25.527465459,17.938318822,21.704344911270834,26.546080692,17.245927757,,,,,,,21.704344911270834,26.546080692,17.245927757,,,,22.08227576990972,25.527465459,17.938318822
2025-10-07,,,,,,,22.214377820868055,25.231536497,15.959370408,21.676079528340278,25.71244247,17.734984686,,,,,,,21.676079528340278,25.71244247,17.734984686,,,,22.214377820868055,25.231536497,15.959370408
2025-10-08,,,,,,,21.941109028319445,25.071427599,12.365562113,21.212771579538195,26.339895362,16.557357227,,,,,,,21.212771579538195,26.339895362,16.557357227,,,,21.941109028319445,25.071427599,12.365562113
2025-10-09,,,,,,,22.238654680819444,25.661024186,14.743400671,22.766692085090277,27.414387495,19.214355403,,,,,,,22.766692085090277,27.414387495,19.214355403,,,,22.238654680819444,25.661024186,14.743400671
2025-10-10,,,,,,,22.285764045972222,25.247359035,15.106493348,21.730082243121526,25.605224679,18.07627438,,,,,,,21.730082243121526,25.605224679,18.07627438,,,,22.285764045972222,25.247359035,15.106493348
2025-10-11,,,,,,,24.95778669795486,25.772775449,24.360642596,19.54205389736111,23.233085725,16.716119217,,,,,,,19.54205389736111,23.233085725,16.716119217,,,,24.95778669795486,25.772775449,24.360642596
2025-10-12,,,,,,,24.783706745114582,25.800253156,24.175271075,18.518667662559025,24.050090572,15.637222177,,,,,,,18.518667662559025,24.050090572,15.637222177,,,,24.783706745114582,25.800253156,24.175271075
2025-10-13,,,,,,,22.135254636149305,25.047446178,18.180296111,21.31813066898611,25.516477487,17.582461431,,,,,,,21.31813066898611,25.516477487,17.582461431,,,,22.135254636149305,25.047446178,18.180296111
2025-10-14,,,,,,,22.268288243836807,25.210738471,16.506237538,20.55076374519097,25.057906137,16.917099238,,,,,,,20.55076374519097,25.057906137,16.917099238,,,,22.268288243836807,25.210738471,16.506237538
2025-10-15,,,,,,,22.283615147302086,25.108798125,16.548187882,20.75395520457639,25.276330968,16.885108035,,,,,,,20.75395520457639,25.276330968,16.885108035,,,,22.283615147302086,25.108798125,16.548187882
2025-10-16,,,,,,,21.93320674986111,24.978764989,12.83045609,20.132548097614585,25.970463057,16.434795484,,,,,,,20.132548097614585,25.970463057,16.434795484,,,,21.93320674986111,24.978764989,12.83045609
2025-10-17,,,,,,,21.768279734868056,24.471988554,12.268317076,20.567666869784723,26.552275206,16.422526206,,,,,,,20.567666869784723,26.552275206,16.422526206,,,,21.768279734868056,24.471988554,12.268317076
2025-10-18,,,,,,,24.535146772909723,25.392022746,23.34518758,17.66507196,20.620150179,15.432474847,,,,,,,17.66507196,20.620150179,15.432474847,,,,24.535146772909723,25.392022746,23.34518758
2025-10-19,,,,,,,22.418349681659723,23.843056557,20.466464319,15.539772456638888,20.321987975,13.401065797,,,,,,,15.539772456638888,20.321987975,13.401065797,,,,22.418349681659723,23.843056557,20.466464319
2025-10-20,,,,,,,21.502109074819444,24.265950182,16.966794638,20.05635910859375,25.621080792,15.082556073,,,,,,,20.05635910859375,25.621080792,15.082556073,,,,21.502109074819444,24.265950182,16.966794638
2025-10-21,,,,,,,21.78251251213889,24.738155003,12.488186883,20.853956745100692,27.011581139,17.118803128,,,,,,,20.853956745100692,27.011581139,17.118803128,,,,21.78251251213889,24.738155003,12.488186883
2025-10-22,,,,,,,21.55863474304861,24.389463246,10.919135469,20.18116159957986,25.933999127,15.463624114,,,,,,,20.18116159957986,25.933999127,15.463624114,,,,21.55863474304861,24.389463246,10.919135469
2025-10-23,,,,,,,21.374773111927084,24.087120743,10.326916381,19.03672578139236,23.927719132,14.553437146,,,,,,,19.03672578139236,23.927719132,14.553437146,,,,21.374773111927084,24.087120743,10.326916381
2025-10-24,,,,,,,21.41987466398264,24.277022803,9.873235325,19.988817413347224,25.984968652,16.151906318,,,,,,,19.988817413347224,25.984968652,16.151906318,,,,21.41987466398264,24.277022803,9.873235325
2025-10-25,,,,,,,23.468879377246527,23.942838663,22.846828661,16.814307777159723,18.745636787,15.496259173,,,,,,,16.814307777159723,18.745636787,15.496259173,,,,23.468879377246527,23.942838663,22.846828661
2025-10-26,,,,,,,22.47542192061,22.997131437,21.503363464,16.62412762669,17.979461613,15.172803933,,,,,,,16.62412762669,17.979461613,15.172803933,,,,22.47542192061,22.997131437,21.503363464
2025-10-27,,,,,,,20.758572971548613,22.863363131,13.738516236,18.91295032334375,24.304447903,13.551303915,,,,,,,18.91295032334375,24.304447903,13.551303915,,,,20.758572971548613,22.863363131,13.738516236
2025-10-28,,,,,,,21.02203099343403,23.624666912,13.991466658,19.573249013902778,25.161635188,13.758552436,,,,,,,19.573249013902778,25.161635188,13.758552436,,,,21.02203099343403,23.624666912,13.991466658
2025-10-29,,,,,,,21.064897025711804,23.803973507,10.195212029,19.175830784333336,25.422834174,14.061000805,,,,,,,19.175830784333336,25.422834174,14.061000805,,,,21.064897025711804,23.803973507,10.195212029
2025-10-30,,,,,,,20.974578447319445,24.545450011,9.163015296,19.47991261548611,25.358633748,14.043938996,,,,,,,19.47991261548611,25.358633748,14.043938996,,,,20.974578447319445,24.545450011,9.163015296
2025-10-31,,,,,,,21.593184263506995,24.66170675,12.871852197,20.617405209933565,26.641987455,16.14877782,,,,,,,20.617405209933565,26.641987455,16.14877782,,,,21.593184263506995,24.66170675,12.871852197
2025-11-01,,,,,,,23.705055540843205,24.446235481,21.280469453,17.05978972571777,19.761188659,13.939691402,,,,,,,17.05978972571777,19.761188659,13.939691402,,,,23.705055540843205,24.446235481,21.280469453
2025-11-02,,,,,,,22.938728279576388,23.491724591,22.128247601,15.081845674819444,18.130983739,13.243917642,,,,,,,15.081845674819444,18.130983739,13.243917642,,,,22.938728279576388,23.491724591,22.128247601
2025-11-03,,,,,,,21.66588482276736,24.543829694,16.840398164,20.61384411871875,25.222676037,15.106118392,,,,,,,20.61384411871875,25.222676037,15.106118392,,,,21.66588482276736,24.543829694,16.840398164
2025-11-04,,,,,,,21.83916566776389,24.548454606,15.82136522,20.949780592746528,26.546376257,17.365334725,,,,,,,20.949780592746528,26.546376257,17.365334725,,,,21.83916566776389,24.548454606,15.82136522
2025-11-05,,,,,,,21.86571015051389,24.772110738,15.2709779,20.4642836171875,24.66733731,17.216970079,,,,,,,20.4642836171875,24.66733731,17.216970079,,,,21.86571015051389,24.772110738,15.2709779
2025-11-06,,,,,,,22.451700646649307,28.674381641,14.245588838,21.554021670340276,26.293539003,16.542651291,,,,,,,21.554021670340276,26.293539003,16.542651291,,,,22.451700646649307,28.674381641,14.245588838
2025-11-07,,,,,,,22.01860611447917,25.341785877,13.870780567,20.39532115776736,25.601663646,16.693534172,,,,,,,20.39532115776736,25.601663646,16.693534172,,,,22.01860611447917,25.341785877,13.870780567
2025-11-08,,,,,,,24.747583407934027,25.575932496,23.940690341,17.699939284788194,20.680475059,15.4717795,,,,,,,17.699939284788194,20.680475059,15.4717795,,,,24.747583407934027,25.575932496,23.940690341
2025-11-09,,,,,,,24.416606446305554,25.142123341,23.3182662,16.03341261530903,17.988032096,14.977600573,,,,,,,16.03341261530903,17.988032096,14.977600573,,,,24.416606446305554,25.142123341,23.3182662
2025-11-10,,,,,,,19.544554484555555,24.631006407,12.243640961,21.31476089784375,25.909286119,15.269136344,,,,,,,21.31476089784375,25.909286119,15.269136344,,,,19.544554484555555,24.631006407,12.243640961
2025-11-11,,,,,,,21.49166055242014,25.663291734,8.999212546,19.204808908802082,23.375895537,14.994019076,,,,,,,19.204808908802082,23.375895537,14.994019076,,,,21.49166055242014,25.663291734,8.999212546
2025-11-12,,,,,,,21.677563288631944,24.325228668,13.445252798,19.819990942152778,25.141225941,15.898032313,,,,,,,19.819990942152778,25.141225941,15.898032313,,,,21.677563288631944,24.325228668,13.445252798
2025-11-13,,,,,,,21.138326836368055,24.393415003,12.131541528,17.67137578545486,23.981888727,13.70921565,,,,,,,17.67137578545486,23.981888727,13.70921565,,,,21.138326836368055,24.393415003,12.131541528
2025-11-14,,,,,,,19.160504877177083,23.461696993,9.881245827,17.500038156586804,24.306426448,12.471151959,,,,,,,17.500038156586804,24.306426448,12.471151959,,,,19.160504877177083,23.461696993,9.881245827
2025-11-15,,,,,,,21.506043936322914,23.635753641,15.777650824,15.059699595729167,17.743990821,11.551637069,,,,,,,15.059699595729167,17.743990821,11.551637069,,,,21.506043936322914,23.635753641,15.777650824
2025-11-16,,,,,,,22.446387158510415,23.146960643,21.8026472,14.775922076715277,18.182950035,12.117754442,,,,,,,14.775922076715277,18.182950035,12.117754442,,,,22.446387158510415,23.146960643,21.8026472
2025-11-17,,,,,,,17.581973624118053,22.031364571,8.333726869,17.97173551359722,24.638850443,11.512076049,,,,,,,17.97173551359722,24.638850443,11.512076049,,,,17.581973624118053,22.031364571,8.333726869
2025-11-18,,,,,,,20.305818878225693,24.906008434,15.401980183,17.78551654979861,24.710565202,12.308031207,,,,,,,17.78551654979861,24.710565202,12.308031207,,,,20.305818878225693,24.906008434,15.401980183
2025-11-19,,,,,,,20.58821849370486,23.214196856,11.442319394,16.586507640909723,21.809165877,12.461239897,,,,,,,16.586507640909723,21.809165877,12.461239897,,,,20.58821849370486,23.214196856,11.442319394
2025-11-20,,,,,,,20.53575995842361,23.296525505,12.570537514,17.430952480569445,24.461148715,10.419241121,,,,,,,17.430952480569445,24.461148715,10.419241121,,,,20.53575995842361,23.296525505,12.570537514
2025-11-21,,,,,,,20.463926714159722,22.758179934,15.359926133,17.175287902968748,23.817237694,11.162176408,,,,,,,17.175287902968748,23.817237694,11.162176408,,,,20.463926714159722,22.758179934,15.359926133
2025-11-22,,,,,,,21.486211196722223,21.951163233,21.001821691,13.204986746055555,15.938946175,11.557633766,,,,,,,13.204986746055555,15.938946175,11.557633766,,,,21.486211196722223,21.951163233,21.001821691
2025-11-23,,,,,,,20.924686350708335,21.539042169,20.502146294,13.468462545305556,16.598376249,10.825064595,,,,,,,13.468462545305556,16.598376249,10.825064595,,,,20.924686350708335,21.539042169,20.502146294
2025-11-24,,,,,,,17.936072635333332,20.812936168,8.880870612,16.999710817840278,23.264032495,8.980058598,,,,,,,16.999710817840278,23.264032495,8.980058598,,,,17.936072635333332,20.812936168,8.880870612
2025-11-25,,,,,,,20.342268277506943,24.98830541,14.320821905,17.231898133159724,24.320328697,10.515466467,,,,,,,17.231898133159724,24.320328697,10.515466467,,,,20.342268277506943,24.98830541,14.320821905
2025-11-26,,,,,,,20.788602149493055,24.173100248,13.953320934,18.23308422332986,24.658656224,10.262418772,,,,,,,18.23308422332986,24.658656224,10.262418772,,,,20.788602149493055,24.173100248,13.953320934
2025-11-27,,,,,,,21.531596838541667,28.627696466,13.278858949,20.537015025489584,25.26439648,13.941017166,,,,,,,20.537015025489584,25.26439648,13.941017166,,,,21.531596838541667,28.627696466,13.278858949
2025-11-28,,,,,,,21.413690049496527,24.337046747,12.005488508,18.521809832149305,24.730550431,13.526221414,,,,,,,18.521809832149305,24.730550431,13.526221414,,,,21.413690049496527,24.337046747,12.005488508
2025-11-29,,,,,,,22.898867043711803,23.68221445,22.170760484,14.608448856017361,16.671490439,13.023778253,,,,,,,14.608448856017361,16.671490439,13.023778253,,,,22.898867043711803,23.68221445,22.170760484
2025-11-30,,,,,,,21.25412301213636,22.217849904,20.623152653,14.471392803783216,16.53732108,11.923454442,,,,,,,14.471392803783216,16.53732108,11.923454442,,,,21.25412301213636,22.217849904,20.623152653
2025-12-01,,,,,,,19.12145222758885,21.455294982,14.491882846,18.618729764045295,23.420475924,13.044436025,,,,,,,18.618729764045295,23.420475924,13.044436025,,,,19.12145222758885,21.455294982,14.491882846
2025-12-02,,,,,,,20.36036599594097,23.11125681,8.795142405,18.040039498236112,24.480443802,13.085509078,,,,,,,18.040039498236112,24.480443802,13.085509078,,,,20.36036599594097,23.11125681,8.795142405
2025-12-03,,,,,,,20.81023750175,23.706219992,13.151838876,19.20244513026736,26.485902316,12.989356208,,,,,,,19.20244513026736,26.485902316,12.989356208,,,,20.81023750175,23.706219992,13.151838876
2025-12-04,,,,,,,20.654734948791667,23.608227702,12.78619557,19.758163110690973,24.765487584,14.196800669,,,,,,,19.758163110690973,24.765487584,14.196800669,,,,20.654734948791667,23.608227702,12.78619557
2025-12-05,,,,,,,20.736339105274304,23.868629382,12.423915567,18.633215196958332,24.341687827,12.924268824,,,,,,,18.633215196958332,24.341687827,12.924268824,,,,20.736339105274304,23.868629382,12.423915567
2025-12-06,,,,,,,22.01669081557986,22.630799149,21.238329367,15.200346987993056,17.60540249,13.415618158,,,,,,,15.200346987993056,17.60540249,13.415618158,,,,22.01669081557986,22.630799149,21.238329367
2025-12-07,,,,,,,22.02864028773958,23.031184886,20.819371107,15.628519314416666,18.627618705,13.54714446,,,,,,,15.628519314416666,18.627618705,13.54714446,,,,22.02864028773958,23.031184886,20.819371107
2025-12-08,,,,,,,18.611266611197916,21.852273951,11.771515556,19.739701883104164,25.381837911,12.460354448,,,,,,,19.739701883104164,25.381837911,12.460354448,,,,18.611266611197916,21.852273951,11.771515556
2025-12-09,,,,,,,18.680621079850695,21.282993292,11.480010542,20.088577926503472,26.548585468,12.382492799,,,,,,,20.088577926503472,26.548585468,12.382492799,,,,18.680621079850695,21.282993292,11.480010542
2025-12-10,,,,,,,20.49689247698611,23.70308373,11.489129738,18.549964722697915,24.988342454,12.749871941,,,,,,,18.549964722697915,24.988342454,12.749871941,,,,20.49689247698611,23.70308373,11.489129738
2025-12-11,,,,,,,21.112052308083335,24.598325109,13.636088978,19.563858944427082,26.760594268,12.716553449,,,,,,,19.563858944427082,26.760594268,12.716553449,,,,21.112052308083335,24.598325109,13.636088978
2025-12-12,,,,,,,21.439230898604166,24.439442046,11.817353924,19.572460112618057,26.022885226,13.932827145,,,,,,,19.572460112618057,26.022885226,13.932827145,,,,21.439230898604166,24.439442046,11.817353924
2025-12-13,,,,,,,23.381064626756945,24.286893567,21.462132183,14.68853318648611,16.524055971,12.538782773,,,,,,,14.68853318648611,16.524055971,12.538782773,,,,23.381064626756945,24.286893567,21.462132183
2025-12-14,,,,,,,23.265016463333335,24.269952754,21.309264852,16.101955482857637,17.502085849,14.174666464,,,,,,,16.101955482857637,17.502085849,14.174666464,,,,23.265016463333335,24.269952754,21.309264852
2025-12-15,,,,,,,21.198053533052086,23.795979266,15.57786728,18.806387240729165,23.886772439,14.307234195,,,,,,,18.806387240729165,23.886772439,14.307234195,,,,21.198053533052086,23.795979266,15.57786728
2025-12-16,,,,,,,21.381506266680557,24.840071668,11.4554313,18.855109452475695,24.994928592,13.229169288,,,,,,,18.855109452475695,24.994928592,13.229169288,,,,21.381506266680557,24.840071668,11.4554313
2025-12-17,,,,,,,21.641428333458336,24.512555064,15.402850029,19.286228162086804,24.976800866,14.820324922,,,,,,,19.286228162086804,24.976800866,14.820324922,,,,21.641428333458336,24.512555064,15.402850029
2025-12-18,,,,,,,20.957675279461807,23.569068301,13.87242512,18.373776946854164,23.824627576,12.941147532,,,,,,,18.373776946854164,23.824627576,12.941147532,,,,20.957675279461807,23.569068301,13.87242512
2025-12-19,,,,,,,21.05367565807986,23.347688961,13.580022575,17.853286998305556,23.307396269,13.323584865,,,,,,,17.853286998305556,23.307396269,13.323584865,,,,21.05367565807986,23.347688961,13.580022575
2025-12-20,,,,,,,22.472690848100697,23.28325447,20.783110275,13.511471155246529,15.390059606,11.924768705,,,,,,,13.511471155246529,15.390059606,11.924768705,,,,22.472690848100697,23.28325447,20.783110275
2025-12-21,,,,,,,21.85193097884375,22.480382158,19.521958315,13.808273629322917,14.905097408,11.823653459,,,,,,,13.808273629322917,14.905097408,11.823653459,,,,21.85193097884375,22.480382158,19.521958315
2025-12-22,,,,,,,20.69581712687153,23.515174885,13.224152645,18.61580799415625,25.903812198,12.942845801,,,,,,,18.61580799415625,25.903812198,12.942845801,,,,20.69581712687153,23.515174885,13.224152645
2025-12-23,,,,,,,21.224134929659723,24.158119573,13.400146985,18.43203465511458,24.104149915,13.817230103,,,,,,,18.43203465511458,24.104149915,13.817230103,,,,21.224134929659723,24.158119573,13.400146985
2025-12-24,,,,,,,20.793963022583334,23.280527603,13.245192841,17.496182081798608,23.547300857,13.515601106,,,,,,,17.496182081798608,23.547300857,13.515601106,,,,20.793963022583334,23.280527603,13.245192841
2025-12-25,,,,,,,20.37476521658333,22.814153176,13.069361596,16.416844574951387,20.346918073,13.209395657,,,,,,,16.416844574951387,20.346918073,13.209395657,,,,20.37476521658333,22.814153176,13.069361596
2025-12-26,,,,,,,20.336020021944442,22.039486513,12.365416258,16.467673518965277,20.108408226,13.357525104,,,,,,,16.467673518965277,20.108408226,13.357525104,,,,20.336020021944442,22.039486513,12.365416258
2025-12-27,,,,,,,22.34287047697917,22.768257168,21.959178341,14.76167984826736,16.145629931,13.682693648,,,,,,,14.76167984826736,16.145629931,13.682693648,,,,22.34287047697917,22.768257168,21.959178341
2025-12-28,,,,,,,22.172144401177082,22.622806753,21.849128225,14.503453768774307,15.863047441,14.022633795,,,,,,,14.503453768774307,15.863047441,14.022633795,,,,22.172144401177082,22.622806753,21.849128225
2025-12-29,,,,,,,20.237641565177082,22.07859502,12.417084457,16.553461942309028,19.613682138,13.415401609,,,,,,,16.553461942309028,19.613682138,13.415401609,,,,20.237641565177082,22.07859502,12.417084457
2025-12-30,,,,,,,20.096660911850694,23.498817083,10.469617305,15.842243638211805,19.473084297,11.164241696,,,,,,,15.842243638211805,19.473084297,11.164241696,,,,20.096660911850694,23.498817083,10.469617305
2025-12-31,,,,,,,20.018887104615384,21.481015033,14.439557767,16.724959194496503,19.072739715,12.653484977,,,,,,,16.724959194496503,19.072739715,12.653484977,,,,20.018887104615384,21.481015033,14.439557767
2026-01-01,,,,,,,19.8951137296446,21.522759566,11.999028227,16.659866017905923,19.048061032,12.900801725,,,,,,,16.659866017905923,19.048061032,12.900801725,,,,19.8951137296446,21.522759566,11.999028227
2026-01-02,,,,,,,20.352622883135417,22.69969336,18.278629668,16.296855789690973,18.841580105,12.782511613,,,,,,,16.296855789690973,18.841580105,12.782511613,,,,20.352622883135417,22.69969336,18.278629668
2026-01-03,,,,,,,20.447444067868055,21.146315989,19.717505376,13.337597345725694,15.123271429,11.442376335,,,,,,,13.337597345725694,15.123271429,11.442376335,,,,20.447444067868055,21.146315989,19.717505376
2026-01-04,,,,,,,18.74056483451736,20.340324856,17.936394507,13.025754828847221,13.864578126,11.228634732,,,,,,,13.025754828847221,13.864578126,11.228634732,,,,18.74056483451736,20.340324856,17.936394507
2026-01-05,,,,,,,19.325632461513887,22.717556566,17.400682559,16.63518815051736,21.81653963,11.746238964,,,,,,,16.63518815051736,21.81653963,11.746238964,,,,19.325632461513887,22.717556566,17.400682559
2026-01-06,,,,,,,19.909697051711802,22.165583477,18.221067448,17.951935392527776,25.193544834,12.995100924,,,,,,,17.951935392527776,25.193544834,12.995100924,,,,19.909697051711802,22.165583477,18.221067448
2026-01-07,,,,,,,20.62276330482986,23.311050068,17.683642748,18.300577513364583,25.024007571,14.130667709,,,,,,,18.300577513364583,25.024007571,14.130667709,,,,20.62276330482986,23.311050068,17.683642748
2026-01-08,,,,,,,20.820633865979165,23.238551404,17.387510599,19.015475841739583,24.286882058,13.337837704,,,,,,,19.015475841739583,24.286882058,13.337837704,,,,20.820633865979165,23.238551404,17.387510599
2026-01-09,,,,,,,20.44787164050347,23.134055059,16.568770783,17.56381510245833,24.713002,12.151623898,,,,,,,17.56381510245833,24.713002,12.151623898,,,,20.44787164050347,23.134055059,16.568770783
2026-01-10,,,,,,,20.93499967127083,21.848558648,19.929594156,14.410726203697916,17.161445974,11.017249873,,,,,,,14.410726203697916,17.161445974,11.017249873,,,,20.93499967127083,21.848558648,19.929594156
2026-01-11,,,,,,,19.982528315180556,20.773159461,19.223333182,14.076582163409721,15.172012549,12.377424327,,,,,,,14.076582163409721,15.172012549,12.377424327,,,,19.982528315180556,20.773159461,19.223333182
2026-01-12,,,,,,,20.242561007538193,23.244248161,14.208816275,18.386228465607637,24.823930531,12.916362991,,,,,,,18.386228465607637,24.823930531,12.916362991,,,,20.242561007538193,23.244248161,14.208816275
2026-01-13,,,,,,,20.545933165690972,22.957368787,13.373148468,18.41882883906597,25.726112431,12.741710994,,,,,,,18.41882883906597,25.726112431,12.741710994,,,,20.545933165690972,22.957368787,13.373148468
2026-01-14,,,,,,,21.06433532955903,26.399602426,15.501440845,18.06731794875,25.87368384,11.245474459,,,,,,,18.06731794875,25.87368384,11.245474459,,,,21.06433532955903,26.399602426,15.501440845
2026-01-15,,,,,,,21.165247090972223,24.011077098,14.892654821,18.51573173452778,25.975096822,12.102155339,,,,,,,18.51573173452778,25.975096822,12.102155339,,,,21.165247090972223,24.011077098,14.892654821
2026-01-16,,,,,,,21.145518530354167,24.26399123,14.19969497,18.203206834885417,24.179592449,10.969054278,,,,,,,18.203206834885417,24.179592449,10.969054278,,,,21.145518530354167,24.26399123,14.19969497
2026-01-17,,,,,,,22.826230303517363,24.024770003,20.862865785,15.555121116836805,20.19635177,12.693258226,,,,,,,15.555121116836805,20.19635177,12.693258226,,,,22.826230303517363,24.024770003,20.862865785
2026-01-18,,,,,,,22.363062075052085,23.283138269,21.546256662,15.611843612836806,19.674922139,12.824281288,,,,,,,15.611843612836806,19.674922139,12.824281288,,,,22.363062075052085,23.283138269,21.546256662
2026-01-19,,,,,,,20.648990208225698,23.368324547,12.303482236,17.495245279506943,22.377404921,13.348985689,,,,,,,17.495245279506943,22.377404921,13.348985689,,,,20.648990208225698,23.368324547,12.303482236
2026-01-20,,,,,,,20.68093939225,23.034851106,13.969377929,18.044540080819445,25.922863165,12.458244845,,,,,,,18.044540080819445,25.922863165,12.458244845,,,,20.68093939225,23.034851106,13.969377929
2026-01-21,,,,,,,19.922387540385415,22.265400491,12.60774139,16.55348744140972,23.980581487,10.975056713,,,,,,,16.55348744140972,23.980581487,10.975056713,,,,19.922387540385415,22.265400491,12.60774139
2026-01-22,,,,,,,19.664172811274305,23.684451333,11.91819778,17.037549669697917,24.095629674,9.923508894,,,,,,,17.037549669697917,24.095629674,9.923508894,,,,19.664172811274305,23.684451333,11.91819778
2026-01-23,,,,,,,20.33149719996875,23.574911727,10.439041169,17.673954209003472,22.865833773,9.88134524,,,,,,,17.673954209003472,22.865833773,9.88134524,,,,20.33149719996875,23.574911727,10.439041169
2026-01-24,,,,,,,21.604047792631945,22.229503684,19.756194297,16.267578808399307,17.754032415,12.440741674,,,,,,,16.267578808399307,17.754032415,12.440741674,,,,21.604047792631945,22.229503684,19.756194297
2026-01-25,,,,,,,20.591593650784723,22.225328387,17.780850298,14.270241904746529,16.640336022,11.482185378,,,,,,,14.270241904746529,16.640336022,11.482185378,,,,20.591593650784723,22.225328387,17.780850298
2026-01-26,,,,,,,19.901056439958335,22.542720458,10.623106351,17.411694175069446,22.86680953,11.308847859,,,,,,,17.411694175069446,22.86680953,11.308847859,,,,19.901056439958335,22.542720458,10.623106351
2026-01-27,,,,,,,20.082597008722225,22.349503312,11.425739635,17.39534450585417,20.065354745,14.941094073,,,,,,,17.39534450585417,20.065354745,14.941094073,,,,20.082597008722225,22.349503312,11.425739635
2026-01-28,,,,,,,20.50775131611111,23.470612025,11.839109127,19.375334664357638,22.207556743,16.495104759,,,,,,,19.375334664357638,22.207556743,16.495104759,,,,20.50775131611111,23.470612025,11.839109127
2026-01-29,,,,,,,19.56890578032639,22.461820907,12.308146951,19.330087642892362,22.778524706,14.477513209,,,,,,,19.330087642892362,22.778524706,14.477513209,,,,19.56890578032639,22.461820907,12.308146951
2026-01-30,,,,,,,20.75192361238889,25.211888742,18.277806492,17.783818767659724,21.936703002,14.779009797,,,,,,,17.783818767659724,21.936703002,14.779009797,,,,20.75192361238889,25.211888742,18.277806492
2026-01-31,,,,,,,21.525077069769228,22.012642163,21.105422485,15.628303821174823,19.159525443,12.911685027,,,,,,,15.628303821174823,19.159525443,12.911685027,,,,21.525077069769228,22.012642163,21.105422485
2026-02-01,,,,,,,21.85286373406969,22.490286225,21.409355891,15.809664394439023,19.257579719,13.665197705,,,,,,,15.809664394439023,19.257579719,13.665197705,,,,21.85286373406969,22.490286225,21.409355891
2026-02-02,,,,,,,20.446068340024304,22.894246495,12.435819447,18.435961356923613,25.390973193,14.433073867,,,,,,,18.435961356923613,25.390973193,14.433073867,,,,20.446068340024304,22.894246495,12.435819447
2026-02-03,,,,,,,20.554492105826387,23.013463752,10.088209354,16.18105697975,23.663500919,9.965877031,,,,,,,16.18105697975,23.663500919,9.965877031,,,,20.554492105826387,23.013463752,10.088209354
2026-02-04,,,,,,,21.10747477311111,25.884854037,15.210488432,17.242796892354168,22.473757556,11.801424058,,,,,,,17.242796892354168,22.473757556,11.801424058,,,,21.10747477311111,25.884854037,15.210488432
2026-02-05,,,,,,,19.817594097680555,23.053021493,11.373384431,18.09237551334375,22.167116838,11.795617046,,,,,,,18.09237551334375,22.167116838,11.795617046,,,,19.817594097680555,23.053021493,11.373384431
2026-02-06,,,,,,,20.663958835708332,25.668924245,15.074122736,16.868397572458335,21.403823593,14.995156089,,,,,,,16.868397572458335,21.403823593,14.995156089,,,,20.663958835708332,25.668924245,15.074122736
2026-02-07,,,,,,,21.67596990454861,22.732823454,20.488246306,14.355364735059027,18.975531693,11.206386496,,,,,,,14.355364735059027,18.975531693,11.206386496,,,,21.67596990454861,22.732823454,20.488246306
2026-02-08,,,,,,,21.763522769975694,22.677314987,18.331116085,14.647831792663194,18.3971414,11.00033856,,,,,,,14.647831792663194,18.3971414,11.00033856,,,,21.763522769975694,22.677314987,18.331116085
2026-02-09,,,,,,,21.33333665584722,25.7701506,13.337044657,18.427291294930555,24.066361956,12.258478824,,,,,,,18.427291294930555,24.066361956,12.258478824,,,,21.33333665584722,25.7701506,13.337044657
2026-02-10,,,,,,,21.59419977757986,25.859509212,8.419854644,17.231240432114582,25.467976689,11.618269272,,,,,,,17.231240432114582,25.467976689,11.618269272,,,,21.59419977757986,25.859509212,8.419854644
2026-02-11,,,,,,,20.862519505590278,23.868475519,8.477558136,17.29210570626389,22.853894149,12.140028883,,,,,,,17.29210570626389,22.853894149,12.140028883,,,,20.862519505590278,23.868475519,8.477558136
2026-02-12,,,,,,,20.40022466931597,23.215032162,10.527017697,17.506870451333334,23.465870594,14.569910241,,,,,,,17.506870451333334,23.465870594,14.569910241,,,,20.40022466931597,23.215032162,10.527017697
2026-02-13,,,,,,,20.757921254631945,24.054727667,18.367581399,17.85434185234028,22.644497118,14.200671989,,,,,,,17.85434185234028,22.644497118,14.200671989,,,,20.757921254631945,24.054727667,18.367581399
2026-02-14,,,,,,,21.215341639166667,21.894476471,20.441366355,15.9974339368125,17.754968341,14.800269976,,,,,,,15.9974339368125,17.754968341,14.800269976,,,,21.215341639166667,21.894476471,20.441366355
2026-02-15,,,,,,,19.937630307819447,20.44155367,19.535500079,15.127650724836805,16.41355634,14.02083747,,,,,,,15.127650724836805,16.41355634,14.02083747,,,,19.937630307819447,20.44155367,19.535500079
2026-02-16,,,,,,,20.075665870527775,23.067058336,11.627536536,18.10624588565278,23.348844619,13.98490287,,,,,,,18.10624588565278,23.348844619,13.98490287,,,,20.075665870527775,23.067058336,11.627536536
2026-02-17,,,,,,,20.776866203944444,23.485612384,12.981372074,17.736318256840278,21.991631937,13.806230695,,,,,,,17.736318256840278,21.991631937,13.806230695,,,,20.776866203944444,23.485612384,12.981372074
2026-02-18,,,,,,,21.29794394396528,27.536127916,15.247399956,18.106337278177083,22.657647524,13.192462619,,,,,,,18.106337278177083,22.657647524,13.192462619,,,,21.29794394396528,27.536127916,15.247399956
2026-02-19,,,,,,,20.828685724961804,23.809786173,11.903914749,18.563419521385416,23.372912488,13.885833561,,,,,,,18.563419521385416,23.372912488,13.885833561,,,,20.828685724961804,23.809786173,11.903914749
2026-02-20,,,,,,,21.018598824006943,23.442119896,11.957132593,18.935673589618055,23.767693667,14.261579057,,,,,,,18.935673589618055,23.767693667,14.261579057,,,,21.018598824006943,23.442119896,11.957132593
2026-02-21,,,,,,,23.395430908086805,24.466595298,22.620846427,17.66734064170486,20.718647564,15.751635699,,,,,,,17.66734064170486,20.718647564,15.751635699,,,,23.395430908086805,24.466595298,22.620846427
2026-02-22,,,,,,,23.22617076284375,24.202505667,22.499056011,17.31147814160764,20.773279012,14.169765367,,,,,,,17.31147814160764,20.773279012,14.169765367,,,,23.22617076284375,24.202505667,22.499056011
2026-02-23,,,,,,,21.303818241555557,24.563702948,13.249594038,19.036926044083334,24.136177051,14.140159954,,,,,,,19.036926044083334,24.136177051,14.140159954,,,,21.303818241555557,24.563702948,13.249594038
2026-02-24,,,,,,,21.897414923302083,25.227022361,12.662813977,19.558177220961806,24.595916947,15.390240481,,,,,,,19.558177220961806,24.595916947,15.390240481,,,,21.897414923302083,25.227022361,12.662813977
2026-02-25,,,,,,,21.57734099006597,25.317793089,10.010857305,19.278021603572917,24.328083152,14.882396668,,,,,,,19.278021603572917,24.328083152,14.882396668,,,,21.57734099006597,25.317793089,10.010857305
2026-02-26,,,,,,,21.7015254215625,24.85737398,12.200154701,18.851108689375,23.284329957,14.389088456,,,,,,,18.851108689375,23.284329957,14.389088456,,,,21.7015254215625,24.85737398,12.200154701
2026-02-27,,,,,,,21.737662141163195,24.567434007,11.480884478,19.598400597989585,25.865572963,15.981497853,,,,,,,19.598400597989585,25.865572963,15.981497853,,,,21.737662141163195,24.567434007,11.480884478
2026-02-28,,,,,,,24.104568522594406,24.893514807,23.143565713,17.494993503388113,22.023204503,13.378787475,,,,,,,17.494993503388113,22.023204503,13.378787475,,,,24.104568522594406,24.893514807,23.143565713
2026-03-01,,,,,,,23.16302050787805,23.742663771,22.543673275,16.951928756801394,20.393393337,13.215800858,,,,,,,16.951928756801394,20.393393337,13.215800858,,,,23.16302050787805,23.742663771,22.543673275
2026-03-02,,,,,,,21.48985753361111,24.161451994,15.857980959,19.559856365246528,24.093571397,14.984544904,,,,,,,19.559856365246528,24.093571397,14.984544904,,,,21.48985753361111,24.161451994,15.857980959
2026-03-03,,,,,,,21.191458475819445,24.076907596,6.614771984,18.751442588694445,25.445927981,13.515286325,,,,,,,18.751442588694445,25.445927981,13.515286325,,,,21.191458475819445,24.076907596,6.614771984
2026-03-04,,,,,,,21.082989274895834,24.449248491,9.98432508,19.52703218644792,25.445060089,13.48853576,,,,,,,19.52703218644792,25.445060089,13.48853576,,,,21.082989274895834,24.449248491,9.98432508
2026-03-05,,,,,,,21.143847982909723,24.321650094,13.638964637,20.350715005194445,24.116256106,16.704905379,,,,,,,20.350715005194445,24.116256106,16.704905379,,,,21.143847982909723,24.321650094,13.638964637
2026-03-06,,,,,,,20.799284735392362,23.806624778,12.888307447,18.557172875684028,21.155202469,15.086914832,,,,,,,18.557172875684028,21.155202469,15.086914832,,,,20.799284735392362,23.806624778,12.888307447
2026-03-07,,,,,,,21.218096256687502,21.935038584,20.596355133,18.105848976052084,20.93897237,15.913349971,,,,,,,18.105848976052084,20.93897237,15.913349971,,,,21.218096256687502,21.935038584,20.596355133
2026-03-08,,,,,,,20.71892645074653,21.35985714,19.99772542,18.18355457353125,20.122767393,16.301991111,,,,,,,18.18355457353125,20.122767393,16.301991111,,,,20.71892645074653,21.35985714,19.99772542
2026-03-09,,,,,,,20.48979770129861,23.629405254,14.992769778,20.864088109302084,25.29953766,17.750153625,,,,,,,20.864088109302084,25.29953766,17.750153625,,,,20.48979770129861,23.629405254,14.992769778
2026-03-10,,,,,,,20.827607103597224,24.2516188,14.721767832,20.309943132913194,23.485984179,17.905795597,,,,,,,20.309943132913194,23.485984179,17.905795597,,,,20.827607103597224,24.2516188,14.721767832
2026-03-11,,,,,,,20.69734293281597,23.648733551,14.548143252,19.88515175724653,23.050376279,17.493844841,,,,,,,19.88515175724653,23.050376279,17.493844841,,,,20.69734293281597,23.648733551,14.548143252
2026-03-12,,,,,,,20.9726174799375,24.252299001,15.794507729,19.989955323260418,24.031342416,17.8873732,,,,,,,19.989955323260418,24.031342416,17.8873732,,,,20.9726174799375,24.252299001,15.794507729
2026-03-13,,,,,,,20.866396062208334,25.431215332,16.756208138,19.120533821739585,22.868956998,15.925553141,,,,,,,19.120533821739585,22.868956998,15.925553141,,,,20.866396062208334,25.431215332,16.756208138
2026-03-14,,,,,,,21.173023757947917,21.746331391,20.488791948,17.707148872458333,19.539728071,16.312797459,,,,,,,17.707148872458333,19.539728071,16.312797459,,,,21.173023757947917,21.746331391,20.488791948
2026-03-15,,,,,,,20.39753387276736,20.841900975,19.912907053,16.945762121229166,18.713193721,15.142288835,,,,,,,16.945762121229166,18.713193721,15.142288835,,,,20.39753387276736,20.841900975,19.912907053
2026-03-16,,,,,,,20.180111366229166,23.859692467,10.727830735,20.164565631277778,24.582571625,14.810352845,,,,,,,20.164565631277778,24.582571625,14.810352845,,,,20.180111366229166,23.859692467,10.727830735
2026-03-17,,,,,,,19.99147555427778,23.256103527,17.312995724,21.486787642586805,24.465360728,19.974319453,,,,,,,21.486787642586805,24.465360728,19.974319453,,,,19.99147555427778,23.256103527,17.312995724
2026-03-18,,,,,,,21.3508749539375,24.410371156,15.811458157,21.52162881048264,23.591934569,19.945901083,,,,,,,21.52162881048264,23.591934569,19.945901083,,,,21.3508749539375,24.410371156,15.811458157
2026-03-19,,,,,,,21.650816613680558,26.13636452,16.086215381,21.994551347447917,25.030913146,19.391468901,,,,,,,21.994551347447917,25.030913146,19.391468901,,,,21.650816613680558,26.13636452,16.086215381
2026-03-20,,,,,,,21.184637902340278,24.181248318,15.817867521,21.439575341934027,24.162694902,18.662759783,,,,,,,21.439575341934027,24.162694902,18.662759783,,,,21.184637902340278,24.181248318,15.817867521
2026-03-21,,,,,,,21.911214994576387,23.08039081,21.202475929,19.777322459763887,23.177139259,17.216076,,,,,,,19.777322459763887,23.177139259,17.216076,,,,21.911214994576387,23.08039081,21.202475929
2026-03-22,,,,,,,20.841162918184025,21.530754574,20.082929921,18.307623357743054,20.694035889,15.146206635,,,,,,,18.307623357743054,20.694035889,15.146206635,,,,20.841162918184025,21.530754574,20.082929921
2026-03-23,,,,,,,20.504937414368058,25.145324963,11.933092576,20.295546226708336,24.183275295,15.907448245,,,,,,,20.295546226708336,24.183275295,15.907448245,,,,20.504937414368058,25.145324963,11.933092576
2026-03-24,,,,,,,19.770782361347223,22.556968601,16.40627202,20.18126002668403,24.812456894,16.728035903,,,,,,,20.18126002668403,24.812456894,16.728035903,,,,19.770782361347223,22.556968601,16.40627202
2026-03-25,,,,,,,20.573205131961807,23.325434422,11.648279955,18.821435306631944,25.483757659,14.110404029,,,,,,,18.821435306631944,25.483757659,14.110404029,,,,20.573205131961807,23.325434422,11.648279955
2026-03-26,,,,,,,20.905890355506944,23.651618101,8.508771884,18.098235185805557,23.002415993,14.417149141,,,,,,,18.098235185805557,23.002415993,14.417149141,,,,20.905890355506944,23.651618101,8.508771884
2026-03-27,,,,,,,21.281107113916665,23.777526384,11.662134362,18.96568250564583,24.607129813,14.358721867,,,,,,,18.96568250564583,24.607129813,14.358721867,,,,21.281107113916665,23.777526384,11.662134362
2026-03-28,,,,,,,23.326465076743055,24.224578466,22.754996145,18.072776039947918,21.561171727,15.570331514,,,,,,,18.072776039947918,21.561171727,15.570331514,,,,23.326465076743055,24.224578466,22.754996145
2026-03-29,,,,,,,22.71162126246377,23.391070358,22.253930749,16.290751530474637,21.026821902,12.929415492,,,,,,,16.290751530474637,21.026821902,12.929415492,,,,22.71162126246377,23.391070358,22.253930749
2026-03-30,,,,,,,20.9521076758125,23.669566447,12.155987035,19.583176163590277,24.263315907,15.905399363,,,,,,,19.583176163590277,24.263315907,15.905399363,,,,20.9521076758125,23.669566447,12.155987035
2026-03-31,,,,,,,19.562543184595818,23.612217941,11.817384886,20.967585870529618,25.601614576,15.799784332,,,,,,,20.967585870529618,25.601614576,15.799784332,,,,19.562543184595818,23.612217941,11.817384886
