Date,FCU 06/01 Control Temperature_mean,FCU 06/01 Control Temperature_max,FCU 06/01 Control Temperature_min,FCU 06/01 Entering Temperature_mean,FCU 06/01 Entering Temperature_max,FCU 06/01 Entering Temperature_min,FCU 06/01 Leaving Temperature_mean,FCU 06/01 Leaving Temperature_max,FCU 06/01 Leaving Temperature_min,FCU 06/01 Leaving Temperature Setpoint_mean,FCU 06/01 Leaving Temperature Setpoint_max,FCU 06/01 Leaving Temperature Setpoint_min,FCU 06/01 Temperature Setpoint_mean,FCU 06/01 Temperature Setpoint_max,FCU 06/01 Temperature Setpoint_min
2025-01-01,18.06663252786111,18.602625531,16.707838629,18.06663252786111,18.602625531,16.707838629,19.009259539875,19.345679676,17.695481035,,,,25.0,25.0,25.0
2025-01-02,17.894741330444443,18.580868526,15.954364521,17.894741330444443,18.580868526,15.954364521,18.851380354572917,19.146720805,17.393486539,,,,25.0,25.0,25.0
2025-01-03,17.921007064461804,18.696032604,16.487802995,17.921007064461804,18.696032604,16.487802995,18.86227541736111,19.246620205,17.309441806,,,,25.0,25.0,25.0
2025-01-04,17.244540211145832,17.593235944,16.863443078,17.244540211145832,17.593235944,16.863443078,18.678993490621526,19.028217342,18.315088541,,,,25.0,25.0,25.0
2025-01-05,16.69836953575,17.457532601,16.445423605,16.69836953575,17.457532601,16.445423605,18.064922890340277,18.64386434,16.949254103,,,,25.0,25.0,25.0
2025-01-06,18.6800321166875,24.492335635,15.650087413,18.6800321166875,24.492335635,15.650087413,20.657861207388887,31.203675843,17.290249377,,,,25.0,25.0,25.0
2025-01-07,19.957698019395835,24.758790659,17.241781613,19.957698019395835,24.758790659,17.241781613,22.21579979873958,31.511936085,19.007304623,,,,25.0,25.0,25.0
2025-01-08,18.526499684569444,19.150119337,17.154794528,18.526499684569444,19.150119337,17.154794528,19.507297486319445,20.584890004,18.226311183,,,,25.0,25.0,25.0
2025-01-09,17.995268714354168,18.701418389,16.019901008,17.995268714354168,18.701418389,16.019901008,18.97707626198958,19.626758365,17.117728941,,,,25.0,25.0,25.0
2025-01-10,18.014388035572917,18.713344984,16.41841244,18.014388035572917,18.713344984,16.41841244,18.972277492295138,19.309868866,17.354311831,,,,25.0,25.0,25.0
2025-01-11,17.70157243742361,18.689104913,16.399031794,17.70157243742361,18.689104913,16.399031794,19.01275405384722,19.764935453,17.357962271,,,,25.0,25.0,25.0
2025-01-12,17.417315143534722,18.843480283,16.729355556,17.417315143534722,18.843480283,16.729355556,18.711137070715278,19.880476487,17.354595777,,,,25.0,25.0,25.0
2025-01-13,17.93381062814236,18.496393762,15.919648542,17.93381062814236,18.496393762,15.919648542,18.944970793645833,19.84239213,17.796951879,,,,25.0,25.0,25.0
2025-01-14,17.886392778322918,18.491676888,17.009582527,17.886392778322918,18.491676888,17.009582527,18.815819632572914,19.584477236,17.710428126,,,,25.0,25.0,25.0
2025-01-15,18.289537203135417,18.841999808,17.120979497,18.289537203135417,18.841999808,17.120979497,19.245599625815974,20.139520538,17.903457102,,,,25.0,25.0,25.0
2025-01-16,18.56102306476736,19.088869678,16.892501961,18.56102306476736,19.088869678,16.892501961,19.545990007444445,20.420947146,18.085124025,,,,25.0,25.0,25.0
2025-01-17,18.529126038559028,19.111146175,17.174848973,18.529126038559028,19.111146175,17.174848973,19.51952197426389,20.444332565,18.165914103,,,,25.0,25.0,25.0
2025-01-18,18.971757341725695,20.111460422,18.434286844,18.971757341725695,20.111460422,18.434286844,20.285914951670136,21.133450062,19.859717452,,,,25.0,25.0,25.0
2025-01-19,17.74144201489236,18.571306797,16.662847268,17.74144201489236,18.571306797,16.662847268,19.17903877129861,19.85274172,18.522859172,,,,25.0,25.0,25.0
2025-01-20,17.974021248291667,18.470567576,15.872894759,17.974021248291667,18.470567576,15.872894759,19.008917461180555,19.810979746,17.668260839,,,,25.0,25.0,25.0
2025-01-21,17.86592544442014,18.417244345,16.519862035,17.86592544442014,18.417244345,16.519862035,18.78603287678125,19.135888058,17.404364805,,,,25.0,25.0,25.0
2025-01-22,17.876791642343747,18.425942544,16.557506285,17.876791642343747,18.425942544,16.557506285,18.806000971444448,19.081000431,17.453096089,,,,25.0,25.0,25.0
2025-01-23,17.85298373752778,18.414146195,16.242285755,17.85298373752778,18.414146195,16.242285755,18.783297485833334,19.032536098,17.507712407,,,,25.0,25.0,25.0
2025-01-24,17.946802421875002,18.417006067,16.423912931,17.946802421875002,18.417006067,16.423912931,18.867814133190972,19.378864091,17.511478982,,,,25.0,25.0,25.0
2025-01-25,18.02139126298264,19.211552148,17.395910675,18.02139126298264,19.211552148,17.395910675,19.352567284177084,20.305312482,18.848534553,,,,25.0,25.0,25.0
2025-01-26,17.29966170696875,17.767784748,17.02770086,17.29966170696875,17.767784748,17.02770086,18.735165207607636,19.178334449,18.442551527,,,,25.0,25.0,25.0
2025-01-27,17.701171282388888,18.371445133,15.524036033,17.701171282388888,18.371445133,15.524036033,18.623655568763887,18.891683825,17.440297086,,,,25.0,25.0,25.0
2025-01-28,17.849408690916665,18.416593195,16.519990703,17.849408690916665,18.416593195,16.519990703,18.755640164576388,19.115251024,17.397643223,,,,25.0,25.0,25.0
2025-01-29,17.98462474332639,18.449620353,16.755672728,17.98462474332639,18.449620353,16.755672728,18.897747775635416,19.254155972,17.45663813,,,,25.0,25.0,25.0
2025-01-30,18.200278356545137,18.753734502,16.435282407,18.200278356545137,18.753734502,16.435282407,19.124289215895836,19.744361035,17.496817383,,,,25.0,25.0,25.0
2025-01-31,18.26246897365035,18.583159374,16.480705435,18.26246897365035,18.583159374,16.480705435,19.187643182744754,19.649085626,18.023311781,,,,25.0,25.0,25.0
2025-02-01,18.408163890672473,19.489081894,17.898387745,18.408163890672473,19.489081894,17.898387745,19.7005309091115,20.581962827,19.297400944,,,,25.0,25.0,25.0
2025-02-02,17.969141974784723,18.517708442,16.565349272,17.969141974784723,18.517708442,16.565349272,19.315682016246527,19.70399831,18.30159179,,,,25.0,25.0,25.0
2025-02-03,18.13808175164236,18.595860764,16.249183667,18.13808175164236,18.595860764,16.249183667,19.045317849468752,19.591584787,17.762891726,,,,25.0,25.0,25.0
2025-02-04,18.18342238930903,18.510514792,17.167679144,18.18342238930903,18.510514792,17.167679144,19.106934764145834,19.770289712,18.004925586,,,,25.0,25.0,25.0
2025-02-05,18.4373009696875,18.825786874,17.046153718,18.4373009696875,18.825786874,17.046153718,19.373609789222222,20.064238604,17.890702831,,,,25.0,25.0,25.0
2025-02-06,18.565711211819444,19.183960934,16.921597909,18.565711211819444,19.183960934,16.921597909,19.52587119734375,20.404882013,18.017635171,,,,25.0,25.0,25.0
2025-02-07,18.54792317402778,19.014147062,16.6855373,18.54792317402778,19.014147062,16.6855373,19.494340753725695,20.354463744,18.265799326,,,,25.0,25.0,25.0
2025-02-08,18.065844476093748,18.444955267,17.731185741,18.065844476093748,18.444955267,17.731185741,19.489796431350694,19.867322011,19.151796501,,,,25.0,25.0,25.0
2025-02-09,17.40739371823264,17.72919914,15.877829782,17.40739371823264,17.72919914,15.877829782,18.812490542611112,19.149812761,17.913539089,,,,25.0,25.0,25.0
2025-02-10,18.457727952145834,24.790051721,15.638251022,18.457727952145834,24.790051721,15.638251022,20.181133403427083,31.138102037,17.328874884,,,,25.0,25.0,25.0
2025-02-11,18.086522590329864,18.4937976,17.021128313,18.086522590329864,18.4937976,17.021128313,19.016230482104167,19.317272922,17.645644707,,,,25.0,25.0,25.0
2025-02-12,18.005915185180555,18.538983327,16.091465625,18.005915185180555,18.538983327,16.091465625,18.930756320500002,19.237423042,17.188905164,,,,25.0,25.0,25.0
2025-02-13,18.138388630538195,18.593865384,17.076206973,18.138388630538195,18.593865384,17.076206973,19.05018330354514,19.525692621,17.575575164,,,,25.0,25.0,25.0
2025-02-14,18.056830712708333,18.509851933,17.011458646,18.056830712708333,18.509851933,17.011458646,18.9891722134375,19.263026091,17.620760366,,,,25.0,25.0,25.0
2025-02-15,17.415737802163193,17.709384901,16.80909508,17.415737802163193,17.709384901,16.80909508,18.845332140753474,19.151348277,18.442799086,,,,25.0,25.0,25.0
2025-02-16,17.212179551104168,18.637605996,16.994928468,17.212179551104168,18.637605996,16.994928468,18.602425016677085,19.689669516,18.415711778,,,,25.0,25.0,25.0
2025-02-17,18.528677879729166,24.605231856,15.693133112,18.528677879729166,24.605231856,15.693133112,20.385036105677084,31.330322969,17.589270083,,,,25.0,25.0,25.0
2025-02-18,17.93117693038889,18.5365467,16.419244207,17.93117693038889,18.5365467,16.419244207,18.9299024203125,19.279384917,17.4409565,,,,25.0,25.0,25.0
2025-02-19,18.034628471451388,18.551342059,16.949540939,18.034628471451388,18.551342059,16.949540939,19.03066368295139,19.255586582,17.735639484,,,,25.0,25.0,25.0
2025-02-20,17.94937946996528,18.551536223,16.806278969,17.94937946996528,18.551536223,16.806278969,18.87541020357639,19.71386797,17.818034313,,,,25.0,25.0,25.0
2025-02-21,18.284529446760416,18.722390181,17.203051238,18.284529446760416,18.722390181,17.203051238,19.216710129961807,20.078888083,18.107984561,,,,25.0,25.0,25.0
2025-02-22,19.559781861600694,21.533894249,18.61971392,19.559781861600694,21.533894249,18.61971392,20.802367710947916,22.66129856,19.972673086,,,,25.0,25.0,25.0
2025-02-23,19.024944002336806,19.548717729,18.791832859,19.024944002336806,19.548717729,18.791832859,20.393591045510416,20.86633578,20.162272389,,,,25.0,25.0,25.0
2025-02-24,19.033437865892363,24.423999421,17.089786869,19.033437865892363,24.423999421,17.089786869,20.57987672257986,30.039354407,18.274409717,,,,25.0,25.0,25.0
2025-02-25,18.92568115532292,19.69521143,17.566118729,18.92568115532292,19.69521143,17.566118729,19.939581790635415,21.054594878,18.560640093,,,,25.0,25.0,25.0
2025-02-26,18.82291132931597,19.420159723,17.280731617,18.82291132931597,19.420159723,17.280731617,19.800324812527776,20.823736433,18.46056537,,,,25.0,25.0,25.0
2025-02-27,18.58986543103472,19.16286922,16.106464658,18.58986543103472,19.16286922,16.106464658,19.61378463746528,20.525470715,17.455617307,,,,25.0,25.0,25.0
2025-02-28,18.66457940518182,19.415114555,16.925818256,18.66457940518182,19.415114555,16.925818256,19.6848060235,20.737080292,18.295130996,,,,25.0,25.0,25.0
2025-03-01,19.44568557903833,20.660140632,18.806601675,19.44568557903833,20.660140632,18.806601675,20.76875891534495,21.804073769,20.227490238,,,,25.0,25.0,25.0
2025-03-02,19.241100217961804,20.063640855,18.308428808,19.241100217961804,20.063640855,18.308428808,20.583587514243057,21.247256082,20.019287982,,,,25.0,25.0,25.0
2025-03-03,19.06646629675347,24.388646225,17.02964695,19.06646629675347,24.388646225,17.02964695,20.53113188034722,29.832574688,18.251870142,,,,25.0,25.0,25.0
2025-03-04,18.822564771604167,19.551884009,17.234529608,18.822564771604167,19.551884009,17.234529608,19.843022040368055,20.926529548,18.509049472,,,,25.0,25.0,25.0
2025-03-05,19.016396580104168,20.047355158,17.304164273,19.016396580104168,20.047355158,17.304164273,20.058390849302086,21.371262227,18.410346905,,,,25.0,25.0,25.0
2025-03-06,19.621362180135417,20.866207066,17.330349727,19.621362180135417,20.866207066,17.330349727,20.681673642760416,22.193860127,18.551580415,,,,25.0,25.0,25.0
2025-03-07,19.2091314509375,20.816223657,18.034481412,19.2091314509375,20.816223657,18.034481412,20.293370919586806,22.11743253,18.847963373,,,,25.0,25.0,25.0
2025-03-08,21.125967005052086,23.334351364,19.990777104,21.125967005052086,23.334351364,19.990777104,22.37059602323958,24.333436418,21.399108102,,,,25.0,25.0,25.0
2025-03-09,21.276332865072916,23.270552016,20.268915883,21.276332865072916,23.270552016,20.268915883,22.526194108253474,24.287443874,21.648826973,,,,25.0,25.0,25.0
2025-03-10,19.8400257659375,24.75012786,17.619348002,19.8400257659375,24.75012786,17.619348002,21.290954434472223,29.483521484,19.090383115,,,,25.0,25.0,25.0
2025-03-11,19.18301401315625,19.923083498,17.248415348,19.18301401315625,19.923083498,17.248415348,20.19534765124653,21.334113674,18.751488425,,,,25.0,25.0,25.0
2025-03-12,19.10318730911111,19.622011031,16.962616394,19.10318730911111,19.622011031,16.962616394,20.102990344694447,21.027958315,18.548218173,,,,25.0,25.0,25.0
2025-03-13,19.008452754945655,19.485910982,16.817140484,19.008452754945655,19.485910982,16.817140484,20.311948771413043,20.891993508,18.495887416,,,,25.0,25.0,25.0
2025-03-14,,,,,,,,,,,,,,,
2025-03-15,,,,,,,,,,,,,,,
2025-03-16,,,,,,,,,,,,,,,
2025-03-17,,,,,,,,,,,,,,,
2025-03-18,,,,,,,,,,,,,,,
2025-03-19,,,,,,,,,,,,,,,
2025-03-20,,,,,,,,,,,,,,,
2025-03-21,,,,,,,,,,,,,,,
2025-03-22,,,,,,,,,,,,,,,
2025-03-23,,,,,,,,,,,,,,,
2025-03-24,,,,,,,,,,,,,,,
2025-03-25,,,,,,,,,,,,,,,
2025-03-26,,,,,,,,,,,,,,,
2025-03-27,,,,,,,,,,,,,,,
2025-03-28,,,,,,,,,,,,,,,
2025-03-29,,,,,,,,,,,,,,,
2025-03-30,,,,,,,,,,,,,,,
2025-03-31,,,,,,,,,,,,,,,
2025-04-01,,,,,,,,,,,,,,,
2025-04-02,,,,,,,,,,,,,,,
2025-04-03,,,,,,,,,,,,,,,
2025-04-04,,,,,,,,,,,,,,,
2025-04-05,,,,,,,,,,,,,,,
2025-04-06,,,,,,,,,,,,,,,
2025-04-07,,,,,,,,,,,,,,,
2025-04-08,,,,,,,,,,,,,,,
2025-04-09,,,,,,,,,,,,,,,
2025-04-10,,,,,,,,,,,,,,,
2025-04-11,,,,,,,,,,,,,,,
2025-04-12,,,,,,,,,,,,,,,
2025-04-13,,,,,,,,,,,,,,,
2025-04-14,,,,,,,,,,,,,,,
2025-04-15,,,,,,,,,,,,,,,
2025-04-16,,,,,,,,,,,,,,,
2025-04-17,,,,,,,,,,,,,,,
2025-04-18,,,,,,,,,,,,,,,
2025-04-19,,,,,,,,,,,,,,,
2025-04-20,,,,,,,,,,,,,,,
2025-04-21,,,,,,,,,,,,,,,
2025-04-22,,,,,,,,,,,,,,,
2025-04-23,,,,,,,,,,,,,,,
2025-04-24,,,,,,,,,,,,,,,
2025-04-25,,,,,,,,,,,,,,,
2025-04-26,,,,,,,,,,,,,,,
2025-04-27,,,,,,,,,,,,,,,
2025-04-28,,,,,,,,,,,,,,,
2025-04-29,,,,,,,,,,,,,,,
2025-04-30,,,,,,,,,,,,,,,
2025-05-01,,,,,,,,,,,,,,,
2025-05-02,,,,,,,,,,,,,,,
2025-05-03,,,,,,,,,,,,,,,
2025-05-04,,,,,,,,,,,,,,,
2025-05-05,,,,,,,,,,,,,,,
2025-05-06,,,,,,,,,,,,,,,
2025-05-07,,,,,,,,,,,,,,,
2025-05-08,,,,,,,,,,,,,,,
2025-05-09,,,,,,,,,,,,,,,
2025-05-10,,,,,,,,,,,,,,,
2025-05-11,,,,,,,,,,,,,,,
2025-05-12,,,,,,,,,,,,,,,
2025-05-13,,,,,,,,,,,,,,,
2025-05-14,,,,,,,,,,,,,,,
2025-05-15,,,,,,,,,,,,,,,
2025-05-16,,,,,,,,,,,,,,,
2025-05-17,,,,,,,,,,,,,,,
2025-05-18,,,,,,,,,,,,,,,
2025-05-19,,,,,,,,,,,,,,,
2025-05-20,,,,,,,,,,,,,,,
2025-05-21,,,,,,,,,,,,,,,
2025-05-22,,,,,,,,,,,,,,,
2025-05-23,,,,,,,,,,,,,,,
2025-05-24,,,,,,,,,,,,,,,
2025-05-25,,,,,,,,,,,,,,,
2025-05-26,,,,,,,,,,,,,,,
2025-05-27,,,,,,,,,,,,,,,
2025-05-28,,,,,,,,,,,,,,,
2025-05-29,,,,,,,,,,,,,,,
2025-05-30,,,,,,,,,,,,,,,
2025-05-31,,,,,,,,,,,,,,,
2025-06-01,,,,,,,,,,,,,,,
2025-06-02,,,,,,,,,,,,,,,
2025-06-03,,,,,,,,,,,,,,,
2025-06-04,,,,,,,,,,,,,,,
2025-06-05,,,,,,,,,,,,,,,
2025-06-06,21.377150341855966,24.089847963,18.927427478,21.377150341855966,24.089847963,18.927427478,22.642248033123458,25.464148733,20.340605078,,,,25.0,25.0,25.0
2025-06-07,23.648976488461535,23.945511895,23.48410454,23.648976488461535,23.945511895,23.48410454,25.058532363721156,25.278607135,24.885866802,,,,25.0,25.0,25.0
2025-06-08,,,,,,,,,,,,,,,
2025-06-09,,,,,,,,,,,,,,,
2025-06-10,22.590695741768705,24.356783491,19.805485512,22.590695741768705,24.356783491,19.805485512,23.692127743,25.696924998,20.71652242,,,,25.0,25.0,25.0
2025-06-11,23.2569975721875,26.139516049,19.020844056,23.2569975721875,26.139516049,19.020844056,24.445912414347223,27.486234042,20.506732846,,,,25.0,25.0,25.0
2025-06-12,23.170649124277777,25.517266705,19.915489086,23.170649124277777,25.517266705,19.915489086,24.567587719493055,26.864105589,21.488050068,,,,25.0,25.0,25.0
2025-06-13,24.04024171220139,26.827905786,20.205826251,24.04024171220139,26.827905786,20.205826251,25.33261351222222,28.28240168,21.997446874,,,,25.0,25.0,25.0
2025-06-14,26.462871159020832,27.971718922,25.493648817,26.462871159020832,27.971718922,25.493648817,27.866369283736113,29.114058405,27.06793835,,,,25.0,25.0,25.0
2025-06-15,26.42868599764236,27.27974045,25.701020904,26.42868599764236,27.27974045,25.701020904,27.811876794506944,28.599470002,27.158600431,,,,25.0,25.0,25.0
2025-06-16,24.728149126902778,26.441467131,20.876610183,24.728149126902778,26.441467131,20.876610183,26.052353546729165,27.861491391,22.444332187,,,,25.0,25.0,25.0
2025-06-17,24.421333913791667,26.897129216,20.558269682,24.421333913791667,26.897129216,20.558269682,25.731356446243055,28.287517574,22.000976155,,,,25.0,25.0,25.0
2025-06-18,24.58853867382986,26.522749723,20.047832137,24.58853867382986,26.522749723,20.047832137,25.615285179972222,27.827452903,21.511855136,,,,25.0,25.0,25.0
2025-06-19,25.589698580628472,26.73004774,21.115744291,25.589698580628472,26.73004774,21.115744291,25.922100069024307,28.218724795,20.226511848,,,,25.0,25.0,25.0
2025-06-20,25.263412812722223,26.609528582,21.052272112,25.263412812722223,26.609528582,21.052272112,24.986803573375,27.952867574,19.348942159,,,,25.0,25.0,25.0
2025-06-21,27.27739527460764,28.073335128,26.552335569,27.27739527460764,28.073335128,26.552335569,28.543120419083337,29.265525093,27.858247895,,,,25.0,25.0,25.0
2025-06-22,27.569794207590277,28.263504632,27.086108062,27.569794207590277,28.263504632,27.086108062,28.959836795666668,29.653246195,28.535404182,,,,25.0,25.0,25.0
2025-06-23,25.921278468871527,27.371023763,20.15882744,25.921278468871527,27.371023763,20.15882744,26.766316275479166,28.897061255,22.331096172,,,,25.0,25.0,25.0
2025-06-24,25.531044229472222,26.321357034,21.419452922,25.531044229472222,26.321357034,21.419452922,26.59801138009375,27.807037713,23.171962828,,,,25.0,25.0,25.0
2025-06-25,25.05546496770486,25.991186831,20.314972574,25.05546496770486,25.991186831,20.314972574,25.885035541399304,27.385082156,22.254675604,,,,25.0,25.0,25.0
2025-06-26,24.491992757972223,25.667671283,23.859423974,24.491992757972223,25.667671283,23.859423974,24.783315259381947,25.833750657,24.175063681,,,,25.0,25.0,25.0
2025-06-27,24.206077205715278,24.616238991,23.858297956,24.206077205715278,24.616238991,23.858297956,25.448082669583336,27.265568222,24.307817398,,,,25.0,25.0,25.0
2025-06-28,24.172492785194446,24.487462107,23.880722496,24.172492785194446,24.487462107,23.880722496,25.13399734999653,26.8627697,24.215227481,,,,25.0,25.0,25.0
2025-06-29,24.5903284893125,25.959906926,23.857311497,24.5903284893125,25.959906926,23.857311497,25.910150327965276,27.340594344,24.41855609,,,,25.0,25.0,25.0
2025-06-30,25.00574838824825,26.131974714,23.926481771,25.00574838824825,26.131974714,23.926481771,25.09868916517133,26.442109281,22.894637067,,,,25.0,25.0,25.0
2025-07-01,23.64361507294077,24.548962498,22.99974837,23.64361507294077,24.548962498,22.99974837,24.402926021428573,25.188413474,23.682114327,,,,25.0,25.0,25.0
2025-07-02,23.694135713791667,25.313784951,22.624680121,23.694135713791667,25.313784951,22.624680121,25.607559410211806,30.367620193,23.558961129,,,,25.0,25.0,25.0
2025-07-03,24.194384629881945,24.810618134,23.837246415,24.194384629881945,24.810618134,23.837246415,25.595406248420137,27.877948639,24.153365002,,,,25.0,25.0,25.0
2025-07-04,24.072461539833334,24.458731317,23.882833853,24.072461539833334,24.458731317,23.882833853,25.86462783689236,27.427228235,24.185985744,,,,25.0,25.0,25.0
2025-07-05,24.306089108510417,25.25064061,23.87949463,24.306089108510417,25.25064061,23.87949463,25.517757963506945,27.463887887,24.173379708,,,,25.0,25.0,25.0
2025-07-06,24.014352332034722,24.25967876,23.268467452,24.014352332034722,24.25967876,23.268467452,26.07691128584028,27.875367869,24.191525543,,,,25.0,25.0,25.0
2025-07-07,24.335693490177086,25.144288743,23.815695167,24.335693490177086,25.144288743,23.815695167,25.891049521923613,28.019316809,24.148490157,,,,25.0,25.0,25.0
2025-07-08,24.456218986569446,25.46608454,23.898474645,24.456218986569446,25.46608454,23.898474645,25.577962532166666,27.64904371,24.213338877,,,,25.0,25.0,25.0
2025-07-09,24.609628382371525,25.889022715,23.92065894,24.609628382371525,25.889022715,23.92065894,25.62552934995139,27.566109352,24.205506976,,,,25.0,25.0,25.0
2025-07-10,24.486318679256943,25.699899534,23.845172044,24.486318679256943,25.699899534,23.845172044,25.55574018915625,27.478152199,24.228295456,,,,25.0,25.0,25.0
2025-07-11,24.75376792752778,26.130773199,23.754938444,24.75376792752778,26.130773199,23.754938444,25.60601599179861,27.605256243,22.484065076,,,,25.0,25.0,25.0
2025-07-12,24.76641040428125,26.06107526,23.911205883,24.76641040428125,26.06107526,23.911205883,24.807294955177085,26.301004421,22.552919532,,,,25.0,25.0,25.0
2025-07-13,24.653252142708332,26.054158491,23.967119413,24.653252142708332,26.054158491,23.967119413,25.36209804651736,27.491951681,24.213201844,,,,25.0,25.0,25.0
2025-07-14,22.32566027415625,24.309698344,20.488479839,22.32566027415625,24.309698344,20.488479839,20.063567184843752,25.398617673,14.077871788,,,,22.024638859958333,25.0,20.0
2025-07-15,20.538300900090277,21.081017714,19.700210346,20.538300900090277,21.081017714,19.700210346,20.64179332175,21.480340737,19.177484973,,,,20.0,20.0,20.0
2025-07-16,20.878420275378474,21.692064684,20.070357264,20.878420275378474,21.692064684,20.070357264,19.391917122854167,23.146156338,13.217769443,,,,20.0,20.0,20.0
2025-07-17,21.06700582329861,21.69329731,19.570397959,21.06700582329861,21.69329731,19.570397959,19.87798688780903,23.139289455,14.700282998,,,,20.0,20.0,20.0
2025-07-18,21.211448602243056,21.87081095,20.171302522,21.211448602243056,21.87081095,20.171302522,20.29471575845139,23.300694701,16.252853515,,,,20.0,20.0,20.0
2025-07-19,22.27517205955903,22.621249023,21.874298977,22.27517205955903,22.621249023,21.874298977,23.591437388979166,23.881751374,23.303171664,,,,20.0,20.0,20.0
2025-07-20,23.30301141934722,24.274872417,22.513100371,23.30301141934722,24.274872417,22.513100371,24.575582498298612,25.52842399,23.808374232,,,,20.0,20.0,20.0
2025-07-21,21.67365066041667,23.666394152,19.018956148,21.67365066041667,23.666394152,19.018956148,19.939852128798613,24.980158245,13.253774077,,,,20.0,20.0,20.0
2025-07-22,21.351099126538195,22.17601847,20.186890882,21.351099126538195,22.17601847,20.186890882,20.158665722225695,23.646729112,15.365156143,,,,20.0,20.0,20.0
2025-07-23,21.19517394778472,22.065400865,18.695708298,21.19517394778472,22.065400865,18.695708298,20.775151117385416,23.468441803,16.01993208,,,,20.0,20.0,20.0
2025-07-24,21.160364600791667,21.828056799,19.763717724,21.160364600791667,21.828056799,19.763717724,20.2182905343125,23.279913379,15.233880036,,,,20.0,20.0,20.0
2025-07-25,21.025324088927086,21.86032688,18.875880724,21.025324088927086,21.86032688,18.875880724,20.2958918451875,23.291691732,16.119603688,,,,20.0,20.0,20.0
2025-07-26,22.452158801239584,23.396321613,21.742113456,22.452158801239584,23.396321613,21.742113456,23.765709743541667,24.663132033,23.140698996,,,,20.0,20.0,20.0
2025-07-27,23.342749093770834,24.380210371,22.725148849,23.342749093770834,24.380210371,22.725148849,24.616825333291665,25.630635946,24.065332403,,,,20.0,20.0,20.0
2025-07-28,21.996474626624998,23.707044849,19.470503374,21.996474626624998,23.707044849,19.470503374,21.00566352142708,24.991730588,15.094264606,,,,20.0,20.0,20.0
2025-07-29,21.708258844538193,22.578097868,19.496781625,21.708258844538193,22.578097868,19.496781625,20.910972147135414,23.924793286,15.29021705,,,,20.0,20.0,20.0
2025-07-30,21.251025813149305,22.401826571,19.553717886,21.251025813149305,22.401826571,19.553717886,19.814708430743057,23.681811657,13.208352469,,,,20.0,20.0,20.0
2025-07-31,21.12656854455944,21.653940804,18.634104127,21.12656854455944,21.653940804,18.634104127,20.259619950164335,23.053180014,15.787546529,,,,20.0,20.0,20.0
2025-08-01,20.830489296912894,21.62109789,18.645048094,20.830489296912894,21.62109789,18.645048094,21.704367343954704,22.972811461,19.947785275,,,,20.0,20.0,20.0
2025-08-02,22.65067063719097,24.630662416,21.569783483,22.65067063719097,24.630662416,21.569783483,23.956268651118055,26.076247072,22.893896828,,,,20.0,20.0,20.0
2025-08-03,24.123157607833335,26.03085397,23.037747334,24.123157607833335,26.03085397,23.037747334,25.36725015473264,27.38835151,24.366252738,,,,20.0,20.0,20.0
2025-08-04,22.1352707541875,24.681482676,19.017958166,22.1352707541875,24.681482676,19.017958166,20.418234387309028,25.923426401,12.66460527,,,,20.0,20.0,20.0
2025-08-05,21.81084736414236,22.775953396,18.911878302,21.81084736414236,22.775953396,18.911878302,20.467621096302082,24.253910447,12.995874277,,,,20.0,20.0,20.0
2025-08-06,21.577616575465278,22.655735793,18.890815875,21.577616575465278,22.655735793,18.890815875,19.943141499746528,23.952167788,12.96853058,,,,20.0,20.0,20.0
2025-08-07,21.332081912326387,22.372999015,19.478357855,21.332081912326387,22.372999015,19.478357855,19.57081928453125,23.662937528,12.788473646,,,,20.0,20.0,20.0
2025-08-08,21.12740186387847,21.93737017,18.986380383,21.12740186387847,21.93737017,18.986380383,19.7237757591875,23.259636784,14.497278453,,,,20.0,20.0,20.0
2025-08-09,23.05554143827778,25.002953625,21.93972296,23.05554143827778,25.002953625,21.93972296,24.336723978062498,26.453783516,23.256026876,,,,20.0,20.0,20.0
2025-08-10,24.504888969430553,26.481462881,23.329967186,24.504888969430553,26.481462881,23.329967186,25.7747799583125,27.867990402,24.667444626,,,,20.0,20.0,20.0
2025-08-11,22.346226191555555,25.087727167,19.635054857,22.346226191555555,25.087727167,19.635054857,20.41603865365625,26.3130542,13.836232385,,,,20.0,20.0,20.0
2025-08-12,21.505457266190973,22.766713074,18.806162458,21.505457266190973,22.766713074,18.806162458,19.55625472953472,24.190255371,13.820257543,,,,20.0,20.0,20.0
2025-08-13,21.6802232791875,22.671334554,20.01138214,21.6802232791875,22.671334554,20.01138214,19.692236780711806,24.100637252,13.734682538,,,,20.0,20.0,20.0
2025-08-14,21.537237562958335,22.569290667,19.892347626,21.537237562958335,22.569290667,19.892347626,19.648242128041666,23.990023245,13.898718557,,,,20.0,20.0,20.0
2025-08-15,21.16484471095486,22.122288988,19.239067758,21.16484471095486,22.122288988,19.239067758,19.14699664494792,23.574874192,13.446871056,,,,20.0,20.0,20.0
2025-08-16,23.2308252321875,25.411535112,21.910547081,23.2308252321875,25.411535112,21.910547081,24.618052090420136,27.04267187,23.343618019,,,,20.0,20.0,20.0
2025-08-17,24.37010013995139,25.654520066,23.49302578,24.37010013995139,25.654520066,23.49302578,26.150062836131944,28.426665955,24.95124504,,,,20.0,20.0,20.0
2025-08-18,22.09617205348611,24.755390287,19.232388951,22.09617205348611,24.755390287,19.232388951,20.060045266027778,26.538695961,13.439578264,,,,20.0,20.0,20.0
2025-08-19,21.10340868767361,22.403601206,18.433047636,21.10340868767361,22.403601206,18.433047636,19.01184755915625,23.866689501,12.595672017,,,,20.0,20.0,20.0
2025-08-20,21.180180530715276,21.910070026,18.335735371,21.180180530715276,21.910070026,18.335735371,20.934743180774305,23.165796002,14.674382501,,,,20.892044201388888,22.0,20.0
2025-08-21,21.578434829538192,22.242663896,18.47862514,21.578434829538192,22.242663896,18.47862514,22.518655119791667,23.521485329,19.941105325,,,,22.0,22.0,22.0
2025-08-22,21.587095741659724,22.602153986,19.075456351,21.587095741659724,22.602153986,19.075456351,22.52634337071875,23.787659801,20.505237623,,,,22.0,22.0,22.0
2025-08-23,22.773244676993055,23.545869599,22.264772117,22.773244676993055,23.545869599,22.264772117,24.05792994267361,24.744229852,23.624047878,,,,22.0,22.0,22.0
2025-08-24,23.40374874938889,24.105345503,22.817968776,23.40374874938889,24.105345503,22.817968776,24.6845469458125,25.311420898,24.164417849,,,,22.0,22.0,22.0
2025-08-25,23.001721842465276,23.712930389,21.155038395,23.001721842465276,23.712930389,21.155038395,23.754162466187502,25.027429984,21.261275376,,,,22.0,22.0,22.0
2025-08-26,23.246455935114582,24.279935233,21.684893903,23.246455935114582,24.279935233,21.684893903,23.637429895527777,25.512871784,18.515960606,,,,22.0,22.0,22.0
2025-08-27,23.06365715153472,23.725799345,20.661186883,23.06365715153472,23.725799345,20.661186883,23.924712136086804,24.985010565,22.353140477,,,,22.0,22.0,22.0
2025-08-28,22.82625653376389,23.284981153,20.611709132,22.82625653376389,23.284981153,20.611709132,23.657127118940974,24.56696799,21.601566565,,,,22.0,22.0,22.0
2025-08-29,22.63410982689236,23.424965147,19.302826935,22.63410982689236,23.424965147,19.302826935,23.35886266763889,24.709809421,21.053849237,,,,22.0,22.0,22.0
2025-08-30,23.55880164801736,24.154559571,23.013841141,23.55880164801736,24.154559571,23.013841141,24.838605497194447,25.353265085,24.358773309,,,,22.0,22.0,22.0
2025-08-31,24.219204830132867,25.602674851,23.426973274,24.219204830132867,25.602674851,23.426973274,25.46067513660839,26.674930448,24.767270528,,,,22.0,22.0,22.0
2025-09-01,23.423461535142856,24.399875829,20.679020019,23.423461535142856,24.399875829,20.679020019,22.901837870317074,25.691527023,17.250265414,,,,22.0,22.0,22.0
2025-09-02,22.96042587990278,23.567361978,20.117998453,22.96042587990278,23.567361978,20.117998453,21.982317376840278,24.938859122,17.188356159,,,,22.0,22.0,22.0
2025-09-03,23.006911679690973,23.495860081,20.827570563,23.006911679690973,23.495860081,20.827570563,23.070910108638888,24.688885548,16.561372526,,,,22.0,22.0,22.0
2025-09-04,22.890407859038195,23.166935483,19.991843176,22.890407859038195,23.166935483,19.991843176,23.711535490972224,24.556834851,21.655622049,,,,22.0,22.0,22.0
2025-09-05,22.50891558596528,23.276149173,18.846838296,22.50891558596528,23.276149173,18.846838296,23.329388727048613,24.546530963,21.108283965,,,,22.0,22.0,22.0
2025-09-06,23.477469929708334,24.533451092,22.759662481,23.477469929708334,24.533451092,22.759662481,24.74425586160764,25.633940436,24.136452365,,,,22.0,22.0,22.0
2025-09-07,23.79538896357639,24.19357544,23.438674844,23.79538896357639,24.19357544,23.438674844,25.080655858013888,25.388262208,24.772534237,,,,22.0,22.0,22.0
2025-09-08,22.93327814721528,23.865606142,19.194577146,22.93327814721528,23.865606142,19.194577146,22.24524635305208,25.217619533,16.065966096,,,,22.0,22.0,22.0
2025-09-09,23.148890843076387,24.297394527,19.979825217,23.148890843076387,24.297394527,19.979825217,22.653990696489583,25.455179254,17.09831803,,,,22.0,22.0,22.0
2025-09-10,22.387092238399305,23.558284669,18.978089659,22.387092238399305,23.558284669,18.978089659,23.226017869885414,24.844054072,20.285838176,,,,22.0,22.0,22.0
2025-09-11,22.300695187236112,23.11158177,18.695509012,22.300695187236112,23.11158177,18.695509012,23.132728805677083,24.291566485,19.781393037,,,,22.0,22.0,22.0
2025-09-12,21.582413509236112,23.151900875,18.373584445,21.582413509236112,23.151900875,18.373584445,22.28660907226042,24.016469742,19.589624664,,,,22.0,22.0,22.0
2025-09-13,22.842903449722222,23.470896615,22.430963824,22.842903449722222,23.470896615,22.430963824,24.14505692935417,24.626410788,23.797303951,,,,22.0,22.0,22.0
2025-09-14,22.59121069761111,22.841108147,22.406227191,22.59121069761111,22.841108147,22.406227191,23.960040229072916,24.214394558,23.795863338,,,,22.0,22.0,22.0
2025-09-15,21.89526593926736,23.115684612,18.653488919,21.89526593926736,23.115684612,18.653488919,22.691996695284722,23.811879478,19.579914815,,,,22.0,22.0,22.0
2025-09-16,22.047139511395834,23.271887339,18.522287258,22.047139511395834,23.271887339,18.522287258,21.652483626850696,23.840313822,16.198464377,,,,22.0,22.0,22.0
2025-09-17,22.904454316881942,24.191803921,18.829490945,22.904454316881942,24.191803921,18.829490945,22.529689013440972,25.341247489,15.072088677,,,,22.0,22.0,22.0
2025-09-18,23.01515180907292,23.362326742,19.663044272,23.01515180907292,23.362326742,19.663044272,21.60249729715625,24.688002291,14.081698369,,,,22.0,22.0,22.0
2025-09-19,22.998255844652775,23.484376391,21.892328738,22.998255844652775,23.484376391,21.892328738,21.65637412517361,24.778132224,15.33345963,,,,22.0,22.0,22.0
2025-09-20,22.748322894805554,22.840471013,22.424611839,22.748322894805554,22.840471013,22.424611839,24.16573908546875,24.352600264,23.801540375,,,,22.0,22.0,22.0
2025-09-21,22.479830759246525,23.175942888,21.951347551,22.479830759246525,23.175942888,21.951347551,23.85210773610764,24.563136187,23.326367281,,,,22.0,22.0,22.0
2025-09-22,22.19551438307986,23.215204277,17.413364183,22.19551438307986,23.215204277,17.413364183,21.845384124229167,23.897604602,15.063753794,,,,22.0,22.0,22.0
2025-09-23,22.396946032569446,23.34023831,18.291206112,22.396946032569446,23.34023831,18.291206112,21.27671118359028,24.151614492,14.14904355,,,,22.0,22.0,22.0
2025-09-24,22.69602866586458,23.46763858,18.540193942,22.69602866586458,23.46763858,18.540193942,21.372735142506944,24.599825743,14.492649051,,,,22.0,22.0,22.0
2025-09-25,23.014002337368055,24.261335635,19.149489448,23.014002337368055,24.261335635,19.149489448,21.99621227798264,25.409773924,14.383664876,,,,22.0,22.0,22.0
2025-09-26,23.092957851225695,23.741010341,20.020291192,23.092957851225695,23.741010341,20.020291192,21.868507137274307,25.015997857,13.982534311,,,,22.0,22.0,22.0
2025-09-27,23.429482403805554,24.316086076,22.992757482,23.429482403805554,24.316086076,22.992757482,24.685167029135417,25.339863589,24.314059439,,,,22.0,22.0,22.0
2025-09-28,23.770129765677083,25.623158996,22.899359445,23.770129765677083,25.623158996,22.899359445,24.993632587086804,27.001436705,24.236320524,,,,22.0,22.0,22.0
2025-09-29,23.042531827059026,23.670461553,18.887036648,23.042531827059026,23.670461553,18.887036648,21.591659509045137,24.990612342,13.555012751,,,,22.0,22.0,22.0
2025-09-30,22.91690899234965,23.372299884,19.918317195,22.91690899234965,23.372299884,19.918317195,21.812162037045454,24.620048639,15.800557535,,,,22.0,22.0,22.0
2025-10-01,22.894630686027778,23.235769975,22.505770216,22.894630686027778,23.235769975,22.505770216,21.285197392249998,24.466566957,14.185085964,,,,22.0,22.0,22.0
2025-10-02,22.81317619252083,23.1236127,22.425685219,22.81317619252083,23.1236127,22.425685219,21.71899360852778,24.36786602,16.183141402,,,,22.0,22.0,22.0
2025-10-03,22.907846627569445,23.137162347,21.018064221,22.907846627569445,23.137162347,21.018064221,22.07139858074653,24.460371354,16.846960646,,,,22.0,22.0,22.0
2025-10-04,22.40968802834028,23.481646418,18.594397421,22.40968802834028,23.481646418,18.594397421,23.790715834017362,24.635530785,19.970473973,,,,22.0,22.0,22.0
2025-10-05,22.861003063229166,23.936967609,22.33625807,22.861003063229166,23.936967609,22.33625807,24.111172487972222,24.890879838,23.698502575,,,,22.0,22.0,22.0
2025-10-06,22.67581529807292,23.423343516,19.09164089,22.67581529807292,23.423343516,19.09164089,21.4013603898125,24.300446976,14.44771678,,,,22.0,22.0,22.0
2025-10-07,22.93608728528125,23.306883424,22.626601728,22.93608728528125,23.306883424,22.626601728,22.051840551451388,24.677718571,16.86668073,,,,22.0,22.0,22.0
2025-10-08,23.02399205412847,23.462899593,19.269199321,23.02399205412847,23.462899593,19.269199321,21.423867536413194,24.660712148,14.159206648,,,,22.0,22.0,22.0
2025-10-09,22.999890823795138,23.560831124,21.562126795,22.999890823795138,23.560831124,21.562126795,21.22187653062153,24.592976218,14.138241457,,,,22.0,22.0,22.0
2025-10-10,22.94039228514236,23.318183397,20.93335104,22.94039228514236,23.318183397,20.93335104,21.466168504072915,24.657613129,14.400843366,,,,22.0,22.0,22.0
2025-10-11,23.615978724576387,25.613385371,22.642912003,23.615978724576387,25.613385371,22.642912003,24.838454409986113,26.631762547,23.993238906,,,,22.0,22.0,22.0
2025-10-12,23.742572009090278,25.817551727,22.782962769,23.742572009090278,25.817551727,22.782962769,24.99715417711458,26.988954084,24.166165606,,,,22.0,22.0,22.0
2025-10-13,23.245637673774308,24.498211098,19.368952663,23.245637673774308,24.498211098,19.368952663,21.59272321717361,25.645474732,14.424772139,,,,22.0,22.0,22.0
2025-10-14,22.986822906253472,23.440902468,19.460592012,22.986822906253472,23.440902468,19.460592012,21.708499084850693,24.785061551,15.014869989,,,,22.0,22.0,22.0
2025-10-15,22.893933622711806,23.326013027,18.974344846,22.893933622711806,23.326013027,18.974344846,20.91553237779514,24.594415551,14.350335273,,,,22.0,22.0,22.0
2025-10-16,22.877250562038196,23.289849803,19.453635597,22.877250562038196,23.289849803,19.453635597,20.88900632141319,24.426788172,14.165174068,,,,22.0,22.0,22.0
2025-10-17,22.78001780465625,23.286451835,19.401672373,22.78001780465625,23.286451835,19.401672373,21.085088933878474,24.359054579,14.046800971,,,,22.0,22.0,22.0
2025-10-18,22.35856464638889,22.670738265,22.017357501,22.35856464638889,22.670738265,22.017357501,23.730270666687503,24.035009551,23.451767298,,,,22.0,22.0,22.0
2025-10-19,21.87249901832639,22.048641575,21.710073756,21.87249901832639,22.048641575,21.710073756,23.260927998916667,23.448302763,23.116388397,,,,22.0,22.0,22.0
2025-10-20,22.383056877684027,23.187792998,19.279856514,22.383056877684027,23.187792998,19.279856514,21.681635370993053,24.080802717,16.445578241,,,,22.0,22.0,22.0
2025-10-21,22.62782080315972,23.376267311,20.134787839,22.62782080315972,23.376267311,20.134787839,20.75635475051042,24.086875792,14.014609805,,,,22.0,22.0,22.0
2025-10-22,22.86930040398264,23.762267205,21.942060867,22.86930040398264,23.762267205,21.942060867,20.879124792406248,24.652123625,13.134340774,,,,22.0,22.0,22.0
2025-10-23,23.15579052051042,23.681395089,22.545069813,23.15579052051042,23.681395089,22.545069813,24.02670811242014,25.062078283,22.874402648,,,,22.0,22.0,22.0
2025-10-24,22.86005392996875,23.538164295,22.455186346,22.86005392996875,23.538164295,22.455186346,22.087916514190972,24.412788894,13.518407749,,,,22.0,22.0,22.0
2025-10-25,22.80636572589236,24.366039765,22.064120601,22.80636572589236,24.366039765,22.064120601,24.06827423519097,25.357271184,23.450238595,,,,22.0,22.0,22.0
2025-10-26,21.582098569910002,22.41417723,21.207933873,21.582098569910002,22.41417723,21.207933873,22.996510077676668,23.792649896,22.618924671,,,,22.0,22.0,22.0
2025-10-27,22.220988150385416,24.44081563,19.334276232,22.220988150385416,24.44081563,19.334276232,21.638790597395833,24.609820614,13.842892563,,,,22.0,22.0,22.0
2025-10-28,22.69383427292708,24.347800877,18.704233344,22.69383427292708,24.347800877,18.704233344,20.305299620427082,24.250298676,14.061590169,,,,22.0,22.0,22.0
2025-10-29,22.81882332262847,23.962251839,18.947119413,22.81882332262847,23.962251839,18.947119413,20.838791087690975,24.309671166,13.366150451,,,,22.0,22.0,22.0
2025-10-30,22.77242393073264,24.22370089,18.444854638,22.77242393073264,24.22370089,18.444854638,21.32089387078125,24.217004117,13.275009947,,,,22.0,22.0,22.0
2025-10-31,22.626192527916086,23.474136989,18.884333168,22.626192527916086,23.474136989,18.884333168,20.10598414425874,24.061707813,14.066704616,,,,22.0,22.0,22.0
2025-11-01,22.859147645358888,23.814384488,22.389989676,22.859147645358888,23.814384488,22.389989676,24.1313264806446,24.849568393,23.755512117,,,,22.0,22.0,22.0
2025-11-02,22.23279801190625,23.18770662,21.72099375,22.23279801190625,23.18770662,21.72099375,23.52212316127431,24.176625798,23.124393986,,,,22.0,22.0,22.0
2025-11-03,22.152902762881943,23.606137964,18.948624478,22.152902762881943,23.606137964,18.948624478,20.508023109222222,23.702467862,14.370748952,,,,22.0,22.0,22.0
2025-11-04,22.674968396024305,24.063180827,19.711893258,22.674968396024305,24.063180827,19.711893258,19.996439005006945,24.239768064,14.33291151,,,,22.0,22.0,22.0
2025-11-05,22.76255105159722,23.830061264,20.031451839,22.76255105159722,23.830061264,20.031451839,20.02631014323611,24.087093121,14.551982796,,,,22.0,22.0,22.0
2025-11-06,22.64074815186111,23.581032656,19.629374438,22.64074815186111,23.581032656,19.629374438,19.89018393142361,24.060287789,14.134191759,,,,22.0,22.0,22.0
2025-11-07,22.50684496457986,23.956304205,18.888693114,22.50684496457986,23.956304205,18.888693114,19.879803128895833,23.913951192,13.78598798,,,,22.0,22.0,22.0
2025-11-08,22.631513087177083,23.369133419,22.321915592,22.631513087177083,23.369133419,22.321915592,24.015518784246527,24.490076467,23.715864551,,,,22.0,22.0,22.0
2025-11-09,21.730935870722224,22.316429925,21.310523855,21.730935870722224,22.316429925,21.310523855,23.111058170378474,23.70977009,22.688447687,,,,22.0,22.0,22.0
2025-11-10,22.219399503854167,23.798237155,18.901837008,22.219399503854167,23.798237155,18.901837008,20.797772166885416,23.68959991,14.012059827,,,,22.0,22.0,22.0
2025-11-11,22.24535604095139,23.850616966,18.606063298,22.24535604095139,23.850616966,18.606063298,21.49792064257986,24.011595727,13.053625788,,,,22.0,22.0,22.0
2025-11-12,22.611037833694446,23.979239829,19.061058622,22.611037833694446,23.979239829,19.061058622,19.84937174646528,24.030610793,14.039976917,,,,22.0,22.0,22.0
2025-11-13,22.983135933506944,23.843339659,20.52541133,22.983135933506944,23.843339659,20.52541133,23.249432818069444,24.249370652,14.599723855,,,,22.0,22.0,22.0
2025-11-14,22.840822657600697,23.713459853,20.202127637,22.840822657600697,23.713459853,20.202127637,23.80753437139236,24.352969075,22.080351295,,,,22.0,22.0,22.0
2025-11-15,22.070133379250002,22.659952859,21.551302022,22.070133379250002,22.659952859,21.551302022,23.493941306923613,24.084805323,22.991249666,,,,22.0,22.0,22.0
2025-11-16,21.337999988739583,21.997244385,20.885643074,21.337999988739583,21.997244385,20.885643074,22.731454728805556,23.16105024,22.307609921,,,,22.0,22.0,22.0
2025-11-17,21.965756990579862,24.118563119,19.819927593,21.965756990579862,24.118563119,19.819927593,23.004770081388887,26.67324079,20.427408997,,,,22.0,22.0,22.0
2025-11-18,22.152307084739583,23.801928341,16.980018725,22.152307084739583,23.801928341,16.980018725,23.19147224068403,24.077739072,19.589832638,,,,22.0,22.0,22.0
2025-11-19,22.28518922439236,24.95754807,18.088774068,22.28518922439236,24.95754807,18.088774068,23.41219412965625,25.675970797,20.204012744,,,,22.0,22.0,22.0
2025-11-20,22.077045488552084,23.783228804,19.42556862,22.077045488552084,23.783228804,19.42556862,23.312599480697916,25.034802393,20.662381818,,,,22.0,22.0,22.0
2025-11-21,22.54957395854861,24.486357664,17.367812712,22.54957395854861,24.486357664,17.367812712,23.6320009041875,25.429762422,19.723710619,,,,22.0,22.0,22.0
2025-11-22,21.781312542322915,22.493208001,21.214266053,21.781312542322915,22.493208001,21.214266053,23.19274388853125,23.858642823,22.608876148,,,,22.0,22.0,22.0
2025-11-23,20.719513654947917,21.210403622,17.552767434,20.719513654947917,21.210403622,17.552767434,22.115509102083333,22.603915112,19.977946746,,,,22.0,22.0,22.0
2025-11-24,21.806838012680558,23.547449077,19.700141146,21.806838012680558,23.547449077,19.700141146,22.834471561871528,25.997820578,21.101448073,,,,22.0,22.0,22.0
2025-11-25,22.76818198295486,24.976919605,20.264999756,22.76818198295486,24.976919605,20.264999756,23.67964106176736,25.030504282,22.053573754,,,,22.0,22.0,22.0
2025-11-26,22.025971081833333,24.072001441,19.448704838,22.025971081833333,24.072001441,19.448704838,22.88697543013542,24.216237175,20.524068266,,,,22.0,22.0,22.0
2025-11-27,22.649445648364583,23.929145944,18.649740262,22.649445648364583,23.929145944,18.649740262,19.982431413802082,24.073654422,14.311664997,,,,22.0,22.0,22.0
2025-11-28,22.94966729123611,23.9711458,19.62616131,22.94966729123611,23.9711458,19.62616131,23.1741797090625,24.524806672,13.310328051,,,,22.0,22.0,22.0
2025-11-29,22.514319882322916,23.016648943,22.010362821,22.514319882322916,23.016648943,22.010362821,23.919630953465276,24.374315121,23.440254834,,,,22.0,22.0,22.0
2025-11-30,21.12911937858042,23.50193925,17.92254846,21.12911937858042,23.50193925,17.92254846,22.369230658164337,24.140400222,20.002408998,,,,22.0,22.0,22.0
2025-12-01,22.271564976317073,23.224350704,18.547793396,22.271564976317073,23.224350704,18.547793396,21.070239268721252,24.101457816,13.474617679,,,,22.0,22.0,22.0
2025-12-02,22.835770345638892,24.022606175,19.73403679,22.835770345638892,24.022606175,19.73403679,22.13571849167361,24.345885887,13.448738197,,,,22.0,22.0,22.0
2025-12-03,22.351070965704864,25.231835185,19.503879208,22.351070965704864,25.231835185,19.503879208,23.17643914088889,25.375649599,20.641176634,,,,22.0,22.0,22.0
2025-12-04,21.653000320649305,23.807030515,19.340634018,21.653000320649305,23.807030515,19.340634018,22.536981471399304,24.232770487,20.454501038,,,,22.0,22.0,22.0
2025-12-05,22.35327778785764,23.875227637,19.714722415,22.35327778785764,23.875227637,19.714722415,23.359709840184028,24.890935103,21.262766013,,,,22.0,22.0,22.0
2025-12-06,22.618914632427085,23.5408177,19.59887424,22.618914632427085,23.5408177,19.59887424,23.768116770472222,24.528618599,21.127811592,,,,22.0,22.0,22.0
2025-12-07,21.769336562760415,24.013064758,18.33752518,21.769336562760415,24.013064758,18.33752518,23.000947481378475,24.768814311,20.042271531,,,,22.0,22.0,22.0
2025-12-08,22.93988792442014,24.077789577,19.35865586,22.93988792442014,24.077789577,19.35865586,20.60664478731597,24.778506432,14.225381982,,,,22.0,22.0,22.0
2025-12-09,22.503091616131943,23.45755662,19.255581445,22.503091616131943,23.45755662,19.255581445,19.729413314774305,23.887564214,14.222928028,,,,22.0,22.0,22.0
2025-12-10,22.932246555781248,24.381725959,19.196217249,22.932246555781248,24.381725959,19.196217249,21.658651247725697,24.545135971,12.946784938,,,,22.0,22.0,22.0
2025-12-11,23.14434580688542,23.838842349,19.616944907,23.14434580688542,23.838842349,19.616944907,21.577236703496528,24.54606719,12.957235624,,,,22.0,22.0,22.0
2025-12-12,22.982479713333333,23.80398556,20.486620338,22.982479713333333,23.80398556,20.486620338,23.910515859708333,24.681655464,22.18940526,,,,22.0,22.0,22.0
2025-12-13,22.41451814284375,22.819555638,22.101432505,22.41451814284375,22.819555638,22.101432505,23.880444755295137,24.34530063,23.519314419,,,,22.0,22.0,22.0
2025-12-14,21.808658196090278,22.100636554,21.091000074,21.808658196090278,22.100636554,21.091000074,23.287770704583334,23.516159773,23.016870978,,,,22.0,22.0,22.0
2025-12-15,22.888866441447917,23.827740946,20.532457472,22.888866441447917,23.827740946,20.532457472,23.658616930100695,24.784137193,22.402381009,,,,22.0,22.0,22.0
2025-12-16,23.359040798670136,24.663071785,20.932394752,23.359040798670136,24.663071785,20.932394752,24.23631080493403,24.971090441,22.81837186,,,,22.0,22.0,22.0
2025-12-17,22.837192304222224,24.247633258,18.569922507,22.837192304222224,24.247633258,18.569922507,22.808784900690974,24.556603993,13.792973975,,,,22.0,22.0,22.0
2025-12-18,23.584440597958334,24.317946946,20.557466931,23.584440597958334,24.317946946,20.557466931,24.330154174631943,25.013701676,22.862954031,,,,22.0,22.0,22.0
2025-12-19,23.53600751929861,24.260537596,20.75056038,23.53600751929861,24.260537596,20.75056038,22.90991063110764,24.945154887,13.968521607,,,,22.0,22.0,22.0
2025-12-20,22.894440014309026,23.502054353,22.377304428,22.894440014309026,23.502054353,22.377304428,24.27791956530903,24.789747929,23.813380221,,,,22.0,22.0,22.0
2025-12-21,22.08591350214236,24.57229184,21.735939331,22.08591350214236,24.57229184,21.735939331,23.469404838996528,25.275423959,23.22137132,,,,22.0,22.0,22.0
2025-12-22,23.31230588192014,24.201860887,20.775586086,23.31230588192014,24.201860887,20.775586086,24.15284618595139,25.265137442,22.712713169,,,,22.0,22.0,22.0
2025-12-23,23.432198803274307,23.989297687,20.606094444,23.432198803274307,23.989297687,20.606094444,24.31712526023611,24.934853836,22.962652316,,,,22.0,22.0,22.0
2025-12-24,23.234422847930556,23.572746997,20.337213391,23.234422847930556,23.572746997,20.337213391,24.137852696357637,24.888706433,22.635577427,,,,22.0,22.0,22.0
2025-12-25,22.94283821414236,23.270182078,20.299972347,22.94283821414236,23.270182078,20.299972347,23.810761618423612,24.575833413,22.537133038,,,,22.0,22.0,22.0
2025-12-26,22.8025814228125,23.261631227,20.079067402,22.8025814228125,23.261631227,20.079067402,23.65521887959375,24.203510835,22.439624689,,,,22.0,22.0,22.0
2025-12-27,22.429675090527777,22.833509077,22.079562567,22.429675090527777,22.833509077,22.079562567,23.716529085125,24.083268783,23.392441832,,,,22.0,22.0,22.0
2025-12-28,21.891493056506945,23.3902607,21.58699699,21.891493056506945,23.3902607,21.58699699,23.18182284707292,24.217557174,22.902328137,,,,22.0,22.0,22.0
2025-12-29,22.464847497989584,23.292888904,20.373067195,22.464847497989584,23.292888904,20.373067195,23.35103218163889,24.199977492,21.235648402,,,,22.0,22.0,22.0
2025-12-30,22.74173401728125,23.447766962,20.144993275,22.74173401728125,23.447766962,20.144993275,23.608635106593752,24.227191568,22.596181993,,,,22.0,22.0,22.0
2025-12-31,22.816189477765736,24.027372144,20.448688097,22.816189477765736,24.027372144,20.448688097,23.614188448604896,24.535792589,21.908290442,,,,22.0,22.0,22.0
2026-01-01,22.632478769390243,23.156414752,20.116834669,22.632478769390243,23.156414752,20.116834669,23.40860937914634,23.910332777,22.412083805,,,,22.0,22.0,22.0
2026-01-02,22.7890379548125,24.637241543,20.376467726,22.7890379548125,24.637241543,20.376467726,23.704484757291667,25.043719595,22.046938493,,,,22.0,22.0,22.0
2026-01-03,20.755086649131943,22.569925105,16.379684226,20.755086649131943,22.569925105,16.379684226,22.047600840288194,23.732502159,19.01303458,,,,22.0,22.0,22.0
2026-01-04,18.580195471361108,20.786069317,16.997448593,18.580195471361108,20.786069317,16.997448593,19.619336811631946,26.054994426,18.014313769,,,,22.0,22.0,22.0
2026-01-05,20.657075107020834,24.585376196,18.278079998,20.657075107020834,24.585376196,18.278079998,21.713694222177082,26.253832596,19.567088558,,,,22.0,22.0,22.0
2026-01-06,21.520949574288196,23.484587657,17.57538028,21.520949574288196,23.484587657,17.57538028,22.40350666096875,24.268266306,20.298822263,,,,22.0,22.0,22.0
2026-01-07,22.857238951468748,24.668667155,17.557074142,22.857238951468748,24.668667155,17.557074142,23.739289613645834,24.845722621,21.923738184,,,,22.0,22.0,22.0
2026-01-08,22.141230130520835,24.493871032,19.161610097,22.141230130520835,24.493871032,19.161610097,23.187888484350694,25.167649409,20.895982623,,,,22.0,22.0,22.0
2026-01-09,23.053846231944444,23.757042545,20.787714986,23.053846231944444,23.757042545,20.787714986,24.047406846972223,24.884812028,21.941925607,,,,22.0,22.0,22.0
2026-01-10,21.13042345738542,23.246134294,17.812294841,21.13042345738542,23.246134294,17.812294841,22.44549309913542,24.405921392,20.422784657,,,,22.0,22.0,22.0
2026-01-11,20.297047976194445,22.412477509,17.386089907,20.297047976194445,22.412477509,17.386089907,21.51677276788889,23.236121268,19.425409886,,,,22.0,22.0,22.0
2026-01-12,22.21500511979861,23.619867128,17.923688981,22.21500511979861,23.619867128,17.923688981,20.746859251229168,23.73164335,12.997666549,,,,22.0,22.0,22.0
2026-01-13,23.081364189256945,25.154961005,20.640236781,23.081364189256945,25.154961005,20.640236781,23.92322462334028,25.241710832,22.436718492,,,,22.0,22.0,22.0
2026-01-14,23.173751426479168,24.595099339,20.660317499,23.173751426479168,24.595099339,20.660317499,23.868651557635417,24.741939498,15.059759663,,,,22.0,22.0,22.0
2026-01-15,23.311794609083332,24.912491428,20.780603779,23.311794609083332,24.912491428,20.780603779,23.71274770020139,25.019335477,13.915365308,,,,22.0,22.0,22.0
2026-01-16,22.675194365927084,24.066071304,19.493016952,22.675194365927084,24.066071304,19.493016952,23.58519797534375,24.65898868,20.650321958,,,,22.0,22.0,22.0
2026-01-17,21.128013164124997,22.723234523,17.664970228,21.128013164124997,22.723234523,17.664970228,22.432909637885416,24.074171961,19.512072068,,,,22.0,22.0,22.0
2026-01-18,20.462115259520832,22.764784267,17.13934424,20.462115259520832,22.764784267,17.13934424,21.73926475782639,23.692906305,18.992763526,,,,22.0,22.0,22.0
2026-01-19,22.297243625555556,23.669362271,18.045706864,22.297243625555556,23.669362271,18.045706864,22.502447652934027,23.943344782,13.46391453,,,,22.0,22.0,22.0
2026-01-20,22.56523386630903,23.30891845,19.813606402,22.56523386630903,23.30891845,19.813606402,20.420134968034723,24.070080553,14.388333811,,,,22.0,22.0,22.0
2026-01-21,22.91966444970486,23.459383755,20.130119606,22.91966444970486,23.459383755,20.130119606,20.927808402885418,24.314374943,13.880880648,,,,22.0,22.0,22.0
2026-01-22,21.974104821479166,23.330848739,19.32345403,21.974104821479166,23.330848739,19.32345403,19.869147566309028,24.295136013,14.429532845,,,,22.0,22.0,22.0
2026-01-23,21.399550877402778,23.282197114,19.384080192,21.399550877402778,23.282197114,19.384080192,19.874614073708333,23.33432958,15.778397977,,,,22.0,22.0,22.0
2026-01-24,19.512676942989586,21.372068981,17.808433887,19.512676942989586,21.372068981,17.808433887,20.857360658055555,22.413875632,19.862809904,,,,22.0,22.0,22.0
2026-01-25,19.912335242888886,22.274598773,17.924919792,19.912335242888886,22.274598773,17.924919792,20.95837392415625,23.148721521,19.226788979,,,,22.0,22.0,22.0
2026-01-26,21.412833992038195,23.333280767,17.495554033,21.412833992038195,23.333280767,17.495554033,22.431923139934028,23.62326999,20.62462114,,,,22.0,22.0,22.0
2026-01-27,21.085736005319447,23.678897353,19.009164258,21.085736005319447,23.678897353,19.009164258,22.141901502069445,24.004679912,20.542536445,,,,22.0,22.0,22.0
2026-01-28,21.08179089792014,23.40357613,19.141303196,21.08179089792014,23.40357613,19.141303196,19.853860027833335,23.436884326,15.603549645,,,,22.0,22.0,22.0
2026-01-29,21.22029457279167,23.696285428,19.113230731,21.22029457279167,23.696285428,19.113230731,22.2057263133125,23.828659038,20.699762033,,,,22.0,22.0,22.0
2026-01-30,21.287301809475693,23.634381759,19.426067085,21.287301809475693,23.634381759,19.426067085,22.672059767604168,25.18363382,20.911551456,,,,22.0,22.0,22.0
2026-01-31,20.74190942966783,22.659260556,18.256480058,20.74190942966783,22.659260556,18.256480058,22.033324181094407,23.725239953,20.383431446,,,,22.0,22.0,22.0
2026-02-01,22.942224854801395,24.833880721,22.356830984,22.942224854801395,24.833880721,22.356830984,23.879193640770037,25.753238978,23.516851747,,,,22.0,22.0,22.0
2026-02-02,22.01821427557986,24.183951504,19.580520314,22.01821427557986,24.183951504,19.580520314,20.85251974979514,25.605396959,15.226165798,,,,22.0,22.0,22.0
2026-02-03,23.14077436612153,24.081924237,19.614030443,23.14077436612153,24.081924237,19.614030443,24.267694431510417,25.533855376,21.08685826,,,,22.0,22.0,22.0
2026-02-04,22.494724078871528,23.935259436,19.645705726,22.494724078871528,23.935259436,19.645705726,21.729881503072917,25.301900303,15.477145074,,,,22.0,22.0,22.0
2026-02-05,22.331199630284722,23.915036831,19.663167173,22.331199630284722,23.915036831,19.663167173,23.279860576201386,24.436040577,21.254667707,,,,22.0,22.0,22.0
2026-02-06,21.411098423493055,23.778723572,19.580188869,21.411098423493055,23.778723572,19.580188869,22.734635770423612,25.234786024,21.141048873,,,,22.0,22.0,22.0
2026-02-07,22.58600388472222,23.692476335,18.476888248,22.58600388472222,23.692476335,18.476888248,23.852022518725693,24.85655481,21.283436563,,,,22.0,22.0,22.0
2026-02-08,22.418858023041665,23.11995021,21.477102881,22.418858023041665,23.11995021,21.477102881,23.82306403884375,24.372586477,23.331221099,,,,22.0,22.0,22.0
2026-02-09,22.63518507425,23.382922816,20.006269614,22.63518507425,23.382922816,20.006269614,21.213712966850693,23.967407805,15.301141851,,,,22.0,22.0,22.0
2026-02-10,22.601011497618057,23.399537233,19.985938412,22.601011497618057,23.399537233,19.985938412,21.081708266152777,23.878804136,15.396884568,,,,22.0,22.0,22.0
2026-02-11,21.77258775907292,23.693850649,18.88788281,21.77258775907292,23.693850649,18.88788281,21.549070013885416,23.991256239,15.918145602,,,,22.0,22.0,22.0
2026-02-12,21.230635941576388,23.901665401,19.119525923,21.230635941576388,23.901665401,19.119525923,22.092988750336804,24.214052841,20.483758905,,,,22.0,22.0,22.0
2026-02-13,21.37679050792014,24.210302035,19.459067614,21.37679050792014,24.210302035,19.459067614,22.693849476666667,25.561971897,20.622071191,,,,22.0,22.0,22.0
2026-02-14,19.69898970612153,20.072398019,19.388736702,19.69898970612153,20.072398019,19.388736702,21.30694975873264,21.790040405,21.042167272,,,,22.0,22.0,22.0
2026-02-15,19.28931190143403,20.753593575,17.985388207,19.28931190143403,20.753593575,17.985388207,20.5331397076875,26.95069123,19.778000737,,,,22.0,22.0,22.0
2026-02-16,21.788652251614582,23.882288053,18.759980813,21.788652251614582,23.882288053,18.759980813,20.715623647770833,24.166849147,15.791239976,,,,22.0,22.0,22.0
2026-02-17,22.497317053625,25.203112813,19.657628792,22.497317053625,25.203112813,19.657628792,23.542461627694443,25.667809605,21.272943891,,,,22.0,22.0,22.0
2026-02-18,21.49575901469097,24.329364629,19.485139828,21.49575901469097,24.329364629,19.485139828,22.453339408145833,24.652592517,19.136102046,,,,23.141614699072917,24.0,22.0
2026-02-19,22.04562646853125,24.086807522,18.92619671,22.04562646853125,24.086807522,18.92619671,23.248169088197915,27.143694545,20.97536693,,,,24.0,24.0,24.0
2026-02-20,23.47971384834028,25.004924941,19.609194161,23.47971384834028,25.004924941,19.609194161,24.337616388586806,25.187371516,22.772786957,,,,24.0,24.0,24.0
2026-02-21,23.0116464203125,23.582831855,22.55511983,23.0116464203125,23.582831855,22.55511983,24.353525297934027,24.892843094,23.913955603,,,,24.0,24.0,24.0
2026-02-22,22.38583229339236,23.12085609,22.074916376,22.38583229339236,23.12085609,22.074916376,23.695283740364584,24.215795681,23.37928571,,,,24.0,24.0,24.0
2026-02-23,22.928799679934027,24.287986577,19.413042194,22.928799679934027,24.287986577,19.413042194,24.146493835770833,29.225561761,21.449133377,,,,24.0,24.0,24.0
2026-02-24,23.567251285100696,25.042547435,19.838603621,23.567251285100696,25.042547435,19.838603621,24.583009038006946,28.808163621,22.299369996,,,,24.0,24.0,24.0
2026-02-25,23.998619928434028,25.072279799,20.251024272,23.998619928434028,25.072279799,20.251024272,24.613014691395833,25.568227196,21.624516138,,,,24.0,24.0,24.0
2026-02-26,23.94378220363889,24.937451085,19.785550857,23.94378220363889,24.937451085,19.785550857,24.903225254427085,25.487601355,22.574905559,,,,24.0,24.0,24.0
2026-02-27,23.878263585368057,25.266768119,19.673758115,23.878263585368057,25.266768119,19.673758115,24.765226819256945,25.387989417,22.383172611,,,,24.0,24.0,24.0
2026-02-28,23.11199119424126,23.950617156,18.862991157,23.11199119424126,23.950617156,18.862991157,24.552052480898602,25.298299542,22.762841752,,,,24.0,24.0,24.0
2026-03-01,21.565125674975608,22.476035516,18.076078514,21.565125674975608,22.476035516,18.076078514,22.965771443268295,23.865086069,19.976180266,,,,24.0,24.0,24.0
2026-03-02,22.833646204586806,24.080766582,19.4063432,22.833646204586806,24.080766582,19.4063432,24.053098546635415,29.902596741,21.44942131,,,,24.0,24.0,24.0
2026-03-03,23.550029020899306,25.383275817,19.347760324,23.550029020899306,25.383275817,19.347760324,23.281310872940974,29.680623813,15.915099452,,,,24.0,24.0,24.0
2026-03-04,22.433049785631944,25.223743761,18.831013522,22.433049785631944,25.223743761,18.831013522,23.224285165138888,25.391267606,20.182985975,,,,24.0,24.0,24.0
2026-03-05,21.40587395240972,24.77210092,18.740260706,21.40587395240972,24.77210092,18.740260706,22.642436484875002,28.274824752,20.011105017,,,,24.0,24.0,24.0
2026-03-06,21.060058483722223,23.537460721,16.785231649,21.060058483722223,23.537460721,16.785231649,22.72757315767361,28.466987478,19.112313058,,,,24.0,24.0,24.0
2026-03-07,19.318634240368056,19.813805429,18.156562898,19.318634240368056,19.813805429,18.156562898,20.653664989038194,21.290109803,19.10373035,,,,24.0,24.0,24.0
2026-03-08,19.168804756350696,19.430822416,18.728052879,19.168804756350696,19.430822416,18.728052879,20.43274594861111,20.806377392,19.537263487,,,,24.0,24.0,24.0
2026-03-09,20.883847681201388,23.788778344,18.410217353,20.883847681201388,23.788778344,18.410217353,22.51917948611111,29.524084844,19.453146927,,,,24.0,24.0,24.0
2026-03-10,21.090460710677082,23.963550142,18.84683226,21.090460710677082,23.963550142,18.84683226,22.41698163195486,28.905657594,19.993960282,,,,24.0,24.0,24.0
2026-03-11,21.312085834472224,24.343232128,19.204889945,21.312085834472224,24.343232128,19.204889945,22.707706591947915,28.784722428,20.708815446,,,,24.0,24.0,24.0
2026-03-12,21.15288325653125,23.695221629,19.212689837,21.15288325653125,23.695221629,19.212689837,22.449291633211807,28.272577229,20.684467259,,,,24.0,24.0,24.0
2026-03-13,21.125188524552083,23.623229005,19.134059294,21.125188524552083,23.623229005,19.134059294,22.58835832967014,28.896147712,20.576558494,,,,24.0,24.0,24.0
2026-03-14,19.36441240959028,19.734397274,18.974922935,19.36441240959028,19.734397274,18.974922935,20.663257238190972,21.20847229,20.404292387,,,,24.0,24.0,24.0
2026-03-15,19.189825936576387,20.14233513,18.690471164,19.189825936576387,20.14233513,18.690471164,20.61235655370139,26.338650573,20.230753775,,,,24.0,24.0,24.0
2026-03-16,20.866237226336807,23.706193563,18.701955642,20.866237226336807,23.706193563,18.701955642,22.695934202670138,29.267209586,20.012435894,,,,24.0,24.0,24.0
2026-03-17,21.29202560873264,24.608469594,18.805601879,21.29202560873264,24.608469594,18.805601879,22.65269884076736,28.381057684,20.256684802,,,,24.0,24.0,24.0
2026-03-18,21.196226347086807,24.573661966,18.710369005,21.196226347086807,24.573661966,18.710369005,22.38845949923264,27.748723765,20.156512338,,,,24.0,24.0,24.0
2026-03-19,21.077150676694444,23.706888638,18.483630864,21.077150676694444,23.706888638,18.483630864,22.279019509309027,27.997783706,20.158680159,,,,24.0,24.0,24.0
2026-03-20,21.162791268135418,24.414857389,18.761851302,21.162791268135418,24.414857389,18.761851302,22.414064845572916,28.374248083,20.085776856,,,,24.0,24.0,24.0
2026-03-21,19.51035349340625,21.07745705,18.260020955,19.51035349340625,21.07745705,18.260020955,20.759188402836806,22.436812114,19.676238429,,,,24.0,24.0,24.0
2026-03-22,19.06654925921528,19.36404388,17.491358547,19.06654925921528,19.36404388,17.491358547,20.24488281229514,20.506601129,18.848732654,,,,24.0,24.0,24.0
2026-03-23,20.890935592229166,23.73117458,18.770149137,20.890935592229166,23.73117458,18.770149137,22.59604228965972,29.474015768,19.851425299,,,,24.0,24.0,24.0
2026-03-24,20.95979542176389,23.856178311,18.759607642,20.95979542176389,23.856178311,18.759607642,22.405784550208335,28.606097294,20.358396861,,,,24.0,24.0,24.0
2026-03-25,22.2005070508125,24.154498103,19.364956433,22.2005070508125,24.154498103,19.364956433,23.544296768409723,27.965691687,20.790108563,,,,24.0,24.0,24.0
2026-03-26,23.077905964913196,24.206687463,20.089774762,23.077905964913196,24.206687463,20.089774762,24.509085760274306,28.190165819,22.269002502,,,,24.0,24.0,24.0
2026-03-27,23.30959422064236,24.207046465,20.15212223,23.30959422064236,24.207046465,20.15212223,24.59595981806597,27.688763676,22.318512993,,,,24.0,24.0,24.0
2026-03-28,23.45005167994792,24.969928336,22.569700369,23.45005167994792,24.969928336,22.569700369,24.705753371854165,25.924133429,23.949458128,,,,24.0,24.0,24.0
2026-03-29,22.395726631496377,23.018749611,21.901736112,22.395726631496377,23.018749611,21.901736112,23.731695031652173,24.302862551,23.31260873,,,,24.0,24.0,24.0
2026-03-30,22.862288883829862,24.363029204,18.067717017,22.862288883829862,24.363029204,18.067717017,24.313543256677082,28.608897665,19.506252664,,,,24.0,24.0,24.0
2026-03-31,23.576953563261323,24.893213279,18.440670256,23.576953563261323,24.893213279,18.440670256,24.663780509456444,27.242951228,20.187721504,,,,24.0,24.0,24.0
